  0
SECTION
  2
HEADER
  9
$ACADVER
  1
AC1014
  9
$HANDSEED
  5
FFFF
  9
$INSUNITS
 70
     4
  9
$MEASUREMENT
 70
     1
  0
ENDSEC
  0
SECTION
  2
TABLES
  0
TABLE
  2
VPORT
  5
8
330
0
100
AcDbSymbolTable
 70
     4
  0
VPORT
  5
2E
330
8
100
AcDbSymbolTableRecord
100
AcDbViewportTableRecord
  2
*ACTIVE
 70
     0
 10
0.0
 20
0.0
 11
1.0
 21
1.0
 12
210.0
 22
148.5
 13
0.0
 23
0.0
 14
10.0
 24
10.0
 15
10.0
 25
10.0
 16
0.0
 26
0.0
 36
1.0
 17
0.0
 27
0.0
 37
0.0
 40
341.0
 41
1.24
 42
50.0
 43
0.0
 44
0.0
 50
0.0
 51
0.0
 71
     0
 72
   100
 73
     1
 74
     3
 75
     0
 76
     0
 77
     0
 78
     0
  0
ENDTAB
  0
TABLE
  2
LTYPE
  5
5
330
0
100
AcDbSymbolTable
 70
     1
  0
LTYPE
  5
14
330
5
100
AcDbSymbolTableRecord
100
AcDbLinetypeTableRecord
  2
BYBLOCK
 70
     0
  3

 72
    65
 73
     0
 40
0.0
  0
LTYPE
  5
15
330
5
100
AcDbSymbolTableRecord
100
AcDbLinetypeTableRecord
  2
BYLAYER
 70
     0
  3

 72
    65
 73
     0
 40
0.0
  0
LTYPE
  5
16
330
5
100
AcDbSymbolTableRecord
100
AcDbLinetypeTableRecord
  2
CONTINUOUS
 70
     0
  3
Solid line
 72
    65
 73
     0
 40
0.0
  0
ENDTAB
  0
TABLE
  2
LAYER
  5
2
100
AcDbSymbolTable
 70
1
  0
LAYER
  5
50
100
AcDbSymbolTableRecord
100
AcDbLayerTableRecord
  2
0
 70
0
  6
CONTINUOUS
  0
ENDTAB
  0
TABLE
  2
STYLE
  5
3
330
0
100
AcDbSymbolTable
 70
     1
  0
STYLE
  5
11
330
3
100
AcDbSymbolTableRecord
100
AcDbTextStyleTableRecord
  2
STANDARD
 70
     0
 40
0.0
 41
1.0
 50
0.0
 71
     0
 42
2.5
  3
txt
  4

  0
ENDTAB
  0
TABLE
  2
VIEW
  5
6
330
0
100
AcDbSymbolTable
 70
     0
  0
ENDTAB
  0
TABLE
  2
UCS
  5
7
330
0
100
AcDbSymbolTable
 70
     0
  0
ENDTAB
  0
TABLE
  2
APPID
  5
9
330
0
100
AcDbSymbolTable
 70
     2
  0
APPID
  5
12
330
9
100
AcDbSymbolTableRecord
100
AcDbRegAppTableRecord
  2
ACAD
 70
     0
  0
ENDTAB
  0
TABLE
  2
DIMSTYLE
  5
A
330
0
100
AcDbSymbolTable
 70
     1
  0
DIMSTYLE
105
27
330
A
100
AcDbSymbolTableRecord
100
AcDbDimStyleTableRecord
  2
ISO-25
 70
     0
  3

  4

  5

  6

  7

 40
1.0
 41
2.5
 42
0.625
 43
3.75
 44
1.25
 45
0.0
 46
0.0
 47
0.0
 48
0.0
140
2.5
141
2.5
142
0.0
143
0.03937007874016
144
1.0
145
0.0
146
1.0
147
0.625
 71
     0
 72
     0
 73
     0
 74
     0
 75
     0
 76
     0
 77
     1
 78
     8
170
     0
171
     3
172
     1
173
     0
174
     0
175
     0
176
     0
177
     0
178
     0
270
     2
271
     2
272
     2
273
     2
274
     3
340
11
275
     0
280
     0
281
     0
282
     0
283
     0
284
     8
285
     0
286
     0
287
     3
288
     0
  0
ENDTAB
  0
TABLE
  2
BLOCK_RECORD
  5
1
330
0
100
AcDbSymbolTable
 70
     1
  0
BLOCK_RECORD
  5
1F
330
1
100
AcDbSymbolTableRecord
100
AcDbBlockTableRecord
  2
*MODEL_SPACE
  0
BLOCK_RECORD
  5
1B
330
1
100
AcDbSymbolTableRecord
100
AcDbBlockTableRecord
  2
*PAPER_SPACE
  0
ENDTAB
  0
ENDSEC
  0
SECTION
  2
BLOCKS
  0
BLOCK
  5
20
330
1F
100
AcDbEntity
  8
0
100
AcDbBlockBegin
  2
*MODEL_SPACE
 70
     0
 10
0.0
 20
0.0
 30
0.0
  3
*MODEL_SPACE
  1

  0
ENDBLK
  5
21
330
1F
100
AcDbEntity
  8
0
100
AcDbBlockEnd
  0
BLOCK
  5
1C
330
1B
100
AcDbEntity
 67
     1
  8
0
100
AcDbBlockBegin
  2
*PAPER_SPACE
  1

  0
ENDBLK
  5
1D
330
1B
100
AcDbEntity
 67
     1
  8
0
100
AcDbBlockEnd
  0
ENDSEC
  0
SECTION
  2
ENTITIES
  0
LWPOLYLINE
  5
100
100
AcDbEntity
  8
0
 62
7
100
AcDbPolyline
 90
4
 70
1
 10
0.000000
 20
500.000000
 30
0.0
 10
500.000005
 20
500.000000
 30
0.0
 10
500.000005
 20
-0.000005
 30
0.0
 10
0.000000
 20
-0.000005
 30
0.0
  0
SPLINE
  5
101
100
AcDbEntity
  8
0
 62
7
100
AcDbSpline
 70
8
 71
3
 72
8
 73
4
 74
0
 40
0
 40
0
 40
0
 40
0
 40
1
 40
1
 40
1
 40
1
 10
121.793540
 20
406.254590
 30
0.0
 10
121.793540
 20
404.847783
 30
0.0
 10
121.283270
 20
403.750766
 30
0.0
 10
120.262729
 20
402.963539
 30
0.0
  0
SPLINE
  5
102
100
AcDbEntity
  8
0
 62
7
100
AcDbSpline
 70
8
 71
3
 72
8
 73
4
 74
0
 40
0
 40
0
 40
0
 40
0
 40
1
 40
1
 40
1
 40
1
 10
120.262729
 20
402.963539
 30
0.0
 10
119.242193
 20
402.176311
 30
0.0
 10
117.857177
 20
401.782698
 30
0.0
 10
116.107681
 20
401.782698
 30
0.0
  0
SPLINE
  5
103
100
AcDbEntity
  8
0
 62
7
100
AcDbSpline
 70
8
 71
3
 72
8
 73
4
 74
0
 40
0
 40
0
 40
0
 40
0
 40
1
 40
1
 40
1
 40
1
 10
116.107681
 20
401.782698
 30
0.0
 10
114.212393
 20
401.782698
 30
0.0
 10
112.754479
 20
402.026884
 30
0.0
 10
111.733939
 20
402.515255
 30
0.0
  0
LWPOLYLINE
  5
104
100
AcDbEntity
  8
0
 62
7
100
AcDbPolyline
 90
12
 70
1
 10
88.282187
 20
402.001371
 30
0.0
 10
79.370693
 20
402.001371
 30
0.0
 10
79.370693
 20
417.986480
 30
0.0
 10
88.282187
 20
417.986480
 30
0.0
 10
88.282187
 20
416.335485
 30
0.0
 10
81.229533
 20
416.335485
 30
0.0
 10
81.229533
 20
411.185699
 30
0.0
 10
87.855748
 20
411.185699
 30
0.0
 10
87.855748
 20
409.545642
 30
0.0
 10
81.229533
 20
409.545642
 30
0.0
 10
81.229533
 20
403.663298
 30
0.0
 10
88.282187
 20
403.663298
 30
0.0
  0
SPLINE
  5
105
100
AcDbEntity
  8
0
 62
7
100
AcDbSpline
 70
8
 71
3
 72
8
 73
4
 74
0
 40
0
 40
0
 40
0
 40
0
 40
1
 40
1
 40
1
 40
1
 10
111.733939
 20
404.308389
 30
0.0
 10
112.389999
 20
404.031399
 30
0.0
 10
113.104378
 20
403.812724
 30
0.0
 10
113.877074
 20
403.652365
 30
0.0
  0
SPLINE
  5
106
100
AcDbEntity
  8
0
 62
7
100
AcDbSpline
 70
8
 71
3
 72
8
 73
4
 74
0
 40
0
 40
0
 40
0
 40
0
 40
1
 40
1
 40
1
 40
1
 10
113.877074
 20
403.652365
 30
0.0
 10
114.649767
 20
403.492003
 30
0.0
 10
115.415171
 20
403.411822
 30
0.0
 10
116.173287
 20
403.411822
 30
0.0
  0
SPLINE
  5
107
100
AcDbEntity
  8
0
 62
7
100
AcDbSpline
 70
8
 71
3
 72
8
 73
4
 74
0
 40
0
 40
0
 40
0
 40
0
 40
1
 40
1
 40
1
 40
1
 10
116.173287
 20
403.411822
 30
0.0
 10
117.412511
 20
403.411822
 30
0.0
 10
118.345574
 20
403.645075
 30
0.0
 10
118.972478
 20
404.111582
 30
0.0
  0
SPLINE
  5
108
100
AcDbEntity
  8
0
 62
7
100
AcDbSpline
 70
8
 71
3
 72
8
 73
4
 74
0
 40
0
 40
0
 40
0
 40
0
 40
1
 40
1
 40
1
 40
1
 10
118.972478
 20
404.111582
 30
0.0
 10
119.599378
 20
404.585376
 30
0.0
 10
119.912829
 20
405.241400
 30
0.0
 10
119.912829
 20
406.079653
 30
0.0
  0
SPLINE
  5
109
100
AcDbEntity
  8
0
 62
7
100
AcDbSpline
 70
8
 71
3
 72
8
 73
4
 74
0
 40
0
 40
0
 40
0
 40
0
 40
1
 40
1
 40
1
 40
1
 10
119.912829
 20
406.079653
 30
0.0
 10
119.912829
 20
406.633627
 30
0.0
 10
119.799843
 20
407.085553
 30
0.0
 10
119.573871
 20
407.435431
 30
0.0
  0
SPLINE
  5
10a
100
AcDbEntity
  8
0
 62
7
100
AcDbSpline
 70
8
 71
3
 72
8
 73
4
 74
0
 40
0
 40
0
 40
0
 40
0
 40
1
 40
1
 40
1
 40
1
 10
119.573871
 20
407.435431
 30
0.0
 10
119.355180
 20
407.792601
 30
0.0
 10
118.983411
 20
408.120614
 30
0.0
 10
118.458562
 20
408.419469
 30
0.0
  0
SPLINE
  5
10b
100
AcDbEntity
  8
0
 62
7
100
AcDbSpline
 70
8
 71
3
 72
8
 73
4
 74
0
 40
0
 40
0
 40
0
 40
0
 40
1
 40
1
 40
1
 40
1
 10
118.458562
 20
408.419469
 30
0.0
 10
117.941005
 20
408.718321
 30
0.0
 10
117.150088
 20
409.057267
 30
0.0
 10
116.085811
 20
409.436305
 30
0.0
  0
SPLINE
  5
10c
100
AcDbEntity
  8
0
 62
7
100
AcDbSpline
 70
8
 71
3
 72
8
 73
4
 74
0
 40
0
 40
0
 40
0
 40
0
 40
1
 40
1
 40
1
 40
1
 10
116.085811
 20
409.436305
 30
0.0
 10
114.598739
 20
409.968411
 30
0.0
 10
113.534463
 20
410.598921
 30
0.0
 10
112.892983
 20
411.327838
 30
0.0
  0
SPLINE
  5
10d
100
AcDbEntity
  8
0
 62
7
100
AcDbSpline
 70
8
 71
3
 72
8
 73
4
 74
0
 40
0
 40
0
 40
0
 40
0
 40
1
 40
1
 40
1
 40
1
 10
112.892983
 20
411.327838
 30
0.0
 10
112.258791
 20
412.056754
 30
0.0
 10
111.941695
 20
413.007988
 30
0.0
 10
111.941695
 20
414.181539
 30
0.0
  0
SPLINE
  5
10e
100
AcDbEntity
  8
0
 62
7
100
AcDbSpline
 70
8
 71
3
 72
8
 73
4
 74
0
 40
0
 40
0
 40
0
 40
0
 40
1
 40
1
 40
1
 40
1
 10
111.941695
 20
414.181539
 30
0.0
 10
111.941695
 20
415.413407
 30
0.0
 10
112.404581
 20
416.393797
 30
0.0
 10
113.330355
 20
417.122710
 30
0.0
  0
SPLINE
  5
10f
100
AcDbEntity
  8
0
 62
7
100
AcDbSpline
 70
8
 71
3
 72
8
 73
4
 74
0
 40
0
 40
0
 40
0
 40
0
 40
1
 40
1
 40
1
 40
1
 10
113.330355
 20
417.122710
 30
0.0
 10
114.256129
 20
417.851627
 30
0.0
 10
115.480775
 20
418.216085
 30
0.0
 10
117.004296
 20
418.216085
 30
0.0
  0
SPLINE
  5
110
100
AcDbEntity
  8
0
 62
7
100
AcDbSpline
 70
8
 71
3
 72
8
 73
4
 74
0
 40
0
 40
0
 40
0
 40
0
 40
1
 40
1
 40
1
 40
1
 10
117.004296
 20
418.216085
 30
0.0
 10
118.593422
 20
418.216085
 30
0.0
 10
120.054979
 20
417.924520
 30
0.0
 10
121.388965
 20
417.341389
 30
0.0
  0
LWPOLYLINE
  5
111
100
AcDbEntity
  8
0
 62
7
100
AcDbPolyline
 90
2
 70
0
 10
111.733939
 20
402.515255
 30
0.0
 10
111.733939
 20
404.308389
 30
0.0
  0
SPLINE
  5
112
100
AcDbEntity
  8
0
 62
7
100
AcDbSpline
 70
8
 71
3
 72
8
 73
4
 74
0
 40
0
 40
0
 40
0
 40
0
 40
1
 40
1
 40
1
 40
1
 10
120.809449
 20
415.723197
 30
0.0
 10
119.490038
 20
416.277171
 30
0.0
 10
118.207076
 20
416.554158
 30
0.0
 10
116.960560
 20
416.554158
 30
0.0
  0
SPLINE
  5
113
100
AcDbEntity
  8
0
 62
7
100
AcDbSpline
 70
8
 71
3
 72
8
 73
4
 74
0
 40
0
 40
0
 40
0
 40
0
 40
1
 40
1
 40
1
 40
1
 10
116.960560
 20
416.554158
 30
0.0
 10
115.976469
 20
416.554158
 30
0.0
 10
115.207419
 20
416.342773
 30
0.0
 10
114.653409
 20
415.920005
 30
0.0
  0
SPLINE
  5
114
100
AcDbEntity
  8
0
 62
7
100
AcDbSpline
 70
8
 71
3
 72
8
 73
4
 74
0
 40
0
 40
0
 40
0
 40
0
 40
1
 40
1
 40
1
 40
1
 10
114.653409
 20
415.920005
 30
0.0
 10
114.099403
 20
415.497232
 30
0.0
 10
113.822401
 20
414.910455
 30
0.0
 10
113.822401
 20
414.159673
 30
0.0
  0
SPLINE
  5
115
100
AcDbEntity
  8
0
 62
7
100
AcDbSpline
 70
8
 71
3
 72
8
 73
4
 74
0
 40
0
 40
0
 40
0
 40
0
 40
1
 40
1
 40
1
 40
1
 10
113.822401
 20
414.159673
 30
0.0
 10
113.822401
 20
413.605699
 30
0.0
 10
113.924454
 20
413.150127
 30
0.0
 10
114.128561
 20
412.792958
 30
0.0
  0
SPLINE
  5
116
100
AcDbEntity
  8
0
 62
7
100
AcDbSpline
 70
8
 71
3
 72
8
 73
4
 74
0
 40
0
 40
0
 40
0
 40
0
 40
1
 40
1
 40
1
 40
1
 10
114.128561
 20
412.792958
 30
0.0
 10
114.332671
 20
412.443080
 30
0.0
 10
114.675281
 20
412.118713
 30
0.0
 10
115.156393
 20
411.819857
 30
0.0
  0
SPLINE
  5
117
100
AcDbEntity
  8
0
 62
7
100
AcDbSpline
 70
8
 71
3
 72
8
 73
4
 74
0
 40
0
 40
0
 40
0
 40
0
 40
1
 40
1
 40
1
 40
1
 10
115.156393
 20
411.819857
 30
0.0
 10
115.644792
 20
411.528290
 30
0.0
 10
116.388328
 20
411.203923
 30
0.0
 10
117.387000
 20
410.846757
 30
0.0
  0
SPLINE
  5
118
100
AcDbEntity
  8
0
 62
7
100
AcDbSpline
 70
8
 71
3
 72
8
 73
4
 74
0
 40
0
 40
0
 40
0
 40
0
 40
1
 40
1
 40
1
 40
1
 10
117.387000
 20
410.846757
 30
0.0
 10
119.063597
 20
410.249045
 30
0.0
 10
120.215348
 20
409.607600
 30
0.0
 10
120.842252
 20
408.922421
 30
0.0
  0
SPLINE
  5
119
100
AcDbEntity
  8
0
 62
7
100
AcDbSpline
 70
8
 71
3
 72
8
 73
4
 74
0
 40
0
 40
0
 40
0
 40
0
 40
1
 40
1
 40
1
 40
1
 10
120.842252
 20
408.922421
 30
0.0
 10
121.476444
 20
408.237238
 30
0.0
 10
121.793540
 20
407.347961
 30
0.0
 10
121.793540
 20
406.254590
 30
0.0
  0
LWPOLYLINE
  5
11a
100
AcDbEntity
  8
0
 62
7
100
AcDbPolyline
 90
2
 70
0
 10
121.388965
 20
417.341389
 30
0.0
 10
120.809449
 20
415.723197
 30
0.0
  0
LWPOLYLINE
  5
11b
100
AcDbEntity
  8
0
 62
7
100
AcDbPolyline
 90
1
 70
1
 10
121.793540
 20
406.254590
 30
0.0
  0
SPLINE
  5
11c
100
AcDbEntity
  8
0
 62
7
100
AcDbSpline
 70
8
 71
3
 72
8
 73
4
 74
0
 40
0
 40
0
 40
0
 40
0
 40
1
 40
1
 40
1
 40
1
 10
221.753546
 20
406.254590
 30
0.0
 10
221.753546
 20
404.847783
 30
0.0
 10
221.243278
 20
403.750766
 30
0.0
 10
220.222741
 20
402.963539
 30
0.0
  0
SPLINE
  5
11d
100
AcDbEntity
  8
0
 62
7
100
AcDbSpline
 70
8
 71
3
 72
8
 73
4
 74
0
 40
0
 40
0
 40
0
 40
0
 40
1
 40
1
 40
1
 40
1
 10
220.222741
 20
402.963539
 30
0.0
 10
219.202201
 20
402.176311
 30
0.0
 10
217.817183
 20
401.782698
 30
0.0
 10
216.067688
 20
401.782698
 30
0.0
  0
SPLINE
  5
11e
100
AcDbEntity
  8
0
 62
7
100
AcDbSpline
 70
8
 71
3
 72
8
 73
4
 74
0
 40
0
 40
0
 40
0
 40
0
 40
1
 40
1
 40
1
 40
1
 10
216.067688
 20
401.782698
 30
0.0
 10
214.172400
 20
401.782698
 30
0.0
 10
212.714487
 20
402.026884
 30
0.0
 10
211.693950
 20
402.515255
 30
0.0
  0
LWPOLYLINE
  5
11f
100
AcDbEntity
  8
0
 62
7
100
AcDbPolyline
 90
4
 70
1
 10
182.436056
 20
402.001371
 30
0.0
 10
182.436056
 20
417.986480
 30
0.0
 10
184.294896
 20
417.986480
 30
0.0
 10
184.294896
 20
402.001371
 30
0.0
  0
SPLINE
  5
120
100
AcDbEntity
  8
0
 62
7
100
AcDbSpline
 70
8
 71
3
 72
8
 73
4
 74
0
 40
0
 40
0
 40
0
 40
0
 40
1
 40
1
 40
1
 40
1
 10
211.693950
 20
404.308389
 30
0.0
 10
212.350011
 20
404.031399
 30
0.0
 10
213.064390
 20
403.812724
 30
0.0
 10
213.837086
 20
403.652365
 30
0.0
  0
SPLINE
  5
121
100
AcDbEntity
  8
0
 62
7
100
AcDbSpline
 70
8
 71
3
 72
8
 73
4
 74
0
 40
0
 40
0
 40
0
 40
0
 40
1
 40
1
 40
1
 40
1
 10
213.837086
 20
403.652365
 30
0.0
 10
214.609779
 20
403.492003
 30
0.0
 10
215.375181
 20
403.411822
 30
0.0
 10
216.133294
 20
403.411822
 30
0.0
  0
SPLINE
  5
122
100
AcDbEntity
  8
0
 62
7
100
AcDbSpline
 70
8
 71
3
 72
8
 73
4
 74
0
 40
0
 40
0
 40
0
 40
0
 40
1
 40
1
 40
1
 40
1
 10
216.133294
 20
403.411822
 30
0.0
 10
217.372521
 20
403.411822
 30
0.0
 10
218.305586
 20
403.645075
 30
0.0
 10
218.932490
 20
404.111582
 30
0.0
  0
SPLINE
  5
123
100
AcDbEntity
  8
0
 62
7
100
AcDbSpline
 70
8
 71
3
 72
8
 73
4
 74
0
 40
0
 40
0
 40
0
 40
0
 40
1
 40
1
 40
1
 40
1
 10
218.932490
 20
404.111582
 30
0.0
 10
219.559390
 20
404.585376
 30
0.0
 10
219.872840
 20
405.241400
 30
0.0
 10
219.872840
 20
406.079653
 30
0.0
  0
SPLINE
  5
124
100
AcDbEntity
  8
0
 62
7
100
AcDbSpline
 70
8
 71
3
 72
8
 73
4
 74
0
 40
0
 40
0
 40
0
 40
0
 40
1
 40
1
 40
1
 40
1
 10
219.872840
 20
406.079653
 30
0.0
 10
219.872840
 20
406.633627
 30
0.0
 10
219.759853
 20
407.085553
 30
0.0
 10
219.533877
 20
407.435431
 30
0.0
  0
SPLINE
  5
125
100
AcDbEntity
  8
0
 62
7
100
AcDbSpline
 70
8
 71
3
 72
8
 73
4
 74
0
 40
0
 40
0
 40
0
 40
0
 40
1
 40
1
 40
1
 40
1
 10
219.533877
 20
407.435431
 30
0.0
 10
219.315187
 20
407.792601
 30
0.0
 10
218.943419
 20
408.120614
 30
0.0
 10
218.418574
 20
408.419469
 30
0.0
  0
SPLINE
  5
126
100
AcDbEntity
  8
0
 62
7
100
AcDbSpline
 70
8
 71
3
 72
8
 73
4
 74
0
 40
0
 40
0
 40
0
 40
0
 40
1
 40
1
 40
1
 40
1
 10
218.418574
 20
408.419469
 30
0.0
 10
217.901014
 20
408.718321
 30
0.0
 10
217.110095
 20
409.057267
 30
0.0
 10
216.045817
 20
409.436305
 30
0.0
  0
SPLINE
  5
127
100
AcDbEntity
  8
0
 62
7
100
AcDbSpline
 70
8
 71
3
 72
8
 73
4
 74
0
 40
0
 40
0
 40
0
 40
0
 40
1
 40
1
 40
1
 40
1
 10
216.045817
 20
409.436305
 30
0.0
 10
214.558746
 20
409.968411
 30
0.0
 10
213.494470
 20
410.598921
 30
0.0
 10
212.852990
 20
411.327838
 30
0.0
  0
SPLINE
  5
128
100
AcDbEntity
  8
0
 62
7
100
AcDbSpline
 70
8
 71
3
 72
8
 73
4
 74
0
 40
0
 40
0
 40
0
 40
0
 40
1
 40
1
 40
1
 40
1
 10
212.852990
 20
411.327838
 30
0.0
 10
212.218797
 20
412.056754
 30
0.0
 10
211.901701
 20
413.007988
 30
0.0
 10
211.901701
 20
414.181539
 30
0.0
  0
SPLINE
  5
129
100
AcDbEntity
  8
0
 62
7
100
AcDbSpline
 70
8
 71
3
 72
8
 73
4
 74
0
 40
0
 40
0
 40
0
 40
0
 40
1
 40
1
 40
1
 40
1
 10
211.901701
 20
414.181539
 30
0.0
 10
211.901701
 20
415.413407
 30
0.0
 10
212.364590
 20
416.393797
 30
0.0
 10
213.290367
 20
417.122710
 30
0.0
  0
SPLINE
  5
12a
100
AcDbEntity
  8
0
 62
7
100
AcDbSpline
 70
8
 71
3
 72
8
 73
4
 74
0
 40
0
 40
0
 40
0
 40
0
 40
1
 40
1
 40
1
 40
1
 10
213.290367
 20
417.122710
 30
0.0
 10
214.216141
 20
417.851627
 30
0.0
 10
215.440786
 20
418.216085
 30
0.0
 10
216.964302
 20
418.216085
 30
0.0
  0
SPLINE
  5
12b
100
AcDbEntity
  8
0
 62
7
100
AcDbSpline
 70
8
 71
3
 72
8
 73
4
 74
0
 40
0
 40
0
 40
0
 40
0
 40
1
 40
1
 40
1
 40
1
 10
216.964302
 20
418.216085
 30
0.0
 10
218.553429
 20
418.216085
 30
0.0
 10
220.014987
 20
417.924520
 30
0.0
 10
221.348977
 20
417.341389
 30
0.0
  0
LWPOLYLINE
  5
12c
100
AcDbEntity
  8
0
 62
7
100
AcDbPolyline
 90
2
 70
0
 10
211.693950
 20
402.515255
 30
0.0
 10
211.693950
 20
404.308389
 30
0.0
  0
SPLINE
  5
12d
100
AcDbEntity
  8
0
 62
7
100
AcDbSpline
 70
8
 71
3
 72
8
 73
4
 74
0
 40
0
 40
0
 40
0
 40
0
 40
1
 40
1
 40
1
 40
1
 10
220.769460
 20
415.723197
 30
0.0
 10
219.450047
 20
416.277171
 30
0.0
 10
218.167082
 20
416.554158
 30
0.0
 10
216.920567
 20
416.554158
 30
0.0
  0
SPLINE
  5
12e
100
AcDbEntity
  8
0
 62
7
100
AcDbSpline
 70
8
 71
3
 72
8
 73
4
 74
0
 40
0
 40
0
 40
0
 40
0
 40
1
 40
1
 40
1
 40
1
 10
216.920567
 20
416.554158
 30
0.0
 10
215.936475
 20
416.554158
 30
0.0
 10
215.167427
 20
416.342773
 30
0.0
 10
214.613421
 20
415.920005
 30
0.0
  0
SPLINE
  5
12f
100
AcDbEntity
  8
0
 62
7
100
AcDbSpline
 70
8
 71
3
 72
8
 73
4
 74
0
 40
0
 40
0
 40
0
 40
0
 40
1
 40
1
 40
1
 40
1
 10
214.613421
 20
415.920005
 30
0.0
 10
214.059412
 20
415.497232
 30
0.0
 10
213.782407
 20
414.910455
 30
0.0
 10
213.782407
 20
414.159673
 30
0.0
  0
SPLINE
  5
130
100
AcDbEntity
  8
0
 62
7
100
AcDbSpline
 70
8
 71
3
 72
8
 73
4
 74
0
 40
0
 40
0
 40
0
 40
0
 40
1
 40
1
 40
1
 40
1
 10
213.782407
 20
414.159673
 30
0.0
 10
213.782407
 20
413.605699
 30
0.0
 10
213.884462
 20
413.150127
 30
0.0
 10
214.088573
 20
412.792958
 30
0.0
  0
SPLINE
  5
131
100
AcDbEntity
  8
0
 62
7
100
AcDbSpline
 70
8
 71
3
 72
8
 73
4
 74
0
 40
0
 40
0
 40
0
 40
0
 40
1
 40
1
 40
1
 40
1
 10
214.088573
 20
412.792958
 30
0.0
 10
214.292683
 20
412.443080
 30
0.0
 10
214.635292
 20
412.118713
 30
0.0
 10
215.116399
 20
411.819857
 30
0.0
  0
SPLINE
  5
132
100
AcDbEntity
  8
0
 62
7
100
AcDbSpline
 70
8
 71
3
 72
8
 73
4
 74
0
 40
0
 40
0
 40
0
 40
0
 40
1
 40
1
 40
1
 40
1
 10
215.116399
 20
411.819857
 30
0.0
 10
215.604799
 20
411.528290
 30
0.0
 10
216.348335
 20
411.203923
 30
0.0
 10
217.347006
 20
410.846757
 30
0.0
  0
SPLINE
  5
133
100
AcDbEntity
  8
0
 62
7
100
AcDbSpline
 70
8
 71
3
 72
8
 73
4
 74
0
 40
0
 40
0
 40
0
 40
0
 40
1
 40
1
 40
1
 40
1
 10
217.347006
 20
410.846757
 30
0.0
 10
219.023607
 20
410.249045
 30
0.0
 10
220.175358
 20
409.607600
 30
0.0
 10
220.802258
 20
408.922421
 30
0.0
  0
SPLINE
  5
134
100
AcDbEntity
  8
0
 62
7
100
AcDbSpline
 70
8
 71
3
 72
8
 73
4
 74
0
 40
0
 40
0
 40
0
 40
0
 40
1
 40
1
 40
1
 40
1
 10
220.802258
 20
408.922421
 30
0.0
 10
221.436450
 20
408.237238
 30
0.0
 10
221.753546
 20
407.347961
 30
0.0
 10
221.753546
 20
406.254590
 30
0.0
  0
LWPOLYLINE
  5
135
100
AcDbEntity
  8
0
 62
7
100
AcDbPolyline
 90
2
 70
0
 10
221.348977
 20
417.341389
 30
0.0
 10
220.769460
 20
415.723197
 30
0.0
  0
SPLINE
  5
136
100
AcDbEntity
  8
0
 62
7
100
AcDbSpline
 70
8
 71
3
 72
8
 73
4
 74
0
 40
0
 40
0
 40
0
 40
0
 40
1
 40
1
 40
1
 40
1
 10
251.979134
 20
416.554158
 30
0.0
 10
250.222346
 20
416.554158
 30
0.0
 10
248.833684
 20
415.967381
 30
0.0
 10
247.813147
 20
414.793827
 30
0.0
  0
SPLINE
  5
137
100
AcDbEntity
  8
0
 62
7
100
AcDbSpline
 70
8
 71
3
 72
8
 73
4
 74
0
 40
0
 40
0
 40
0
 40
0
 40
1
 40
1
 40
1
 40
1
 10
247.813147
 20
414.793827
 30
0.0
 10
246.799899
 20
413.627565
 30
0.0
 10
246.293275
 20
412.027597
 30
0.0
 10
246.293275
 20
409.993925
 30
0.0
  0
SPLINE
  5
138
100
AcDbEntity
  8
0
 62
7
100
AcDbSpline
 70
8
 71
3
 72
8
 73
4
 74
0
 40
0
 40
0
 40
0
 40
0
 40
1
 40
1
 40
1
 40
1
 10
246.293275
 20
409.993925
 30
0.0
 10
246.293275
 20
407.901939
 30
0.0
 10
246.781676
 20
406.283747
 30
0.0
 10
247.758479
 20
405.139350
 30
0.0
  0
SPLINE
  5
139
100
AcDbEntity
  8
0
 62
7
100
AcDbSpline
 70
8
 71
3
 72
8
 73
4
 74
0
 40
0
 40
0
 40
0
 40
0
 40
1
 40
1
 40
1
 40
1
 10
247.758479
 20
405.139350
 30
0.0
 10
248.742567
 20
404.002242
 30
0.0
 10
250.142162
 20
403.433687
 30
0.0
 10
251.957263
 20
403.433687
 30
0.0
  0
SPLINE
  5
13a
100
AcDbEntity
  8
0
 62
7
100
AcDbSpline
 70
8
 71
3
 72
8
 73
4
 74
0
 40
0
 40
0
 40
0
 40
0
 40
1
 40
1
 40
1
 40
1
 10
251.957263
 20
403.433687
 30
0.0
 10
253.072567
 20
403.433687
 30
0.0
 10
254.344597
 20
403.634139
 30
0.0
 10
255.773354
 20
404.035043
 30
0.0
  0
LWPOLYLINE
  5
13b
100
AcDbEntity
  8
0
 62
7
100
AcDbPolyline
 90
1
 70
1
 10
221.753546
 20
406.254590
 30
0.0
  0
SPLINE
  5
13c
100
AcDbEntity
  8
0
 62
7
100
AcDbSpline
 70
8
 71
3
 72
8
 73
4
 74
0
 40
0
 40
0
 40
0
 40
0
 40
1
 40
1
 40
1
 40
1
 10
255.773354
 20
402.405919
 30
0.0
 10
254.665339
 20
401.990438
 30
0.0
 10
253.298545
 20
401.782698
 30
0.0
 10
251.672974
 20
401.782698
 30
0.0
  0
SPLINE
  5
13d
100
AcDbEntity
  8
0
 62
7
100
AcDbSpline
 70
8
 71
3
 72
8
 73
4
 74
0
 40
0
 40
0
 40
0
 40
0
 40
1
 40
1
 40
1
 40
1
 10
251.672974
 20
401.782698
 30
0.0
 10
249.318443
 20
401.782698
 30
0.0
 10
247.499695
 20
402.497034
 30
0.0
 10
246.216731
 20
403.925706
 30
0.0
  0
SPLINE
  5
13e
100
AcDbEntity
  8
0
 62
7
100
AcDbSpline
 70
8
 71
3
 72
8
 73
4
 74
0
 40
0
 40
0
 40
0
 40
0
 40
1
 40
1
 40
1
 40
1
 10
246.216731
 20
403.925706
 30
0.0
 10
244.941058
 20
405.354379
 30
0.0
 10
244.303222
 20
407.384407
 30
0.0
 10
244.303222
 20
410.015790
 30
0.0
  0
SPLINE
  5
13f
100
AcDbEntity
  8
0
 62
7
100
AcDbSpline
 70
8
 71
3
 72
8
 73
4
 74
0
 40
0
 40
0
 40
0
 40
0
 40
1
 40
1
 40
1
 40
1
 10
244.303222
 20
410.015790
 30
0.0
 10
244.303222
 20
411.663139
 30
0.0
 10
244.609384
 20
413.106392
 30
0.0
 10
245.221707
 20
414.345549
 30
0.0
  0
SPLINE
  5
140
100
AcDbEntity
  8
0
 62
7
100
AcDbSpline
 70
8
 71
3
 72
8
 73
4
 74
0
 40
0
 40
0
 40
0
 40
0
 40
1
 40
1
 40
1
 40
1
 10
245.221707
 20
414.345549
 30
0.0
 10
245.841319
 20
415.584702
 30
0.0
 10
246.730645
 20
416.539579
 30
0.0
 10
247.889686
 20
417.210182
 30
0.0
  0
SPLINE
  5
141
100
AcDbEntity
  8
0
 62
7
100
AcDbSpline
 70
8
 71
3
 72
8
 73
4
 74
0
 40
0
 40
0
 40
0
 40
0
 40
1
 40
1
 40
1
 40
1
 10
247.889686
 20
417.210182
 30
0.0
 10
249.056019
 20
417.880784
 30
0.0
 10
250.426456
 20
418.216085
 30
0.0
 10
252.000999
 20
418.216085
 30
0.0
  0
SPLINE
  5
142
100
AcDbEntity
  8
0
 62
7
100
AcDbSpline
 70
8
 71
3
 72
8
 73
4
 74
0
 40
0
 40
0
 40
0
 40
0
 40
1
 40
1
 40
1
 40
1
 10
252.000999
 20
418.216085
 30
0.0
 10
253.677600
 20
418.216085
 30
0.0
 10
255.142802
 20
417.909941
 30
0.0
 10
256.396606
 20
417.297653
 30
0.0
  0
LWPOLYLINE
  5
143
100
AcDbEntity
  8
0
 62
7
100
AcDbPolyline
 90
2
 70
0
 10
255.773354
 20
404.035043
 30
0.0
 10
255.773354
 20
402.405919
 30
0.0
  0
SPLINE
  5
144
100
AcDbEntity
  8
0
 62
7
100
AcDbSpline
 70
8
 71
3
 72
8
 73
4
 74
0
 40
0
 40
0
 40
0
 40
0
 40
1
 40
1
 40
1
 40
1
 10
255.609339
 20
415.701326
 30
0.0
 10
254.399269
 20
416.269881
 30
0.0
 10
253.189200
 20
416.554158
 30
0.0
 10
251.979134
 20
416.554158
 30
0.0
  0
LWPOLYLINE
  5
145
100
AcDbEntity
  8
0
 62
7
100
AcDbPolyline
 90
2
 70
0
 10
256.396606
 20
417.297653
 30
0.0
 10
255.609339
 20
415.701326
 30
0.0
  0
LWPOLYLINE
  5
146
100
AcDbEntity
  8
0
 62
7
100
AcDbPolyline
 90
1
 70
1
 10
251.979134
 20
416.554158
 30
0.0
  0
LWPOLYLINE
  5
147
100
AcDbEntity
  8
0
 62
7
100
AcDbPolyline
 90
12
 70
1
 10
289.394053
 20
402.001371
 30
0.0
 10
287.535223
 20
402.001371
 30
0.0
 10
287.535223
 20
409.523771
 30
0.0
 10
279.115785
 20
409.523771
 30
0.0
 10
279.115785
 20
402.001371
 30
0.0
 10
277.256954
 20
402.001371
 30
0.0
 10
277.256954
 20
417.986480
 30
0.0
 10
279.115785
 20
417.986480
 30
0.0
 10
279.115785
 20
411.185699
 30
0.0
 10
287.535223
 20
411.185699
 30
0.0
 10
287.535223
 20
417.986480
 30
0.0
 10
289.394053
 20
417.986480
 30
0.0
  0
SPLINE
  5
148
100
AcDbEntity
  8
0
 62
7
100
AcDbSpline
 70
8
 71
3
 72
8
 73
4
 74
0
 40
0
 40
0
 40
0
 40
0
 40
1
 40
1
 40
1
 40
1
 10
317.361676
 20
412.705486
 30
0.0
 10
317.208588
 20
413.179281
 30
0.0
 10
317.037279
 20
413.776992
 30
0.0
 10
316.847749
 20
414.498621
 30
0.0
  0
SPLINE
  5
149
100
AcDbEntity
  8
0
 62
7
100
AcDbSpline
 70
8
 71
3
 72
8
 73
4
 74
0
 40
0
 40
0
 40
0
 40
0
 40
1
 40
1
 40
1
 40
1
 10
316.847749
 20
414.498621
 30
0.0
 10
316.658237
 20
415.220245
 30
0.0
 10
316.559830
 20
415.653948
 30
0.0
 10
316.552527
 20
415.799730
 30
0.0
  0
SPLINE
  5
14a
100
AcDbEntity
  8
0
 62
7
100
AcDbSpline
 70
8
 71
3
 72
8
 73
4
 74
0
 40
0
 40
0
 40
0
 40
0
 40
1
 40
1
 40
1
 40
1
 10
316.552527
 20
415.799730
 30
0.0
 10
316.392154
 20
414.837564
 30
0.0
 10
316.137025
 20
413.784283
 30
0.0
 10
315.787140
 20
412.639886
 30
0.0
  0
LWPOLYLINE
  5
14b
100
AcDbEntity
  8
0
 62
7
100
AcDbPolyline
 90
3
 70
0
 10
322.424266
 20
402.001371
 30
0.0
 10
320.587317
 20
402.001371
 30
0.0
 10
317.361676
 20
412.705486
 30
0.0
  0
SPLINE
  5
14c
100
AcDbEntity
  8
0
 62
7
100
AcDbSpline
 70
8
 71
3
 72
8
 73
4
 74
0
 40
0
 40
0
 40
0
 40
0
 40
1
 40
1
 40
1
 40
1
 10
311.063481
 20
408.113325
 30
0.0
 10
311.413384
 20
406.728387
 30
0.0
 10
311.668522
 20
405.474651
 30
0.0
 10
311.828894
 20
404.352120
 30
0.0
  0
SPLINE
  5
14d
100
AcDbEntity
  8
0
 62
7
100
AcDbSpline
 70
8
 71
3
 72
8
 73
4
 74
0
 40
0
 40
0
 40
0
 40
0
 40
1
 40
1
 40
1
 40
1
 10
311.828894
 20
404.352120
 30
0.0
 10
312.025709
 20
405.686036
 30
0.0
 10
312.317289
 20
406.990795
 30
0.0
 10
312.703633
 20
408.266397
 30
0.0
  0
LWPOLYLINE
  5
14e
100
AcDbEntity
  8
0
 62
7
100
AcDbPolyline
 90
6
 70
0
 10
315.787140
 20
412.639886
 30
0.0
 10
312.659898
 20
402.001371
 30
0.0
 10
310.822949
 20
402.001371
 30
0.0
 10
306.569480
 20
417.986480
 30
0.0
 10
308.537663
 20
417.986480
 30
0.0
 10
311.063481
 20
408.113325
 30
0.0
  0
SPLINE
  5
14f
100
AcDbEntity
  8
0
 62
7
100
AcDbSpline
 70
8
 71
3
 72
8
 73
4
 74
0
 40
0
 40
0
 40
0
 40
0
 40
1
 40
1
 40
1
 40
1
 10
320.543581
 20
408.178926
 30
0.0
 10
320.893466
 20
407.049106
 30
0.0
 10
321.188689
 20
405.773504
 30
0.0
 10
321.429248
 20
404.352120
 30
0.0
  0
SPLINE
  5
150
100
AcDbEntity
  8
0
 62
7
100
AcDbSpline
 70
8
 71
3
 72
8
 73
4
 74
0
 40
0
 40
0
 40
0
 40
0
 40
1
 40
1
 40
1
 40
1
 10
321.429248
 20
404.352120
 30
0.0
 10
321.567748
 20
405.387180
 30
0.0
 10
321.830171
 20
406.648204
 30
0.0
 10
322.216515
 20
408.135190
 30
0.0
  0
LWPOLYLINE
  5
151
100
AcDbEntity
  8
0
 62
7
100
AcDbPolyline
 90
4
 70
0
 10
312.703633
 20
408.266397
 30
0.0
 10
315.568436
 20
417.986480
 30
0.0
 10
317.536618
 20
417.986480
 30
0.0
 10
320.543581
 20
408.178926
 30
0.0
  0
LWPOLYLINE
  5
152
100
AcDbEntity
  8
0
 62
7
100
AcDbPolyline
 90
4
 70
0
 10
322.216515
 20
408.135190
 30
0.0
 10
324.731433
 20
417.986480
 30
0.0
 10
326.699615
 20
417.986480
 30
0.0
 10
322.424266
 20
402.001371
 30
0.0
  0
LWPOLYLINE
  5
153
100
AcDbEntity
  8
0
 62
7
100
AcDbPolyline
 90
10
 70
1
 10
348.237810
 20
402.001371
 30
0.0
 10
346.378980
 20
402.001371
 30
0.0
 10
346.378980
 20
417.986480
 30
0.0
 10
355.290464
 20
417.986480
 30
0.0
 10
355.290464
 20
416.335485
 30
0.0
 10
348.237810
 20
416.335485
 30
0.0
 10
348.237810
 20
410.485939
 30
0.0
 10
354.864035
 20
410.485939
 30
0.0
 10
354.864035
 20
408.834950
 30
0.0
 10
348.237810
 20
408.834950
 30
0.0
  0
SPLINE
  5
154
100
AcDbEntity
  8
0
 62
7
100
AcDbSpline
 70
8
 71
3
 72
8
 73
4
 74
0
 40
0
 40
0
 40
0
 40
0
 40
1
 40
1
 40
1
 40
1
 10
389.397796
 20
407.643171
 30
0.0
 10
389.397796
 20
405.820883
 30
0.0
 10
388.847427
 20
404.388567
 30
0.0
 10
387.746690
 20
403.346221
 30
0.0
  0
SPLINE
  5
155
100
AcDbEntity
  8
0
 62
7
100
AcDbSpline
 70
8
 71
3
 72
8
 73
4
 74
0
 40
0
 40
0
 40
0
 40
0
 40
1
 40
1
 40
1
 40
1
 10
387.746690
 20
403.346221
 30
0.0
 10
386.645970
 20
402.303872
 30
0.0
 10
385.133391
 20
401.782698
 30
0.0
 10
383.208953
 20
401.782698
 30
0.0
  0
SPLINE
  5
156
100
AcDbEntity
  8
0
 62
7
100
AcDbSpline
 70
8
 71
3
 72
8
 73
4
 74
0
 40
0
 40
0
 40
0
 40
0
 40
1
 40
1
 40
1
 40
1
 10
383.208953
 20
401.782698
 30
0.0
 10
381.284498
 20
401.782698
 30
0.0
 10
379.793773
 20
402.307517
 30
0.0
 10
378.736781
 20
403.357154
 30
0.0
  0
SPLINE
  5
157
100
AcDbEntity
  8
0
 62
7
100
AcDbSpline
 70
8
 71
3
 72
8
 73
4
 74
0
 40
0
 40
0
 40
0
 40
0
 40
1
 40
1
 40
1
 40
1
 10
378.736781
 20
403.357154
 30
0.0
 10
377.687090
 20
404.406791
 30
0.0
 10
377.162245
 20
405.850042
 30
0.0
 10
377.162245
 20
407.686907
 30
0.0
  0
LWPOLYLINE
  5
158
100
AcDbEntity
  8
0
 62
7
100
AcDbPolyline
 90
2
 70
0
 10
389.397796
 20
417.986480
 30
0.0
 10
389.397796
 20
407.643171
 30
0.0
  0
SPLINE
  5
159
100
AcDbEntity
  8
0
 62
7
100
AcDbSpline
 70
8
 71
3
 72
8
 73
4
 74
0
 40
0
 40
0
 40
0
 40
0
 40
1
 40
1
 40
1
 40
1
 10
379.021102
 20
407.555705
 30
0.0
 10
379.021102
 20
406.221789
 30
0.0
 10
379.385574
 20
405.197663
 30
0.0
 10
380.114519
 20
404.483326
 30
0.0
  0
SPLINE
  5
15a
100
AcDbEntity
  8
0
 62
7
100
AcDbSpline
 70
8
 71
3
 72
8
 73
4
 74
0
 40
0
 40
0
 40
0
 40
0
 40
1
 40
1
 40
1
 40
1
 10
380.114519
 20
404.483326
 30
0.0
 10
380.843481
 20
403.768990
 30
0.0
 10
381.915053
 20
403.411822
 30
0.0
 10
383.329233
 20
403.411822
 30
0.0
  0
SPLINE
  5
15b
100
AcDbEntity
  8
0
 62
7
100
AcDbSpline
 70
8
 71
3
 72
8
 73
4
 74
0
 40
0
 40
0
 40
0
 40
0
 40
1
 40
1
 40
1
 40
1
 10
383.329233
 20
403.411822
 30
0.0
 10
384.677797
 20
403.411822
 30
0.0
 10
385.716560
 20
403.768990
 30
0.0
 10
386.445522
 20
404.483326
 30
0.0
  0
SPLINE
  5
15c
100
AcDbEntity
  8
0
 62
7
100
AcDbSpline
 70
8
 71
3
 72
8
 73
4
 74
0
 40
0
 40
0
 40
0
 40
0
 40
1
 40
1
 40
1
 40
1
 10
386.445522
 20
404.483326
 30
0.0
 10
387.174467
 20
405.204951
 30
0.0
 10
387.538939
 20
406.236366
 30
0.0
 10
387.538939
 20
407.577570
 30
0.0
  0
LWPOLYLINE
  5
15d
100
AcDbEntity
  8
0
 62
7
100
AcDbPolyline
 90
4
 70
0
 10
377.162245
 20
407.686907
 30
0.0
 10
377.162245
 20
417.986480
 30
0.0
 10
379.021102
 20
417.986480
 30
0.0
 10
379.021102
 20
407.555705
 30
0.0
  0
SPLINE
  5
15e
100
AcDbEntity
  8
0
 62
7
100
AcDbSpline
 70
8
 71
3
 72
8
 73
4
 74
0
 40
0
 40
0
 40
0
 40
0
 40
1
 40
1
 40
1
 40
1
 10
380.169182
 20
420.927652
 30
0.0
 10
380.169182
 20
421.306687
 30
0.0
 10
380.263947
 20
421.580029
 30
0.0
 10
380.453477
 20
421.747680
 30
0.0
  0
SPLINE
  5
15f
100
AcDbEntity
  8
0
 62
7
100
AcDbSpline
 70
8
 71
3
 72
8
 73
4
 74
0
 40
0
 40
0
 40
0
 40
0
 40
1
 40
1
 40
1
 40
1
 10
380.453477
 20
421.747680
 30
0.0
 10
380.650309
 20
421.915331
 30
0.0
 10
380.883575
 20
421.999156
 30
0.0
 10
381.153273
 20
421.999156
 30
0.0
  0
SPLINE
  5
160
100
AcDbEntity
  8
0
 62
7
100
AcDbSpline
 70
8
 71
3
 72
8
 73
4
 74
0
 40
0
 40
0
 40
0
 40
0
 40
1
 40
1
 40
1
 40
1
 10
381.153273
 20
421.999156
 30
0.0
 10
381.430292
 20
421.999156
 30
0.0
 10
381.667209
 20
421.915331
 30
0.0
 10
381.864023
 20
421.747680
 30
0.0
  0
SPLINE
  5
161
100
AcDbEntity
  8
0
 62
7
100
AcDbSpline
 70
8
 71
3
 72
8
 73
4
 74
0
 40
0
 40
0
 40
0
 40
0
 40
1
 40
1
 40
1
 40
1
 10
381.864023
 20
421.747680
 30
0.0
 10
382.068123
 20
421.580029
 30
0.0
 10
382.170173
 20
421.306687
 30
0.0
 10
382.170173
 20
420.927652
 30
0.0
  0
SPLINE
  5
162
100
AcDbEntity
  8
0
 62
7
100
AcDbSpline
 70
8
 71
3
 72
8
 73
4
 74
0
 40
0
 40
0
 40
0
 40
0
 40
1
 40
1
 40
1
 40
1
 10
382.170173
 20
420.927652
 30
0.0
 10
382.170173
 20
420.563193
 30
0.0
 10
382.068123
 20
420.289849
 30
0.0
 10
381.864023
 20
420.107618
 30
0.0
  0
SPLINE
  5
163
100
AcDbEntity
  8
0
 62
7
100
AcDbSpline
 70
8
 71
3
 72
8
 73
4
 74
0
 40
0
 40
0
 40
0
 40
0
 40
1
 40
1
 40
1
 40
1
 10
381.864023
 20
420.107618
 30
0.0
 10
381.667209
 20
419.932679
 30
0.0
 10
381.430292
 20
419.845209
 30
0.0
 10
381.153273
 20
419.845209
 30
0.0
  0
SPLINE
  5
164
100
AcDbEntity
  8
0
 62
7
100
AcDbSpline
 70
8
 71
3
 72
8
 73
4
 74
0
 40
0
 40
0
 40
0
 40
0
 40
1
 40
1
 40
1
 40
1
 10
381.153273
 20
419.845209
 30
0.0
 10
380.883575
 20
419.845209
 30
0.0
 10
380.650309
 20
419.932679
 30
0.0
 10
380.453477
 20
420.107618
 30
0.0
  0
SPLINE
  5
165
100
AcDbEntity
  8
0
 62
7
100
AcDbSpline
 70
8
 71
3
 72
8
 73
4
 74
0
 40
0
 40
0
 40
0
 40
0
 40
1
 40
1
 40
1
 40
1
 10
380.453477
 20
420.107618
 30
0.0
 10
380.263947
 20
420.289849
 30
0.0
 10
380.169182
 20
420.563193
 30
0.0
 10
380.169182
 20
420.927652
 30
0.0
  0
LWPOLYLINE
  5
166
100
AcDbEntity
  8
0
 62
7
100
AcDbPolyline
 90
3
 70
0
 10
387.538939
 20
407.577570
 30
0.0
 10
387.538939
 20
417.986480
 30
0.0
 10
389.397796
 20
417.986480
 30
0.0
  0
SPLINE
  5
167
100
AcDbEntity
  8
0
 62
7
100
AcDbSpline
 70
8
 71
3
 72
8
 73
4
 74
0
 40
0
 40
0
 40
0
 40
0
 40
1
 40
1
 40
1
 40
1
 10
384.335179
 20
420.927652
 30
0.0
 10
384.335179
 20
421.306687
 30
0.0
 10
384.429944
 20
421.580029
 30
0.0
 10
384.619474
 20
421.747680
 30
0.0
  0
SPLINE
  5
168
100
AcDbEntity
  8
0
 62
7
100
AcDbSpline
 70
8
 71
3
 72
8
 73
4
 74
0
 40
0
 40
0
 40
0
 40
0
 40
1
 40
1
 40
1
 40
1
 10
384.619474
 20
421.747680
 30
0.0
 10
384.816288
 20
421.915331
 30
0.0
 10
385.049554
 20
421.999156
 30
0.0
 10
385.319270
 20
421.999156
 30
0.0
  0
SPLINE
  5
169
100
AcDbEntity
  8
0
 62
7
100
AcDbSpline
 70
8
 71
3
 72
8
 73
4
 74
0
 40
0
 40
0
 40
0
 40
0
 40
1
 40
1
 40
1
 40
1
 10
385.319270
 20
421.999156
 30
0.0
 10
385.588986
 20
421.999156
 30
0.0
 10
385.822252
 20
421.915331
 30
0.0
 10
386.019066
 20
421.747680
 30
0.0
  0
SPLINE
  5
16a
100
AcDbEntity
  8
0
 62
7
100
AcDbSpline
 70
8
 71
3
 72
8
 73
4
 74
0
 40
0
 40
0
 40
0
 40
0
 40
1
 40
1
 40
1
 40
1
 10
386.019066
 20
421.747680
 30
0.0
 10
386.223184
 20
421.580029
 30
0.0
 10
386.325242
 20
421.306687
 30
0.0
 10
386.325242
 20
420.927652
 30
0.0
  0
SPLINE
  5
16b
100
AcDbEntity
  8
0
 62
7
100
AcDbSpline
 70
8
 71
3
 72
8
 73
4
 74
0
 40
0
 40
0
 40
0
 40
0
 40
1
 40
1
 40
1
 40
1
 10
386.325242
 20
420.927652
 30
0.0
 10
386.325242
 20
420.563193
 30
0.0
 10
386.223184
 20
420.289849
 30
0.0
 10
386.019066
 20
420.107618
 30
0.0
  0
SPLINE
  5
16c
100
AcDbEntity
  8
0
 62
7
100
AcDbSpline
 70
8
 71
3
 72
8
 73
4
 74
0
 40
0
 40
0
 40
0
 40
0
 40
1
 40
1
 40
1
 40
1
 10
386.019066
 20
420.107618
 30
0.0
 10
385.822252
 20
419.932679
 30
0.0
 10
385.588986
 20
419.845209
 30
0.0
 10
385.319270
 20
419.845209
 30
0.0
  0
SPLINE
  5
16d
100
AcDbEntity
  8
0
 62
7
100
AcDbSpline
 70
8
 71
3
 72
8
 73
4
 74
0
 40
0
 40
0
 40
0
 40
0
 40
1
 40
1
 40
1
 40
1
 10
385.319270
 20
419.845209
 30
0.0
 10
385.049554
 20
419.845209
 30
0.0
 10
384.816288
 20
419.932679
 30
0.0
 10
384.619474
 20
420.107618
 30
0.0
  0
SPLINE
  5
16e
100
AcDbEntity
  8
0
 62
7
100
AcDbSpline
 70
8
 71
3
 72
8
 73
4
 74
0
 40
0
 40
0
 40
0
 40
0
 40
1
 40
1
 40
1
 40
1
 10
384.619474
 20
420.107618
 30
0.0
 10
384.429944
 20
420.289849
 30
0.0
 10
384.335179
 20
420.563193
 30
0.0
 10
384.335179
 20
420.927652
 30
0.0
  0
LWPOLYLINE
  5
16f
100
AcDbEntity
  8
0
 62
7
100
AcDbPolyline
 90
1
 70
1
 10
380.169182
 20
420.927652
 30
0.0
  0
LWPOLYLINE
  5
170
100
AcDbEntity
  8
0
 62
7
100
AcDbPolyline
 90
1
 70
1
 10
384.335179
 20
420.927652
 30
0.0
  0
LWPOLYLINE
  5
171
100
AcDbEntity
  8
0
 62
7
100
AcDbPolyline
 90
10
 70
1
 10
414.877859
 20
402.001371
 30
0.0
 10
413.019028
 20
402.001371
 30
0.0
 10
413.019028
 20
417.986480
 30
0.0
 10
421.930513
 20
417.986480
 30
0.0
 10
421.930513
 20
416.335485
 30
0.0
 10
414.877859
 20
416.335485
 30
0.0
 10
414.877859
 20
410.485939
 30
0.0
 10
421.504084
 20
410.485939
 30
0.0
 10
421.504084
 20
408.834950
 30
0.0
 10
414.877859
 20
408.834950
 30
0.0
  0
SPLINE
  5
172
100
AcDbEntity
  8
0
 62
7
100
AcDbSpline
 70
8
 71
3
 72
8
 73
4
 74
0
 40
0
 40
0
 40
0
 40
0
 40
1
 40
1
 40
1
 40
1
 10
82.377640
 20
375.644987
 30
0.0
 10
82.800433
 20
374.456856
 30
0.0
 10
83.135752
 20
373.301526
 30
0.0
 10
83.383596
 20
372.178998
 30
0.0
  0
SPLINE
  5
173
100
AcDbEntity
  8
0
 62
7
100
AcDbSpline
 70
8
 71
3
 72
8
 73
4
 74
0
 40
0
 40
0
 40
0
 40
0
 40
1
 40
1
 40
1
 40
1
 10
83.383596
 20
372.178998
 30
0.0
 10
83.646021
 20
373.359840
 30
0.0
 10
83.988631
 20
374.537039
 30
0.0
 10
84.411428
 20
375.710593
 30
0.0
  0
LWPOLYLINE
  5
174
100
AcDbEntity
  8
0
 62
7
100
AcDbPolyline
 90
7
 70
0
 10
88.063499
 20
385.988295
 30
0.0
 10
90.064484
 20
385.988295
 30
0.0
 10
84.302081
 20
370.003186
 30
0.0
 10
82.465116
 20
370.003186
 30
0.0
 10
76.735517
 20
385.988295
 30
0.0
 10
78.703699
 20
385.988295
 30
0.0
 10
82.377640
 20
375.644987
 30
0.0
  0
LWPOLYLINE
  5
175
100
AcDbEntity
  8
0
 62
7
100
AcDbPolyline
 90
2
 70
0
 10
84.411428
 20
375.710593
 30
0.0
 10
88.063499
 20
385.988295
 30
0.0
  0
LWPOLYLINE
  5
176
100
AcDbEntity
  8
0
 62
7
100
AcDbPolyline
 90
4
 70
1
 10
115.796049
 20
370.003186
 30
0.0
 10
115.796049
 20
385.988295
 30
0.0
 10
117.654890
 20
385.988295
 30
0.0
 10
117.654890
 20
370.003186
 30
0.0
  0
LWPOLYLINE
  5
177
100
AcDbEntity
  8
0
 62
7
100
AcDbPolyline
 90
12
 70
1
 10
154.922188
 20
370.003186
 30
0.0
 10
146.010699
 20
370.003186
 30
0.0
 10
146.010699
 20
385.988295
 30
0.0
 10
154.922188
 20
385.988295
 30
0.0
 10
154.922188
 20
384.337301
 30
0.0
 10
147.869534
 20
384.337301
 30
0.0
 10
147.869534
 20
379.187514
 30
0.0
 10
154.495749
 20
379.187514
 30
0.0
 10
154.495749
 20
377.547457
 30
0.0
 10
147.869534
 20
377.547457
 30
0.0
 10
147.869534
 20
371.665108
 30
0.0
 10
154.922188
 20
371.665108
 30
0.0
  0
LWPOLYLINE
  5
178
100
AcDbEntity
  8
0
 62
7
100
AcDbPolyline
 90
8
 70
1
 10
217.603964
 20
370.003186
 30
0.0
 10
215.745129
 20
370.003186
 30
0.0
 10
215.745129
 20
384.337301
 30
0.0
 10
210.682523
 20
384.337301
 30
0.0
 10
210.682523
 20
385.988295
 30
0.0
 10
222.666565
 20
385.988295
 30
0.0
 10
222.666565
 20
384.337301
 30
0.0
 10
217.603964
 20
384.337301
 30
0.0
  0
SPLINE
  5
179
100
AcDbEntity
  8
0
 62
7
100
AcDbSpline
 70
8
 71
3
 72
8
 73
4
 74
0
 40
0
 40
0
 40
0
 40
0
 40
1
 40
1
 40
1
 40
1
 10
256.117778
 20
375.644987
 30
0.0
 10
256.117778
 20
373.822702
 30
0.0
 10
255.567418
 20
372.390384
 30
0.0
 10
254.466699
 20
371.348032
 30
0.0
  0
SPLINE
  5
17a
100
AcDbEntity
  8
0
 62
7
100
AcDbSpline
 70
8
 71
3
 72
8
 73
4
 74
0
 40
0
 40
0
 40
0
 40
0
 40
1
 40
1
 40
1
 40
1
 10
254.466699
 20
371.348032
 30
0.0
 10
253.365975
 20
370.305683
 30
0.0
 10
251.853390
 20
369.784508
 30
0.0
 10
249.928941
 20
369.784508
 30
0.0
  0
SPLINE
  5
17b
100
AcDbEntity
  8
0
 62
7
100
AcDbSpline
 70
8
 71
3
 72
8
 73
4
 74
0
 40
0
 40
0
 40
0
 40
0
 40
1
 40
1
 40
1
 40
1
 10
249.928941
 20
369.784508
 30
0.0
 10
248.004499
 20
369.784508
 30
0.0
 10
246.513784
 20
370.309329
 30
0.0
 10
245.456795
 20
371.358970
 30
0.0
  0
SPLINE
  5
17c
100
AcDbEntity
  8
0
 62
7
100
AcDbSpline
 70
8
 71
3
 72
8
 73
4
 74
0
 40
0
 40
0
 40
0
 40
0
 40
1
 40
1
 40
1
 40
1
 10
245.456795
 20
371.358970
 30
0.0
 10
244.407097
 20
372.408607
 30
0.0
 10
243.882249
 20
373.851858
 30
0.0
 10
243.882249
 20
375.688722
 30
0.0
  0
LWPOLYLINE
  5
17d
100
AcDbEntity
  8
0
 62
7
100
AcDbPolyline
 90
2
 70
0
 10
256.117778
 20
385.988295
 30
0.0
 10
256.117778
 20
375.644987
 30
0.0
  0
SPLINE
  5
17e
100
AcDbEntity
  8
0
 62
7
100
AcDbSpline
 70
8
 71
3
 72
8
 73
4
 74
0
 40
0
 40
0
 40
0
 40
0
 40
1
 40
1
 40
1
 40
1
 10
245.741089
 20
375.557521
 30
0.0
 10
245.741089
 20
374.223604
 30
0.0
 10
246.105567
 20
373.199478
 30
0.0
 10
246.834522
 20
372.485142
 30
0.0
  0
SPLINE
  5
17f
100
AcDbEntity
  8
0
 62
7
100
AcDbSpline
 70
8
 71
3
 72
8
 73
4
 74
0
 40
0
 40
0
 40
0
 40
0
 40
1
 40
1
 40
1
 40
1
 10
246.834522
 20
372.485142
 30
0.0
 10
247.563478
 20
371.770806
 30
0.0
 10
248.635044
 20
371.413638
 30
0.0
 10
250.049220
 20
371.413638
 30
0.0
  0
SPLINE
  5
180
100
AcDbEntity
  8
0
 62
7
100
AcDbSpline
 70
8
 71
3
 72
8
 73
4
 74
0
 40
0
 40
0
 40
0
 40
0
 40
1
 40
1
 40
1
 40
1
 10
250.049220
 20
371.413638
 30
0.0
 10
251.397791
 20
371.413638
 30
0.0
 10
252.436554
 20
371.770806
 30
0.0
 10
253.165509
 20
372.485142
 30
0.0
  0
SPLINE
  5
181
100
AcDbEntity
  8
0
 62
7
100
AcDbSpline
 70
8
 71
3
 72
8
 73
4
 74
0
 40
0
 40
0
 40
0
 40
0
 40
1
 40
1
 40
1
 40
1
 10
253.165509
 20
372.485142
 30
0.0
 10
253.894465
 20
373.206767
 30
0.0
 10
254.258942
 20
374.238181
 30
0.0
 10
254.258942
 20
375.579386
 30
0.0
  0
LWPOLYLINE
  5
182
100
AcDbEntity
  8
0
 62
7
100
AcDbPolyline
 90
4
 70
0
 10
243.882249
 20
375.688722
 30
0.0
 10
243.882249
 20
385.988295
 30
0.0
 10
245.741089
 20
385.988295
 30
0.0
 10
245.741089
 20
375.557521
 30
0.0
  0
LWPOLYLINE
  5
183
100
AcDbEntity
  8
0
 62
7
100
AcDbPolyline
 90
3
 70
0
 10
254.258942
 20
375.579386
 30
0.0
 10
254.258942
 20
385.988295
 30
0.0
 10
256.117778
 20
385.988295
 30
0.0
  0
LWPOLYLINE
  5
184
100
AcDbEntity
  8
0
 62
7
100
AcDbPolyline
 90
8
 70
1
 10
284.243992
 20
370.003186
 30
0.0
 10
282.385135
 20
370.003186
 30
0.0
 10
282.385135
 20
384.337301
 30
0.0
 10
277.322545
 20
384.337301
 30
0.0
 10
277.322545
 20
385.988295
 30
0.0
 10
289.306582
 20
385.988295
 30
0.0
 10
289.306582
 20
384.337301
 30
0.0
 10
284.243992
 20
384.337301
 30
0.0
  0
LWPOLYLINE
  5
185
100
AcDbEntity
  8
0
 62
7
100
AcDbPolyline
 90
10
 70
1
 10
322.134521
 20
370.003186
 30
0.0
 10
311.145502
 20
370.003186
 30
0.0
 10
311.145502
 20
371.457368
 30
0.0
 10
319.630557
 20
384.315430
 30
0.0
 10
311.407916
 20
384.315430
 30
0.0
 10
311.407916
 20
385.988295
 30
0.0
 10
321.893962
 20
385.988295
 30
0.0
 10
321.893962
 20
384.534108
 30
0.0
 10
313.408907
 20
371.686979
 30
0.0
 10
322.134521
 20
371.686979
 30
0.0
  0
SPLINE
  5
186
100
AcDbEntity
  8
0
 62
7
100
AcDbSpline
 70
8
 71
3
 72
8
 73
4
 74
0
 40
0
 40
0
 40
0
 40
0
 40
1
 40
1
 40
1
 40
1
 10
350.692588
 20
381.713205
 30
0.0
 10
350.452029
 20
382.340075
 30
0.0
 10
350.204193
 20
383.109081
 30
0.0
 10
349.949056
 20
384.020224
 30
0.0
  0
SPLINE
  5
187
100
AcDbEntity
  8
0
 62
7
100
AcDbSpline
 70
8
 71
3
 72
8
 73
4
 74
0
 40
0
 40
0
 40
0
 40
0
 40
1
 40
1
 40
1
 40
1
 10
349.949056
 20
384.020224
 30
0.0
 10
349.788692
 20
383.320464
 30
0.0
 10
349.559060
 20
382.551458
 30
0.0
 10
349.260186
 20
381.713205
 30
0.0
  0
LWPOLYLINE
  5
188
100
AcDbEntity
  8
0
 62
7
100
AcDbPolyline
 90
11
 70
0
 10
344.755232
 20
370.003186
 30
0.0
 10
342.874521
 20
370.003186
 30
0.0
 10
349.194570
 20
386.053896
 30
0.0
 10
350.758178
 20
386.053896
 30
0.0
 10
357.045445
 20
370.003186
 30
0.0
 10
355.120998
 20
370.003186
 30
0.0
 10
353.130935
 20
375.087367
 30
0.0
 10
348.310914
 20
375.087367
 30
0.0
 10
348.966975
 20
376.760227
 30
0.0
 10
352.551418
 20
376.760227
 30
0.0
 10
350.692588
 20
381.713205
 30
0.0
  0
SPLINE
  5
189
100
AcDbEntity
  8
0
 62
7
100
AcDbSpline
 70
8
 71
3
 72
8
 73
4
 74
0
 40
0
 40
0
 40
0
 40
0
 40
1
 40
1
 40
1
 40
1
 10
346.854621
 20
388.929462
 30
0.0
 10
346.854621
 20
389.308501
 30
0.0
 10
346.949395
 20
389.581845
 30
0.0
 10
347.138916
 20
389.749496
 30
0.0
  0
SPLINE
  5
18a
100
AcDbEntity
  8
0
 62
7
100
AcDbSpline
 70
8
 71
3
 72
8
 73
4
 74
0
 40
0
 40
0
 40
0
 40
0
 40
1
 40
1
 40
1
 40
1
 10
347.138916
 20
389.749496
 30
0.0
 10
347.335740
 20
389.917146
 30
0.0
 10
347.568996
 20
390.000971
 30
0.0
 10
347.838712
 20
390.000971
 30
0.0
  0
SPLINE
  5
18b
100
AcDbEntity
  8
0
 62
7
100
AcDbSpline
 70
8
 71
3
 72
8
 73
4
 74
0
 40
0
 40
0
 40
0
 40
0
 40
1
 40
1
 40
1
 40
1
 10
347.838712
 20
390.000971
 30
0.0
 10
348.115705
 20
390.000971
 30
0.0
 10
348.352613
 20
389.917146
 30
0.0
 10
348.549436
 20
389.749496
 30
0.0
  0
SPLINE
  5
18c
100
AcDbEntity
  8
0
 62
7
100
AcDbSpline
 70
8
 71
3
 72
8
 73
4
 74
0
 40
0
 40
0
 40
0
 40
0
 40
1
 40
1
 40
1
 40
1
 10
348.549436
 20
389.749496
 30
0.0
 10
348.753562
 20
389.581845
 30
0.0
 10
348.855612
 20
389.308501
 30
0.0
 10
348.855612
 20
388.929462
 30
0.0
  0
SPLINE
  5
18d
100
AcDbEntity
  8
0
 62
7
100
AcDbSpline
 70
8
 71
3
 72
8
 73
4
 74
0
 40
0
 40
0
 40
0
 40
0
 40
1
 40
1
 40
1
 40
1
 10
348.855612
 20
388.929462
 30
0.0
 10
348.855612
 20
388.565006
 30
0.0
 10
348.753562
 20
388.291665
 30
0.0
 10
348.549436
 20
388.109433
 30
0.0
  0
SPLINE
  5
18e
100
AcDbEntity
  8
0
 62
7
100
AcDbSpline
 70
8
 71
3
 72
8
 73
4
 74
0
 40
0
 40
0
 40
0
 40
0
 40
1
 40
1
 40
1
 40
1
 10
348.549436
 20
388.109433
 30
0.0
 10
348.352613
 20
387.934494
 30
0.0
 10
348.115705
 20
387.847025
 30
0.0
 10
347.838712
 20
387.847025
 30
0.0
  0
SPLINE
  5
18f
100
AcDbEntity
  8
0
 62
7
100
AcDbSpline
 70
8
 71
3
 72
8
 73
4
 74
0
 40
0
 40
0
 40
0
 40
0
 40
1
 40
1
 40
1
 40
1
 10
347.838712
 20
387.847025
 30
0.0
 10
347.568996
 20
387.847025
 30
0.0
 10
347.335740
 20
387.934494
 30
0.0
 10
347.138916
 20
388.109433
 30
0.0
  0
SPLINE
  5
190
100
AcDbEntity
  8
0
 62
7
100
AcDbSpline
 70
8
 71
3
 72
8
 73
4
 74
0
 40
0
 40
0
 40
0
 40
0
 40
1
 40
1
 40
1
 40
1
 10
347.138916
 20
388.109433
 30
0.0
 10
346.949395
 20
388.291665
 30
0.0
 10
346.854621
 20
388.565006
 30
0.0
 10
346.854621
 20
388.929462
 30
0.0
  0
LWPOLYLINE
  5
191
100
AcDbEntity
  8
0
 62
7
100
AcDbPolyline
 90
2
 70
0
 10
349.260186
 20
381.713205
 30
0.0
 10
344.755232
 20
370.003186
 30
0.0
  0
SPLINE
  5
192
100
AcDbEntity
  8
0
 62
7
100
AcDbSpline
 70
8
 71
3
 72
8
 73
4
 74
0
 40
0
 40
0
 40
0
 40
0
 40
1
 40
1
 40
1
 40
1
 10
351.020618
 20
388.929462
 30
0.0
 10
351.020618
 20
389.308501
 30
0.0
 10
351.115392
 20
389.581845
 30
0.0
 10
351.304913
 20
389.749496
 30
0.0
  0
SPLINE
  5
193
100
AcDbEntity
  8
0
 62
7
100
AcDbSpline
 70
8
 71
3
 72
8
 73
4
 74
0
 40
0
 40
0
 40
0
 40
0
 40
1
 40
1
 40
1
 40
1
 10
351.304913
 20
389.749496
 30
0.0
 10
351.501736
 20
389.917146
 30
0.0
 10
351.734993
 20
390.000971
 30
0.0
 10
352.004709
 20
390.000971
 30
0.0
  0
SPLINE
  5
194
100
AcDbEntity
  8
0
 62
7
100
AcDbSpline
 70
8
 71
3
 72
8
 73
4
 74
0
 40
0
 40
0
 40
0
 40
0
 40
1
 40
1
 40
1
 40
1
 10
352.004709
 20
390.000971
 30
0.0
 10
352.274426
 20
390.000971
 30
0.0
 10
352.507682
 20
389.917146
 30
0.0
 10
352.704506
 20
389.749496
 30
0.0
  0
SPLINE
  5
195
100
AcDbEntity
  8
0
 62
7
100
AcDbSpline
 70
8
 71
3
 72
8
 73
4
 74
0
 40
0
 40
0
 40
0
 40
0
 40
1
 40
1
 40
1
 40
1
 10
352.704506
 20
389.749496
 30
0.0
 10
352.908605
 20
389.581845
 30
0.0
 10
353.010655
 20
389.308501
 30
0.0
 10
353.010655
 20
388.929462
 30
0.0
  0
SPLINE
  5
196
100
AcDbEntity
  8
0
 62
7
100
AcDbSpline
 70
8
 71
3
 72
8
 73
4
 74
0
 40
0
 40
0
 40
0
 40
0
 40
1
 40
1
 40
1
 40
1
 10
353.010655
 20
388.929462
 30
0.0
 10
353.010655
 20
388.565006
 30
0.0
 10
352.908605
 20
388.291665
 30
0.0
 10
352.704506
 20
388.109433
 30
0.0
  0
SPLINE
  5
197
100
AcDbEntity
  8
0
 62
7
100
AcDbSpline
 70
8
 71
3
 72
8
 73
4
 74
0
 40
0
 40
0
 40
0
 40
0
 40
1
 40
1
 40
1
 40
1
 10
352.704506
 20
388.109433
 30
0.0
 10
352.507682
 20
387.934494
 30
0.0
 10
352.274426
 20
387.847025
 30
0.0
 10
352.004709
 20
387.847025
 30
0.0
  0
SPLINE
  5
198
100
AcDbEntity
  8
0
 62
7
100
AcDbSpline
 70
8
 71
3
 72
8
 73
4
 74
0
 40
0
 40
0
 40
0
 40
0
 40
1
 40
1
 40
1
 40
1
 10
352.004709
 20
387.847025
 30
0.0
 10
351.734993
 20
387.847025
 30
0.0
 10
351.501736
 20
387.934494
 30
0.0
 10
351.304913
 20
388.109433
 30
0.0
  0
SPLINE
  5
199
100
AcDbEntity
  8
0
 62
7
100
AcDbSpline
 70
8
 71
3
 72
8
 73
4
 74
0
 40
0
 40
0
 40
0
 40
0
 40
1
 40
1
 40
1
 40
1
 10
351.304913
 20
388.109433
 30
0.0
 10
351.115392
 20
388.291665
 30
0.0
 10
351.020618
 20
388.565006
 30
0.0
 10
351.020618
 20
388.929462
 30
0.0
  0
LWPOLYLINE
  5
19a
100
AcDbEntity
  8
0
 62
7
100
AcDbPolyline
 90
1
 70
1
 10
346.854621
 20
388.929462
 30
0.0
  0
LWPOLYLINE
  5
19b
100
AcDbEntity
  8
0
 62
7
100
AcDbPolyline
 90
1
 70
1
 10
351.020618
 20
388.929462
 30
0.0
  0
SPLINE
  5
19c
100
AcDbEntity
  8
0
 62
7
100
AcDbSpline
 70
8
 71
3
 72
8
 73
4
 74
0
 40
0
 40
0
 40
0
 40
0
 40
1
 40
1
 40
1
 40
1
 10
150.772863
 20
349.721776
 30
0.0
 10
150.532304
 20
350.348645
 30
0.0
 10
150.284468
 20
351.117651
 30
0.0
 10
150.029331
 20
352.028794
 30
0.0
  0
SPLINE
  5
19d
100
AcDbEntity
  8
0
 62
7
100
AcDbSpline
 70
8
 71
3
 72
8
 73
4
 74
0
 40
0
 40
0
 40
0
 40
0
 40
1
 40
1
 40
1
 40
1
 10
150.029331
 20
352.028794
 30
0.0
 10
149.868967
 20
351.329035
 30
0.0
 10
149.639335
 20
350.560029
 30
0.0
 10
149.340462
 20
349.721776
 30
0.0
  0
LWPOLYLINE
  5
19e
100
AcDbEntity
  8
0
 62
7
100
AcDbPolyline
 90
11
 70
0
 10
144.835507
 20
338.011757
 30
0.0
 10
142.954796
 20
338.011757
 30
0.0
 10
149.274845
 20
354.062466
 30
0.0
 10
150.838453
 20
354.062466
 30
0.0
 10
157.125720
 20
338.011757
 30
0.0
 10
155.201273
 20
338.011757
 30
0.0
 10
153.211210
 20
343.095937
 30
0.0
 10
148.391189
 20
343.095937
 30
0.0
 10
149.047250
 20
344.768797
 30
0.0
 10
152.631693
 20
344.768797
 30
0.0
 10
150.772863
 20
349.721776
 30
0.0
  0
SPLINE
  5
19f
100
AcDbEntity
  8
0
 62
7
100
AcDbSpline
 70
8
 71
3
 72
8
 73
4
 74
0
 40
0
 40
0
 40
0
 40
0
 40
1
 40
1
 40
1
 40
1
 10
146.934896
 20
356.938032
 30
0.0
 10
146.934896
 20
357.317072
 30
0.0
 10
147.029670
 20
357.590415
 30
0.0
 10
147.219191
 20
357.758066
 30
0.0
  0
SPLINE
  5
1a0
100
AcDbEntity
  8
0
 62
7
100
AcDbSpline
 70
8
 71
3
 72
8
 73
4
 74
0
 40
0
 40
0
 40
0
 40
0
 40
1
 40
1
 40
1
 40
1
 10
147.219191
 20
357.758066
 30
0.0
 10
147.416015
 20
357.925716
 30
0.0
 10
147.649271
 20
358.009542
 30
0.0
 10
147.918988
 20
358.009542
 30
0.0
  0
SPLINE
  5
1a1
100
AcDbEntity
  8
0
 62
7
100
AcDbSpline
 70
8
 71
3
 72
8
 73
4
 74
0
 40
0
 40
0
 40
0
 40
0
 40
1
 40
1
 40
1
 40
1
 10
147.918988
 20
358.009542
 30
0.0
 10
148.195980
 20
358.009542
 30
0.0
 10
148.432888
 20
357.925716
 30
0.0
 10
148.629711
 20
357.758066
 30
0.0
  0
SPLINE
  5
1a2
100
AcDbEntity
  8
0
 62
7
100
AcDbSpline
 70
8
 71
3
 72
8
 73
4
 74
0
 40
0
 40
0
 40
0
 40
0
 40
1
 40
1
 40
1
 40
1
 10
148.629711
 20
357.758066
 30
0.0
 10
148.833837
 20
357.590415
 30
0.0
 10
148.935887
 20
357.317072
 30
0.0
 10
148.935887
 20
356.938032
 30
0.0
  0
SPLINE
  5
1a3
100
AcDbEntity
  8
0
 62
7
100
AcDbSpline
 70
8
 71
3
 72
8
 73
4
 74
0
 40
0
 40
0
 40
0
 40
0
 40
1
 40
1
 40
1
 40
1
 10
148.935887
 20
356.938032
 30
0.0
 10
148.935887
 20
356.573577
 30
0.0
 10
148.833837
 20
356.300236
 30
0.0
 10
148.629711
 20
356.118004
 30
0.0
  0
SPLINE
  5
1a4
100
AcDbEntity
  8
0
 62
7
100
AcDbSpline
 70
8
 71
3
 72
8
 73
4
 74
0
 40
0
 40
0
 40
0
 40
0
 40
1
 40
1
 40
1
 40
1
 10
148.629711
 20
356.118004
 30
0.0
 10
148.432888
 20
355.943064
 30
0.0
 10
148.195980
 20
355.855595
 30
0.0
 10
147.918988
 20
355.855595
 30
0.0
  0
SPLINE
  5
1a5
100
AcDbEntity
  8
0
 62
7
100
AcDbSpline
 70
8
 71
3
 72
8
 73
4
 74
0
 40
0
 40
0
 40
0
 40
0
 40
1
 40
1
 40
1
 40
1
 10
147.918988
 20
355.855595
 30
0.0
 10
147.649271
 20
355.855595
 30
0.0
 10
147.416015
 20
355.943064
 30
0.0
 10
147.219191
 20
356.118004
 30
0.0
  0
SPLINE
  5
1a6
100
AcDbEntity
  8
0
 62
7
100
AcDbSpline
 70
8
 71
3
 72
8
 73
4
 74
0
 40
0
 40
0
 40
0
 40
0
 40
1
 40
1
 40
1
 40
1
 10
147.219191
 20
356.118004
 30
0.0
 10
147.029670
 20
356.300236
 30
0.0
 10
146.934896
 20
356.573577
 30
0.0
 10
146.934896
 20
356.938032
 30
0.0
  0
LWPOLYLINE
  5
1a7
100
AcDbEntity
  8
0
 62
7
100
AcDbPolyline
 90
2
 70
0
 10
149.340462
 20
349.721776
 30
0.0
 10
144.835507
 20
338.011757
 30
0.0
  0
SPLINE
  5
1a8
100
AcDbEntity
  8
0
 62
7
100
AcDbSpline
 70
8
 71
3
 72
8
 73
4
 74
0
 40
0
 40
0
 40
0
 40
0
 40
1
 40
1
 40
1
 40
1
 10
151.100893
 20
356.938032
 30
0.0
 10
151.100893
 20
357.317072
 30
0.0
 10
151.195667
 20
357.590415
 30
0.0
 10
151.385188
 20
357.758066
 30
0.0
  0
SPLINE
  5
1a9
100
AcDbEntity
  8
0
 62
7
100
AcDbSpline
 70
8
 71
3
 72
8
 73
4
 74
0
 40
0
 40
0
 40
0
 40
0
 40
1
 40
1
 40
1
 40
1
 10
151.385188
 20
357.758066
 30
0.0
 10
151.582012
 20
357.925716
 30
0.0
 10
151.815268
 20
358.009542
 30
0.0
 10
152.084984
 20
358.009542
 30
0.0
  0
SPLINE
  5
1aa
100
AcDbEntity
  8
0
 62
7
100
AcDbSpline
 70
8
 71
3
 72
8
 73
4
 74
0
 40
0
 40
0
 40
0
 40
0
 40
1
 40
1
 40
1
 40
1
 10
152.084984
 20
358.009542
 30
0.0
 10
152.354701
 20
358.009542
 30
0.0
 10
152.587957
 20
357.925716
 30
0.0
 10
152.784781
 20
357.758066
 30
0.0
  0
SPLINE
  5
1ab
100
AcDbEntity
  8
0
 62
7
100
AcDbSpline
 70
8
 71
3
 72
8
 73
4
 74
0
 40
0
 40
0
 40
0
 40
0
 40
1
 40
1
 40
1
 40
1
 10
152.784781
 20
357.758066
 30
0.0
 10
152.988880
 20
357.590415
 30
0.0
 10
153.090930
 20
357.317072
 30
0.0
 10
153.090930
 20
356.938032
 30
0.0
  0
SPLINE
  5
1ac
100
AcDbEntity
  8
0
 62
7
100
AcDbSpline
 70
8
 71
3
 72
8
 73
4
 74
0
 40
0
 40
0
 40
0
 40
0
 40
1
 40
1
 40
1
 40
1
 10
153.090930
 20
356.938032
 30
0.0
 10
153.090930
 20
356.573577
 30
0.0
 10
152.988880
 20
356.300236
 30
0.0
 10
152.784781
 20
356.118004
 30
0.0
  0
SPLINE
  5
1ad
100
AcDbEntity
  8
0
 62
7
100
AcDbSpline
 70
8
 71
3
 72
8
 73
4
 74
0
 40
0
 40
0
 40
0
 40
0
 40
1
 40
1
 40
1
 40
1
 10
152.784781
 20
356.118004
 30
0.0
 10
152.587957
 20
355.943064
 30
0.0
 10
152.354701
 20
355.855595
 30
0.0
 10
152.084984
 20
355.855595
 30
0.0
  0
SPLINE
  5
1ae
100
AcDbEntity
  8
0
 62
7
100
AcDbSpline
 70
8
 71
3
 72
8
 73
4
 74
0
 40
0
 40
0
 40
0
 40
0
 40
1
 40
1
 40
1
 40
1
 10
152.084984
 20
355.855595
 30
0.0
 10
151.815268
 20
355.855595
 30
0.0
 10
151.582012
 20
355.943064
 30
0.0
 10
151.385188
 20
356.118004
 30
0.0
  0
SPLINE
  5
1af
100
AcDbEntity
  8
0
 62
7
100
AcDbSpline
 70
8
 71
3
 72
8
 73
4
 74
0
 40
0
 40
0
 40
0
 40
0
 40
1
 40
1
 40
1
 40
1
 10
151.385188
 20
356.118004
 30
0.0
 10
151.195667
 20
356.300236
 30
0.0
 10
151.100893
 20
356.573577
 30
0.0
 10
151.100893
 20
356.938032
 30
0.0
  0
LWPOLYLINE
  5
1b0
100
AcDbEntity
  8
0
 62
7
100
AcDbPolyline
 90
1
 70
1
 10
146.934896
 20
356.938032
 30
0.0
  0
LWPOLYLINE
  5
1b1
100
AcDbEntity
  8
0
 62
7
100
AcDbPolyline
 90
1
 70
1
 10
151.100893
 20
356.938032
 30
0.0
  0
SPLINE
  5
1b2
100
AcDbEntity
  8
0
 62
7
100
AcDbSpline
 70
8
 71
3
 72
8
 73
4
 74
0
 40
0
 40
0
 40
0
 40
0
 40
1
 40
1
 40
1
 40
1
 10
184.121518
 20
221.721489
 30
0.0
 10
183.880958
 20
222.348340
 30
0.0
 10
183.633123
 20
223.117352
 30
0.0
 10
183.377986
 20
224.028497
 30
0.0
  0
SPLINE
  5
1b3
100
AcDbEntity
  8
0
 62
7
100
AcDbSpline
 70
8
 71
3
 72
8
 73
4
 74
0
 40
0
 40
0
 40
0
 40
0
 40
1
 40
1
 40
1
 40
1
 10
183.377986
 20
224.028497
 30
0.0
 10
183.217622
 20
223.328727
 30
0.0
 10
182.987990
 20
222.559742
 30
0.0
 10
182.689116
 20
221.721489
 30
0.0
  0
LWPOLYLINE
  5
1b4
100
AcDbEntity
  8
0
 62
7
100
AcDbPolyline
 90
11
 70
0
 10
178.184162
 20
210.011454
 30
0.0
 10
176.303451
 20
210.011454
 30
0.0
 10
182.623500
 20
226.062164
 30
0.0
 10
184.187108
 20
226.062164
 30
0.0
 10
190.474375
 20
210.011454
 30
0.0
 10
188.549928
 20
210.011454
 30
0.0
 10
186.559865
 20
215.095635
 30
0.0
 10
181.739844
 20
215.095635
 30
0.0
 10
182.395905
 20
216.768489
 30
0.0
 10
185.980348
 20
216.768489
 30
0.0
 10
184.121518
 20
221.721489
 30
0.0
  0
SPLINE
  5
1b5
100
AcDbEntity
  8
0
 62
7
100
AcDbSpline
 70
8
 71
3
 72
8
 73
4
 74
0
 40
0
 40
0
 40
0
 40
0
 40
1
 40
1
 40
1
 40
1
 10
180.283551
 20
228.937735
 30
0.0
 10
180.283551
 20
229.316777
 30
0.0
 10
180.378325
 20
229.590118
 30
0.0
 10
180.567846
 20
229.757758
 30
0.0
  0
SPLINE
  5
1b6
100
AcDbEntity
  8
0
 62
7
100
AcDbSpline
 70
8
 71
3
 72
8
 73
4
 74
0
 40
0
 40
0
 40
0
 40
0
 40
1
 40
1
 40
1
 40
1
 10
180.567846
 20
229.757758
 30
0.0
 10
180.764669
 20
229.925425
 30
0.0
 10
180.997926
 20
230.009245
 30
0.0
 10
181.267642
 20
230.009245
 30
0.0
  0
SPLINE
  5
1b7
100
AcDbEntity
  8
0
 62
7
100
AcDbSpline
 70
8
 71
3
 72
8
 73
4
 74
0
 40
0
 40
0
 40
0
 40
0
 40
1
 40
1
 40
1
 40
1
 10
181.267642
 20
230.009245
 30
0.0
 10
181.544635
 20
230.009245
 30
0.0
 10
181.781543
 20
229.925425
 30
0.0
 10
181.978366
 20
229.757758
 30
0.0
  0
SPLINE
  5
1b8
100
AcDbEntity
  8
0
 62
7
100
AcDbSpline
 70
8
 71
3
 72
8
 73
4
 74
0
 40
0
 40
0
 40
0
 40
0
 40
1
 40
1
 40
1
 40
1
 10
181.978366
 20
229.757758
 30
0.0
 10
182.182492
 20
229.590118
 30
0.0
 10
182.284542
 20
229.316777
 30
0.0
 10
182.284542
 20
228.937735
 30
0.0
  0
SPLINE
  5
1b9
100
AcDbEntity
  8
0
 62
7
100
AcDbSpline
 70
8
 71
3
 72
8
 73
4
 74
0
 40
0
 40
0
 40
0
 40
0
 40
1
 40
1
 40
1
 40
1
 10
182.284542
 20
228.937735
 30
0.0
 10
182.284542
 20
228.573272
 30
0.0
 10
182.182492
 20
228.299931
 30
0.0
 10
181.978366
 20
228.117712
 30
0.0
  0
SPLINE
  5
1ba
100
AcDbEntity
  8
0
 62
7
100
AcDbSpline
 70
8
 71
3
 72
8
 73
4
 74
0
 40
0
 40
0
 40
0
 40
0
 40
1
 40
1
 40
1
 40
1
 10
181.978366
 20
228.117712
 30
0.0
 10
181.781543
 20
227.942770
 30
0.0
 10
181.544635
 20
227.855298
 30
0.0
 10
181.267642
 20
227.855298
 30
0.0
  0
SPLINE
  5
1bb
100
AcDbEntity
  8
0
 62
7
100
AcDbSpline
 70
8
 71
3
 72
8
 73
4
 74
0
 40
0
 40
0
 40
0
 40
0
 40
1
 40
1
 40
1
 40
1
 10
181.267642
 20
227.855298
 30
0.0
 10
180.997926
 20
227.855298
 30
0.0
 10
180.764669
 20
227.942770
 30
0.0
 10
180.567846
 20
228.117712
 30
0.0
  0
SPLINE
  5
1bc
100
AcDbEntity
  8
0
 62
7
100
AcDbSpline
 70
8
 71
3
 72
8
 73
4
 74
0
 40
0
 40
0
 40
0
 40
0
 40
1
 40
1
 40
1
 40
1
 10
180.567846
 20
228.117712
 30
0.0
 10
180.378325
 20
228.299931
 30
0.0
 10
180.283551
 20
228.573272
 30
0.0
 10
180.283551
 20
228.937735
 30
0.0
  0
LWPOLYLINE
  5
1bd
100
AcDbEntity
  8
0
 62
7
100
AcDbPolyline
 90
2
 70
0
 10
182.689116
 20
221.721489
 30
0.0
 10
178.184162
 20
210.011454
 30
0.0
  0
SPLINE
  5
1be
100
AcDbEntity
  8
0
 62
7
100
AcDbSpline
 70
8
 71
3
 72
8
 73
4
 74
0
 40
0
 40
0
 40
0
 40
0
 40
1
 40
1
 40
1
 40
1
 10
184.449548
 20
228.937735
 30
0.0
 10
184.449548
 20
229.316777
 30
0.0
 10
184.544322
 20
229.590118
 30
0.0
 10
184.733843
 20
229.757758
 30
0.0
  0
SPLINE
  5
1bf
100
AcDbEntity
  8
0
 62
7
100
AcDbSpline
 70
8
 71
3
 72
8
 73
4
 74
0
 40
0
 40
0
 40
0
 40
0
 40
1
 40
1
 40
1
 40
1
 10
184.733843
 20
229.757758
 30
0.0
 10
184.930666
 20
229.925425
 30
0.0
 10
185.163923
 20
230.009245
 30
0.0
 10
185.433639
 20
230.009245
 30
0.0
  0
SPLINE
  5
1c0
100
AcDbEntity
  8
0
 62
7
100
AcDbSpline
 70
8
 71
3
 72
8
 73
4
 74
0
 40
0
 40
0
 40
0
 40
0
 40
1
 40
1
 40
1
 40
1
 10
185.433639
 20
230.009245
 30
0.0
 10
185.703356
 20
230.009245
 30
0.0
 10
185.936612
 20
229.925425
 30
0.0
 10
186.133436
 20
229.757758
 30
0.0
  0
SPLINE
  5
1c1
100
AcDbEntity
  8
0
 62
7
100
AcDbSpline
 70
8
 71
3
 72
8
 73
4
 74
0
 40
0
 40
0
 40
0
 40
0
 40
1
 40
1
 40
1
 40
1
 10
186.133436
 20
229.757758
 30
0.0
 10
186.337535
 20
229.590118
 30
0.0
 10
186.439585
 20
229.316777
 30
0.0
 10
186.439585
 20
228.937735
 30
0.0
  0
SPLINE
  5
1c2
100
AcDbEntity
  8
0
 62
7
100
AcDbSpline
 70
8
 71
3
 72
8
 73
4
 74
0
 40
0
 40
0
 40
0
 40
0
 40
1
 40
1
 40
1
 40
1
 10
186.439585
 20
228.937735
 30
0.0
 10
186.439585
 20
228.573272
 30
0.0
 10
186.337535
 20
228.299931
 30
0.0
 10
186.133436
 20
228.117712
 30
0.0
  0
SPLINE
  5
1c3
100
AcDbEntity
  8
0
 62
7
100
AcDbSpline
 70
8
 71
3
 72
8
 73
4
 74
0
 40
0
 40
0
 40
0
 40
0
 40
1
 40
1
 40
1
 40
1
 10
186.133436
 20
228.117712
 30
0.0
 10
185.936612
 20
227.942770
 30
0.0
 10
185.703356
 20
227.855298
 30
0.0
 10
185.433639
 20
227.855298
 30
0.0
  0
SPLINE
  5
1c4
100
AcDbEntity
  8
0
 62
7
100
AcDbSpline
 70
8
 71
3
 72
8
 73
4
 74
0
 40
0
 40
0
 40
0
 40
0
 40
1
 40
1
 40
1
 40
1
 10
185.433639
 20
227.855298
 30
0.0
 10
185.163923
 20
227.855298
 30
0.0
 10
184.930666
 20
227.942770
 30
0.0
 10
184.733843
 20
228.117712
 30
0.0
  0
SPLINE
  5
1c5
100
AcDbEntity
  8
0
 62
7
100
AcDbSpline
 70
8
 71
3
 72
8
 73
4
 74
0
 40
0
 40
0
 40
0
 40
0
 40
1
 40
1
 40
1
 40
1
 10
184.733843
 20
228.117712
 30
0.0
 10
184.544322
 20
228.299931
 30
0.0
 10
184.449548
 20
228.573272
 30
0.0
 10
184.449548
 20
228.937735
 30
0.0
  0
LWPOLYLINE
  5
1c6
100
AcDbEntity
  8
0
 62
7
100
AcDbPolyline
 90
1
 70
1
 10
180.283551
 20
228.937735
 30
0.0
  0
LWPOLYLINE
  5
1c7
100
AcDbEntity
  8
0
 62
7
100
AcDbPolyline
 90
1
 70
1
 10
184.449548
 20
228.937735
 30
0.0
  0
SPLINE
  5
1c8
100
AcDbEntity
  8
0
 62
7
100
AcDbSpline
 70
8
 71
3
 72
8
 73
4
 74
0
 40
0
 40
0
 40
0
 40
0
 40
1
 40
1
 40
1
 40
1
 10
184.030567
 20
157.725396
 30
0.0
 10
183.790008
 20
158.352246
 30
0.0
 10
183.542173
 20
159.121258
 30
0.0
 10
183.287035
 20
160.032404
 30
0.0
  0
SPLINE
  5
1c9
100
AcDbEntity
  8
0
 62
7
100
AcDbSpline
 70
8
 71
3
 72
8
 73
4
 74
0
 40
0
 40
0
 40
0
 40
0
 40
1
 40
1
 40
1
 40
1
 10
183.287035
 20
160.032404
 30
0.0
 10
183.126671
 20
159.332634
 30
0.0
 10
182.897039
 20
158.563649
 30
0.0
 10
182.598166
 20
157.725396
 30
0.0
  0
LWPOLYLINE
  5
1ca
100
AcDbEntity
  8
0
 62
7
100
AcDbPolyline
 90
11
 70
0
 10
178.093211
 20
146.015361
 30
0.0
 10
176.212500
 20
146.015361
 30
0.0
 10
182.532549
 20
162.066070
 30
0.0
 10
184.096157
 20
162.066070
 30
0.0
 10
190.383425
 20
146.015361
 30
0.0
 10
188.458978
 20
146.015361
 30
0.0
 10
186.468914
 20
151.099541
 30
0.0
 10
181.648894
 20
151.099541
 30
0.0
 10
182.304955
 20
152.772396
 30
0.0
 10
185.889397
 20
152.772396
 30
0.0
 10
184.030567
 20
157.725396
 30
0.0
  0
SPLINE
  5
1cb
100
AcDbEntity
  8
0
 62
7
100
AcDbSpline
 70
8
 71
3
 72
8
 73
4
 74
0
 40
0
 40
0
 40
0
 40
0
 40
1
 40
1
 40
1
 40
1
 10
180.192601
 20
164.941641
 30
0.0
 10
180.192601
 20
165.320684
 30
0.0
 10
180.287374
 20
165.594025
 30
0.0
 10
180.476895
 20
165.761665
 30
0.0
  0
SPLINE
  5
1cc
100
AcDbEntity
  8
0
 62
7
100
AcDbSpline
 70
8
 71
3
 72
8
 73
4
 74
0
 40
0
 40
0
 40
0
 40
0
 40
1
 40
1
 40
1
 40
1
 10
180.476895
 20
165.761665
 30
0.0
 10
180.673719
 20
165.929331
 30
0.0
 10
180.906976
 20
166.013151
 30
0.0
 10
181.176692
 20
166.013151
 30
0.0
  0
SPLINE
  5
1cd
100
AcDbEntity
  8
0
 62
7
100
AcDbSpline
 70
8
 71
3
 72
8
 73
4
 74
0
 40
0
 40
0
 40
0
 40
0
 40
1
 40
1
 40
1
 40
1
 10
181.176692
 20
166.013151
 30
0.0
 10
181.453684
 20
166.013151
 30
0.0
 10
181.690592
 20
165.929331
 30
0.0
 10
181.887416
 20
165.761665
 30
0.0
  0
SPLINE
  5
1ce
100
AcDbEntity
  8
0
 62
7
100
AcDbSpline
 70
8
 71
3
 72
8
 73
4
 74
0
 40
0
 40
0
 40
0
 40
0
 40
1
 40
1
 40
1
 40
1
 10
181.887416
 20
165.761665
 30
0.0
 10
182.091542
 20
165.594025
 30
0.0
 10
182.193591
 20
165.320684
 30
0.0
 10
182.193591
 20
164.941641
 30
0.0
  0
SPLINE
  5
1cf
100
AcDbEntity
  8
0
 62
7
100
AcDbSpline
 70
8
 71
3
 72
8
 73
4
 74
0
 40
0
 40
0
 40
0
 40
0
 40
1
 40
1
 40
1
 40
1
 10
182.193591
 20
164.941641
 30
0.0
 10
182.193591
 20
164.577178
 30
0.0
 10
182.091542
 20
164.303837
 30
0.0
 10
181.887416
 20
164.121618
 30
0.0
  0
SPLINE
  5
1d0
100
AcDbEntity
  8
0
 62
7
100
AcDbSpline
 70
8
 71
3
 72
8
 73
4
 74
0
 40
0
 40
0
 40
0
 40
0
 40
1
 40
1
 40
1
 40
1
 10
181.887416
 20
164.121618
 30
0.0
 10
181.690592
 20
163.946676
 30
0.0
 10
181.453684
 20
163.859205
 30
0.0
 10
181.176692
 20
163.859205
 30
0.0
  0
SPLINE
  5
1d1
100
AcDbEntity
  8
0
 62
7
100
AcDbSpline
 70
8
 71
3
 72
8
 73
4
 74
0
 40
0
 40
0
 40
0
 40
0
 40
1
 40
1
 40
1
 40
1
 10
181.176692
 20
163.859205
 30
0.0
 10
180.906976
 20
163.859205
 30
0.0
 10
180.673719
 20
163.946676
 30
0.0
 10
180.476895
 20
164.121618
 30
0.0
  0
SPLINE
  5
1d2
100
AcDbEntity
  8
0
 62
7
100
AcDbSpline
 70
8
 71
3
 72
8
 73
4
 74
0
 40
0
 40
0
 40
0
 40
0
 40
1
 40
1
 40
1
 40
1
 10
180.476895
 20
164.121618
 30
0.0
 10
180.287374
 20
164.303837
 30
0.0
 10
180.192601
 20
164.577178
 30
0.0
 10
180.192601
 20
164.941641
 30
0.0
  0
LWPOLYLINE
  5
1d3
100
AcDbEntity
  8
0
 62
7
100
AcDbPolyline
 90
2
 70
0
 10
182.598166
 20
157.725396
 30
0.0
 10
178.093211
 20
146.015361
 30
0.0
  0
SPLINE
  5
1d4
100
AcDbEntity
  8
0
 62
7
100
AcDbSpline
 70
8
 71
3
 72
8
 73
4
 74
0
 40
0
 40
0
 40
0
 40
0
 40
1
 40
1
 40
1
 40
1
 10
184.358598
 20
164.941641
 30
0.0
 10
184.358598
 20
165.320684
 30
0.0
 10
184.453371
 20
165.594025
 30
0.0
 10
184.642892
 20
165.761665
 30
0.0
  0
SPLINE
  5
1d5
100
AcDbEntity
  8
0
 62
7
100
AcDbSpline
 70
8
 71
3
 72
8
 73
4
 74
0
 40
0
 40
0
 40
0
 40
0
 40
1
 40
1
 40
1
 40
1
 10
184.642892
 20
165.761665
 30
0.0
 10
184.839716
 20
165.929331
 30
0.0
 10
185.072972
 20
166.013151
 30
0.0
 10
185.342689
 20
166.013151
 30
0.0
  0
SPLINE
  5
1d6
100
AcDbEntity
  8
0
 62
7
100
AcDbSpline
 70
8
 71
3
 72
8
 73
4
 74
0
 40
0
 40
0
 40
0
 40
0
 40
1
 40
1
 40
1
 40
1
 10
185.342689
 20
166.013151
 30
0.0
 10
185.612405
 20
166.013151
 30
0.0
 10
185.845662
 20
165.929331
 30
0.0
 10
186.042485
 20
165.761665
 30
0.0
  0
SPLINE
  5
1d7
100
AcDbEntity
  8
0
 62
7
100
AcDbSpline
 70
8
 71
3
 72
8
 73
4
 74
0
 40
0
 40
0
 40
0
 40
0
 40
1
 40
1
 40
1
 40
1
 10
186.042485
 20
165.761665
 30
0.0
 10
186.246585
 20
165.594025
 30
0.0
 10
186.348635
 20
165.320684
 30
0.0
 10
186.348635
 20
164.941641
 30
0.0
  0
SPLINE
  5
1d8
100
AcDbEntity
  8
0
 62
7
100
AcDbSpline
 70
8
 71
3
 72
8
 73
4
 74
0
 40
0
 40
0
 40
0
 40
0
 40
1
 40
1
 40
1
 40
1
 10
186.348635
 20
164.941641
 30
0.0
 10
186.348635
 20
164.577178
 30
0.0
 10
186.246585
 20
164.303837
 30
0.0
 10
186.042485
 20
164.121618
 30
0.0
  0
SPLINE
  5
1d9
100
AcDbEntity
  8
0
 62
7
100
AcDbSpline
 70
8
 71
3
 72
8
 73
4
 74
0
 40
0
 40
0
 40
0
 40
0
 40
1
 40
1
 40
1
 40
1
 10
186.042485
 20
164.121618
 30
0.0
 10
185.845662
 20
163.946676
 30
0.0
 10
185.612405
 20
163.859205
 30
0.0
 10
185.342689
 20
163.859205
 30
0.0
  0
SPLINE
  5
1da
100
AcDbEntity
  8
0
 62
7
100
AcDbSpline
 70
8
 71
3
 72
8
 73
4
 74
0
 40
0
 40
0
 40
0
 40
0
 40
1
 40
1
 40
1
 40
1
 10
185.342689
 20
163.859205
 30
0.0
 10
185.072972
 20
163.859205
 30
0.0
 10
184.839716
 20
163.946676
 30
0.0
 10
184.642892
 20
164.121618
 30
0.0
  0
SPLINE
  5
1db
100
AcDbEntity
  8
0
 62
7
100
AcDbSpline
 70
8
 71
3
 72
8
 73
4
 74
0
 40
0
 40
0
 40
0
 40
0
 40
1
 40
1
 40
1
 40
1
 10
184.642892
 20
164.121618
 30
0.0
 10
184.453371
 20
164.303837
 30
0.0
 10
184.358598
 20
164.577178
 30
0.0
 10
184.358598
 20
164.941641
 30
0.0
  0
LWPOLYLINE
  5
1dc
100
AcDbEntity
  8
0
 62
7
100
AcDbPolyline
 90
1
 70
1
 10
180.192601
 20
164.941641
 30
0.0
  0
LWPOLYLINE
  5
1dd
100
AcDbEntity
  8
0
 62
7
100
AcDbPolyline
 90
1
 70
1
 10
184.358598
 20
164.941641
 30
0.0
  0
SPLINE
  5
1de
100
AcDbEntity
  8
0
 62
7
100
AcDbSpline
 70
8
 71
3
 72
8
 73
4
 74
0
 40
0
 40
0
 40
0
 40
0
 40
1
 40
1
 40
1
 40
1
 10
384.028685
 20
381.709647
 30
0.0
 10
383.788126
 20
382.336516
 30
0.0
 10
383.540291
 20
383.105522
 30
0.0
 10
383.285153
 20
384.016665
 30
0.0
  0
SPLINE
  5
1df
100
AcDbEntity
  8
0
 62
7
100
AcDbSpline
 70
8
 71
3
 72
8
 73
4
 74
0
 40
0
 40
0
 40
0
 40
0
 40
1
 40
1
 40
1
 40
1
 10
383.285153
 20
384.016665
 30
0.0
 10
383.124789
 20
383.316906
 30
0.0
 10
382.895157
 20
382.547900
 30
0.0
 10
382.596284
 20
381.709647
 30
0.0
  0
LWPOLYLINE
  5
1e0
100
AcDbEntity
  8
0
 62
7
100
AcDbPolyline
 90
11
 70
0
 10
378.091330
 20
369.999628
 30
0.0
 10
376.210618
 20
369.999628
 30
0.0
 10
382.530667
 20
386.050337
 30
0.0
 10
384.094276
 20
386.050337
 30
0.0
 10
390.381543
 20
369.999628
 30
0.0
 10
388.457096
 20
369.999628
 30
0.0
 10
386.467032
 20
375.083808
 30
0.0
 10
381.647012
 20
375.083808
 30
0.0
 10
382.303073
 20
376.756668
 30
0.0
 10
385.887516
 20
376.756668
 30
0.0
 10
384.028685
 20
381.709647
 30
0.0
  0
SPLINE
  5
1e1
100
AcDbEntity
  8
0
 62
7
100
AcDbSpline
 70
8
 71
3
 72
8
 73
4
 74
0
 40
0
 40
0
 40
0
 40
0
 40
1
 40
1
 40
1
 40
1
 10
380.190719
 20
388.925903
 30
0.0
 10
380.190719
 20
389.304943
 30
0.0
 10
380.285493
 20
389.578286
 30
0.0
 10
380.475014
 20
389.745937
 30
0.0
  0
SPLINE
  5
1e2
100
AcDbEntity
  8
0
 62
7
100
AcDbSpline
 70
8
 71
3
 72
8
 73
4
 74
0
 40
0
 40
0
 40
0
 40
0
 40
1
 40
1
 40
1
 40
1
 10
380.475014
 20
389.745937
 30
0.0
 10
380.671837
 20
389.913587
 30
0.0
 10
380.905094
 20
389.997413
 30
0.0
 10
381.174810
 20
389.997413
 30
0.0
  0
SPLINE
  5
1e3
100
AcDbEntity
  8
0
 62
7
100
AcDbSpline
 70
8
 71
3
 72
8
 73
4
 74
0
 40
0
 40
0
 40
0
 40
0
 40
1
 40
1
 40
1
 40
1
 10
381.174810
 20
389.997413
 30
0.0
 10
381.451802
 20
389.997413
 30
0.0
 10
381.688710
 20
389.913587
 30
0.0
 10
381.885534
 20
389.745937
 30
0.0
  0
SPLINE
  5
1e4
100
AcDbEntity
  8
0
 62
7
100
AcDbSpline
 70
8
 71
3
 72
8
 73
4
 74
0
 40
0
 40
0
 40
0
 40
0
 40
1
 40
1
 40
1
 40
1
 10
381.885534
 20
389.745937
 30
0.0
 10
382.089660
 20
389.578286
 30
0.0
 10
382.191710
 20
389.304943
 30
0.0
 10
382.191710
 20
388.925903
 30
0.0
  0
SPLINE
  5
1e5
100
AcDbEntity
  8
0
 62
7
100
AcDbSpline
 70
8
 71
3
 72
8
 73
4
 74
0
 40
0
 40
0
 40
0
 40
0
 40
1
 40
1
 40
1
 40
1
 10
382.191710
 20
388.925903
 30
0.0
 10
382.191710
 20
388.561448
 30
0.0
 10
382.089660
 20
388.288107
 30
0.0
 10
381.885534
 20
388.105875
 30
0.0
  0
SPLINE
  5
1e6
100
AcDbEntity
  8
0
 62
7
100
AcDbSpline
 70
8
 71
3
 72
8
 73
4
 74
0
 40
0
 40
0
 40
0
 40
0
 40
1
 40
1
 40
1
 40
1
 10
381.885534
 20
388.105875
 30
0.0
 10
381.688710
 20
387.930935
 30
0.0
 10
381.451802
 20
387.843466
 30
0.0
 10
381.174810
 20
387.843466
 30
0.0
  0
SPLINE
  5
1e7
100
AcDbEntity
  8
0
 62
7
100
AcDbSpline
 70
8
 71
3
 72
8
 73
4
 74
0
 40
0
 40
0
 40
0
 40
0
 40
1
 40
1
 40
1
 40
1
 10
381.174810
 20
387.843466
 30
0.0
 10
380.905094
 20
387.843466
 30
0.0
 10
380.671837
 20
387.930935
 30
0.0
 10
380.475014
 20
388.105875
 30
0.0
  0
SPLINE
  5
1e8
100
AcDbEntity
  8
0
 62
7
100
AcDbSpline
 70
8
 71
3
 72
8
 73
4
 74
0
 40
0
 40
0
 40
0
 40
0
 40
1
 40
1
 40
1
 40
1
 10
380.475014
 20
388.105875
 30
0.0
 10
380.285493
 20
388.288107
 30
0.0
 10
380.190719
 20
388.561448
 30
0.0
 10
380.190719
 20
388.925903
 30
0.0
  0
LWPOLYLINE
  5
1e9
100
AcDbEntity
  8
0
 62
7
100
AcDbPolyline
 90
2
 70
0
 10
382.596284
 20
381.709647
 30
0.0
 10
378.091330
 20
369.999628
 30
0.0
  0
SPLINE
  5
1ea
100
AcDbEntity
  8
0
 62
7
100
AcDbSpline
 70
8
 71
3
 72
8
 73
4
 74
0
 40
0
 40
0
 40
0
 40
0
 40
1
 40
1
 40
1
 40
1
 10
384.356716
 20
388.925903
 30
0.0
 10
384.356716
 20
389.304943
 30
0.0
 10
384.451490
 20
389.578286
 30
0.0
 10
384.641011
 20
389.745937
 30
0.0
  0
SPLINE
  5
1eb
100
AcDbEntity
  8
0
 62
7
100
AcDbSpline
 70
8
 71
3
 72
8
 73
4
 74
0
 40
0
 40
0
 40
0
 40
0
 40
1
 40
1
 40
1
 40
1
 10
384.641011
 20
389.745937
 30
0.0
 10
384.837834
 20
389.913587
 30
0.0
 10
385.071091
 20
389.997413
 30
0.0
 10
385.340807
 20
389.997413
 30
0.0
  0
SPLINE
  5
1ec
100
AcDbEntity
  8
0
 62
7
100
AcDbSpline
 70
8
 71
3
 72
8
 73
4
 74
0
 40
0
 40
0
 40
0
 40
0
 40
1
 40
1
 40
1
 40
1
 10
385.340807
 20
389.997413
 30
0.0
 10
385.610523
 20
389.997413
 30
0.0
 10
385.843780
 20
389.913587
 30
0.0
 10
386.040604
 20
389.745937
 30
0.0
  0
SPLINE
  5
1ed
100
AcDbEntity
  8
0
 62
7
100
AcDbSpline
 70
8
 71
3
 72
8
 73
4
 74
0
 40
0
 40
0
 40
0
 40
0
 40
1
 40
1
 40
1
 40
1
 10
386.040604
 20
389.745937
 30
0.0
 10
386.244703
 20
389.578286
 30
0.0
 10
386.346753
 20
389.304943
 30
0.0
 10
386.346753
 20
388.925903
 30
0.0
  0
SPLINE
  5
1ee
100
AcDbEntity
  8
0
 62
7
100
AcDbSpline
 70
8
 71
3
 72
8
 73
4
 74
0
 40
0
 40
0
 40
0
 40
0
 40
1
 40
1
 40
1
 40
1
 10
386.346753
 20
388.925903
 30
0.0
 10
386.346753
 20
388.561448
 30
0.0
 10
386.244703
 20
388.288107
 30
0.0
 10
386.040604
 20
388.105875
 30
0.0
  0
SPLINE
  5
1ef
100
AcDbEntity
  8
0
 62
7
100
AcDbSpline
 70
8
 71
3
 72
8
 73
4
 74
0
 40
0
 40
0
 40
0
 40
0
 40
1
 40
1
 40
1
 40
1
 10
386.040604
 20
388.105875
 30
0.0
 10
385.843780
 20
387.930935
 30
0.0
 10
385.610523
 20
387.843466
 30
0.0
 10
385.340807
 20
387.843466
 30
0.0
  0
SPLINE
  5
1f0
100
AcDbEntity
  8
0
 62
7
100
AcDbSpline
 70
8
 71
3
 72
8
 73
4
 74
0
 40
0
 40
0
 40
0
 40
0
 40
1
 40
1
 40
1
 40
1
 10
385.340807
 20
387.843466
 30
0.0
 10
385.071091
 20
387.843466
 30
0.0
 10
384.837834
 20
387.930935
 30
0.0
 10
384.641011
 20
388.105875
 30
0.0
  0
SPLINE
  5
1f1
100
AcDbEntity
  8
0
 62
7
100
AcDbSpline
 70
8
 71
3
 72
8
 73
4
 74
0
 40
0
 40
0
 40
0
 40
0
 40
1
 40
1
 40
1
 40
1
 10
384.641011
 20
388.105875
 30
0.0
 10
384.451490
 20
388.288107
 30
0.0
 10
384.356716
 20
388.561448
 30
0.0
 10
384.356716
 20
388.925903
 30
0.0
  0
LWPOLYLINE
  5
1f2
100
AcDbEntity
  8
0
 62
7
100
AcDbPolyline
 90
1
 70
1
 10
380.190719
 20
388.925903
 30
0.0
  0
LWPOLYLINE
  5
1f3
100
AcDbEntity
  8
0
 62
7
100
AcDbPolyline
 90
1
 70
1
 10
384.356716
 20
388.925903
 30
0.0
  0
LWPOLYLINE
  5
1f4
100
AcDbEntity
  8
0
 62
7
100
AcDbPolyline
 90
9
 70
1
 10
416.594555
 20
377.995741
 30
0.0
 10
420.858950
 20
385.988295
 30
0.0
 10
422.870868
 20
385.988295
 30
0.0
 10
417.534910
 20
376.202607
 30
0.0
 10
417.534910
 20
370.003186
 30
0.0
 10
415.654199
 20
370.003186
 30
0.0
 10
415.654199
 20
376.115141
 30
0.0
 10
410.329168
 20
385.988295
 30
0.0
 10
412.362968
 20
385.988295
 30
0.0
  0
LWPOLYLINE
  5
1f5
100
AcDbEntity
  8
0
 62
7
100
AcDbPolyline
 90
10
 70
1
 10
88.894507
 20
338.004997
 30
0.0
 10
77.905494
 20
338.004997
 30
0.0
 10
77.905494
 20
339.459184
 30
0.0
 10
86.390544
 20
352.317246
 30
0.0
 10
78.167918
 20
352.317246
 30
0.0
 10
78.167918
 20
353.990100
 30
0.0
 10
88.653953
 20
353.990100
 30
0.0
 10
88.653953
 20
352.535918
 30
0.0
 10
80.168903
 20
339.688794
 30
0.0
 10
88.894507
 20
339.688794
 30
0.0
  0
SPLINE
  5
1f6
100
AcDbEntity
  8
0
 62
7
100
AcDbSpline
 70
8
 71
3
 72
8
 73
4
 74
0
 40
0
 40
0
 40
0
 40
0
 40
1
 40
1
 40
1
 40
1
 10
117.441668
 20
348.709112
 30
0.0
 10
117.288587
 20
349.182910
 30
0.0
 10
117.117283
 20
349.780622
 30
0.0
 10
116.927757
 20
350.502246
 30
0.0
  0
SPLINE
  5
1f7
100
AcDbEntity
  8
0
 62
7
100
AcDbSpline
 70
8
 71
3
 72
8
 73
4
 74
0
 40
0
 40
0
 40
0
 40
0
 40
1
 40
1
 40
1
 40
1
 10
116.927757
 20
350.502246
 30
0.0
 10
116.738227
 20
351.223871
 30
0.0
 10
116.639818
 20
351.657576
 30
0.0
 10
116.632530
 20
351.803361
 30
0.0
  0
SPLINE
  5
1f8
100
AcDbEntity
  8
0
 62
7
100
AcDbSpline
 70
8
 71
3
 72
8
 73
4
 74
0
 40
0
 40
0
 40
0
 40
0
 40
1
 40
1
 40
1
 40
1
 10
116.632530
 20
351.803361
 30
0.0
 10
116.472157
 20
350.841192
 30
0.0
 10
116.217021
 20
349.787908
 30
0.0
 10
115.867122
 20
348.643511
 30
0.0
  0
LWPOLYLINE
  5
1f9
100
AcDbEntity
  8
0
 62
7
100
AcDbPolyline
 90
3
 70
0
 10
122.504269
 20
338.004997
 30
0.0
 10
120.667298
 20
338.004997
 30
0.0
 10
117.441668
 20
348.709112
 30
0.0
  0
SPLINE
  5
1fa
100
AcDbEntity
  8
0
 62
7
100
AcDbSpline
 70
8
 71
3
 72
8
 73
4
 74
0
 40
0
 40
0
 40
0
 40
0
 40
1
 40
1
 40
1
 40
1
 10
111.143484
 20
344.116951
 30
0.0
 10
111.493383
 20
342.732012
 30
0.0
 10
111.748519
 20
341.478277
 30
0.0
 10
111.908892
 20
340.355745
 30
0.0
  0
SPLINE
  5
1fb
100
AcDbEntity
  8
0
 62
7
100
AcDbSpline
 70
8
 71
3
 72
8
 73
4
 74
0
 40
0
 40
0
 40
0
 40
0
 40
1
 40
1
 40
1
 40
1
 10
111.908892
 20
340.355745
 30
0.0
 10
112.105710
 20
341.689665
 30
0.0
 10
112.397291
 20
342.994424
 30
0.0
 10
112.783636
 20
344.270023
 30
0.0
  0
LWPOLYLINE
  5
1fc
100
AcDbEntity
  8
0
 62
7
100
AcDbPolyline
 90
6
 70
0
 10
115.867122
 20
348.643511
 30
0.0
 10
112.739900
 20
338.004997
 30
0.0
 10
110.902930
 20
338.004997
 30
0.0
 10
106.649472
 20
353.990100
 30
0.0
 10
108.617655
 20
353.990100
 30
0.0
 10
111.143484
 20
344.116951
 30
0.0
  0
SPLINE
  5
1fd
100
AcDbEntity
  8
0
 62
7
100
AcDbSpline
 70
8
 71
3
 72
8
 73
4
 74
0
 40
0
 40
0
 40
0
 40
0
 40
1
 40
1
 40
1
 40
1
 10
120.623563
 20
344.182552
 30
0.0
 10
120.973462
 20
343.052735
 30
0.0
 10
121.268689
 20
341.777133
 30
0.0
 10
121.509245
 20
340.355745
 30
0.0
  0
SPLINE
  5
1fe
100
AcDbEntity
  8
0
 62
7
100
AcDbSpline
 70
8
 71
3
 72
8
 73
4
 74
0
 40
0
 40
0
 40
0
 40
0
 40
1
 40
1
 40
1
 40
1
 10
121.509245
 20
340.355745
 30
0.0
 10
121.647746
 20
341.390806
 30
0.0
 10
121.910170
 20
342.651830
 30
0.0
 10
122.296518
 20
344.138816
 30
0.0
  0
LWPOLYLINE
  5
1ff
100
AcDbEntity
  8
0
 62
7
100
AcDbPolyline
 90
4
 70
0
 10
112.783636
 20
344.270023
 30
0.0
 10
115.648438
 20
353.990100
 30
0.0
 10
117.616621
 20
353.990100
 30
0.0
 10
120.623563
 20
344.182552
 30
0.0
  0
LWPOLYLINE
  5
200
100
AcDbEntity
  8
0
 62
7
100
AcDbPolyline
 90
4
 70
0
 10
122.296518
 20
344.138816
 30
0.0
 10
124.811420
 20
353.990100
 30
0.0
 10
126.779597
 20
353.990100
 30
0.0
 10
122.504269
 20
338.004997
 30
0.0
  0
SPLINE
  5
201
100
AcDbEntity
  8
0
 62
7
100
AcDbSpline
 70
8
 71
3
 72
8
 73
4
 74
0
 40
0
 40
0
 40
0
 40
0
 40
1
 40
1
 40
1
 40
1
 10
178.658240
 20
351.420679
 30
0.0
 10
178.774875
 20
349.846224
 30
0.0
 10
178.833193
 20
348.402972
 30
0.0
 10
178.833193
 20
347.090921
 30
0.0
  0
LWPOLYLINE
  5
202
100
AcDbEntity
  8
0
 62
7
100
AcDbPolyline
 90
4
 70
0
 10
189.603518
 20
338.004997
 30
0.0
 10
187.482258
 20
338.004997
 30
0.0
 10
178.745711
 20
351.420679
 30
0.0
 10
178.658240
 20
351.420679
 30
0.0
  0
SPLINE
  5
203
100
AcDbEntity
  8
0
 62
7
100
AcDbSpline
 70
8
 71
3
 72
8
 73
4
 74
0
 40
0
 40
0
 40
0
 40
0
 40
1
 40
1
 40
1
 40
1
 10
188.018039
 20
340.629092
 30
0.0
 10
188.003469
 20
340.825899
 30
0.0
 10
187.970666
 20
341.456412
 30
0.0
 10
187.919630
 20
342.520630
 30
0.0
  0
SPLINE
  5
204
100
AcDbEntity
  8
0
 62
7
100
AcDbSpline
 70
8
 71
3
 72
8
 73
4
 74
0
 40
0
 40
0
 40
0
 40
0
 40
1
 40
1
 40
1
 40
1
 10
187.919630
 20
342.520630
 30
0.0
 10
187.868604
 20
343.592132
 30
0.0
 10
187.850380
 20
344.357491
 30
0.0
 10
187.864956
 20
344.816705
 30
0.0
  0
LWPOLYLINE
  5
205
100
AcDbEntity
  8
0
 62
7
100
AcDbPolyline
 90
7
 70
0
 10
178.833193
 20
347.090921
 30
0.0
 10
178.833193
 20
338.004997
 30
0.0
 10
177.116491
 20
338.004997
 30
0.0
 10
177.116491
 20
353.990100
 30
0.0
 10
179.215891
 20
353.990100
 30
0.0
 10
187.930562
 20
340.629092
 30
0.0
 10
188.018039
 20
340.629092
 30
0.0
  0
LWPOLYLINE
  5
206
100
AcDbEntity
  8
0
 62
7
100
AcDbPolyline
 90
4
 70
0
 10
187.864956
 20
344.816705
 30
0.0
 10
187.864956
 20
353.990100
 30
0.0
 10
189.603518
 20
353.990100
 30
0.0
 10
189.603518
 20
338.004997
 30
0.0
  0
LWPOLYLINE
  5
207
100
AcDbEntity
  8
0
 62
7
100
AcDbPolyline
 90
10
 70
1
 10
222.174520
 20
338.004997
 30
0.0
 10
211.185501
 20
338.004997
 30
0.0
 10
211.185501
 20
339.459184
 30
0.0
 10
219.670556
 20
352.317246
 30
0.0
 10
211.447930
 20
352.317246
 30
0.0
 10
211.447930
 20
353.990100
 30
0.0
 10
221.933966
 20
353.990100
 30
0.0
 10
221.933966
 20
352.535918
 30
0.0
 10
213.448911
 20
339.688794
 30
0.0
 10
222.174520
 20
339.688794
 30
0.0
  0
SPLINE
  5
208
100
AcDbEntity
  8
0
 62
7
100
AcDbSpline
 70
8
 71
3
 72
8
 73
4
 74
0
 40
0
 40
0
 40
0
 40
0
 40
1
 40
1
 40
1
 40
1
 10
256.511420
 20
338.606352
 30
0.0
 10
255.665829
 20
338.336654
 30
0.0
 10
254.805662
 20
338.132557
 30
0.0
 10
253.930917
 20
337.994064
 30
0.0
  0
SPLINE
  5
209
100
AcDbEntity
  8
0
 62
7
100
AcDbSpline
 70
8
 71
3
 72
8
 73
4
 74
0
 40
0
 40
0
 40
0
 40
0
 40
1
 40
1
 40
1
 40
1
 10
253.930917
 20
337.994064
 30
0.0
 10
253.056170
 20
337.855570
 30
0.0
 10
252.042918
 20
337.786324
 30
0.0
 10
250.891162
 20
337.786324
 30
0.0
  0
SPLINE
  5
20a
100
AcDbEntity
  8
0
 62
7
100
AcDbSpline
 70
8
 71
3
 72
8
 73
4
 74
0
 40
0
 40
0
 40
0
 40
0
 40
1
 40
1
 40
1
 40
1
 10
250.891162
 20
337.786324
 30
0.0
 10
248.471029
 20
337.786324
 30
0.0
 10
246.586677
 20
338.504304
 30
0.0
 10
245.238106
 20
339.940265
 30
0.0
  0
SPLINE
  5
20b
100
AcDbEntity
  8
0
 62
7
100
AcDbSpline
 70
8
 71
3
 72
8
 73
4
 74
0
 40
0
 40
0
 40
0
 40
0
 40
1
 40
1
 40
1
 40
1
 10
245.238106
 20
339.940265
 30
0.0
 10
243.889539
 20
341.383518
 30
0.0
 10
243.215255
 20
343.402613
 30
0.0
 10
243.215255
 20
345.997551
 30
0.0
  0
SPLINE
  5
20c
100
AcDbEntity
  8
0
 62
7
100
AcDbSpline
 70
8
 71
3
 72
8
 73
4
 74
0
 40
0
 40
0
 40
0
 40
0
 40
1
 40
1
 40
1
 40
1
 10
243.215255
 20
345.997551
 30
0.0
 10
243.215255
 20
347.659477
 30
0.0
 10
243.546932
 20
349.113662
 30
0.0
 10
244.210284
 20
350.360107
 30
0.0
  0
SPLINE
  5
20d
100
AcDbEntity
  8
0
 62
7
100
AcDbSpline
 70
8
 71
3
 72
8
 73
4
 74
0
 40
0
 40
0
 40
0
 40
0
 40
1
 40
1
 40
1
 40
1
 10
244.210284
 20
350.360107
 30
0.0
 10
244.880922
 20
351.613844
 30
0.0
 10
245.843143
 20
352.568722
 30
0.0
 10
247.096947
 20
353.224740
 30
0.0
  0
SPLINE
  5
20e
100
AcDbEntity
  8
0
 62
7
100
AcDbSpline
 70
8
 71
3
 72
8
 73
4
 74
0
 40
0
 40
0
 40
0
 40
0
 40
1
 40
1
 40
1
 40
1
 10
247.096947
 20
353.224740
 30
0.0
 10
248.350751
 20
353.888054
 30
0.0
 10
249.819599
 20
354.219711
 30
0.0
 10
251.503492
 20
354.219711
 30
0.0
  0
SPLINE
  5
20f
100
AcDbEntity
  8
0
 62
7
100
AcDbSpline
 70
8
 71
3
 72
8
 73
4
 74
0
 40
0
 40
0
 40
0
 40
0
 40
1
 40
1
 40
1
 40
1
 10
251.503492
 20
354.219711
 30
0.0
 10
253.209247
 20
354.219711
 30
0.0
 10
254.798370
 20
353.906278
 30
0.0
 10
256.270861
 20
353.279414
 30
0.0
  0
LWPOLYLINE
  5
210
100
AcDbEntity
  8
0
 62
7
100
AcDbPolyline
 90
3
 70
0
 10
251.077047
 20
346.380234
 30
0.0
 10
256.511420
 20
346.380234
 30
0.0
 10
256.511420
 20
338.606352
 30
0.0
  0
SPLINE
  5
211
100
AcDbEntity
  8
0
 62
7
100
AcDbSpline
 70
8
 71
3
 72
8
 73
4
 74
0
 40
0
 40
0
 40
0
 40
0
 40
1
 40
1
 40
1
 40
1
 10
255.549194
 20
351.639357
 30
0.0
 10
254.105863
 20
352.251645
 30
0.0
 10
252.717203
 20
352.557789
 30
0.0
 10
251.383213
 20
352.557789
 30
0.0
  0
SPLINE
  5
212
100
AcDbEntity
  8
0
 62
7
100
AcDbSpline
 70
8
 71
3
 72
8
 73
4
 74
0
 40
0
 40
0
 40
0
 40
0
 40
1
 40
1
 40
1
 40
1
 10
251.383213
 20
352.557789
 30
0.0
 10
249.436895
 20
352.557789
 30
0.0
 10
247.917021
 20
351.978300
 30
0.0
 10
246.823590
 20
350.819323
 30
0.0
  0
SPLINE
  5
213
100
AcDbEntity
  8
0
 62
7
100
AcDbSpline
 70
8
 71
3
 72
8
 73
4
 74
0
 40
0
 40
0
 40
0
 40
0
 40
1
 40
1
 40
1
 40
1
 10
246.823590
 20
350.819323
 30
0.0
 10
245.730155
 20
349.660346
 30
0.0
 10
245.183438
 20
348.053088
 30
0.0
 10
245.183438
 20
345.997551
 30
0.0
  0
SPLINE
  5
214
100
AcDbEntity
  8
0
 62
7
100
AcDbSpline
 70
8
 71
3
 72
8
 73
4
 74
0
 40
0
 40
0
 40
0
 40
0
 40
1
 40
1
 40
1
 40
1
 10
245.183438
 20
345.997551
 30
0.0
 10
245.183438
 20
343.839962
 30
0.0
 10
245.708286
 20
342.203548
 30
0.0
 10
246.757984
 20
341.088308
 30
0.0
  0
SPLINE
  5
215
100
AcDbEntity
  8
0
 62
7
100
AcDbSpline
 70
8
 71
3
 72
8
 73
4
 74
0
 40
0
 40
0
 40
0
 40
0
 40
1
 40
1
 40
1
 40
1
 10
246.757984
 20
341.088308
 30
0.0
 10
247.814969
 20
339.973068
 30
0.0
 10
249.364001
 20
339.415448
 30
0.0
 10
251.405078
 20
339.415448
 30
0.0
  0
SPLINE
  5
216
100
AcDbEntity
  8
0
 62
7
100
AcDbSpline
 70
8
 71
3
 72
8
 73
4
 74
0
 40
0
 40
0
 40
0
 40
0
 40
1
 40
1
 40
1
 40
1
 10
251.405078
 20
339.415448
 30
0.0
 10
252.513093
 20
339.415448
 30
0.0
 10
253.595595
 20
339.543007
 30
0.0
 10
254.652584
 20
339.798125
 30
0.0
  0
LWPOLYLINE
  5
217
100
AcDbEntity
  8
0
 62
7
100
AcDbPolyline
 90
2
 70
0
 10
256.270861
 20
353.279414
 30
0.0
 10
255.549194
 20
351.639357
 30
0.0
  0
LWPOLYLINE
  5
218
100
AcDbEntity
  8
0
 62
7
100
AcDbPolyline
 90
4
 70
0
 10
254.652584
 20
339.798125
 30
0.0
 10
254.652584
 20
344.718306
 30
0.0
 10
251.077047
 20
344.718306
 30
0.0
 10
251.077047
 20
346.380234
 30
0.0
  0
SPLINE
  5
219
100
AcDbEntity
  8
0
 62
7
100
AcDbSpline
 70
8
 71
3
 72
8
 73
4
 74
0
 40
0
 40
0
 40
0
 40
0
 40
1
 40
1
 40
1
 40
1
 10
89.343891
 20
210.673812
 30
0.0
 10
88.498301
 20
210.404114
 30
0.0
 10
87.638133
 20
210.200023
 30
0.0
 10
86.763389
 20
210.061540
 30
0.0
  0
SPLINE
  5
21a
100
AcDbEntity
  8
0
 62
7
100
AcDbSpline
 70
8
 71
3
 72
8
 73
4
 74
0
 40
0
 40
0
 40
0
 40
0
 40
1
 40
1
 40
1
 40
1
 10
86.763389
 20
210.061540
 30
0.0
 10
85.888641
 20
209.923039
 30
0.0
 10
84.875389
 20
209.853789
 30
0.0
 10
83.723633
 20
209.853789
 30
0.0
  0
SPLINE
  5
21b
100
AcDbEntity
  8
0
 62
7
100
AcDbSpline
 70
8
 71
3
 72
8
 73
4
 74
0
 40
0
 40
0
 40
0
 40
0
 40
1
 40
1
 40
1
 40
1
 10
83.723633
 20
209.853789
 30
0.0
 10
81.303500
 20
209.853789
 30
0.0
 10
79.419148
 20
210.571771
 30
0.0
 10
78.070578
 20
212.007736
 30
0.0
  0
SPLINE
  5
21c
100
AcDbEntity
  8
0
 62
7
100
AcDbSpline
 70
8
 71
3
 72
8
 73
4
 74
0
 40
0
 40
0
 40
0
 40
0
 40
1
 40
1
 40
1
 40
1
 10
78.070578
 20
212.007736
 30
0.0
 10
76.722011
 20
213.450985
 30
0.0
 10
76.047727
 20
215.470082
 30
0.0
 10
76.047727
 20
218.065027
 30
0.0
  0
SPLINE
  5
21d
100
AcDbEntity
  8
0
 62
7
100
AcDbSpline
 70
8
 71
3
 72
8
 73
4
 74
0
 40
0
 40
0
 40
0
 40
0
 40
1
 40
1
 40
1
 40
1
 10
76.047727
 20
218.065027
 30
0.0
 10
76.047727
 20
219.726946
 30
0.0
 10
76.379403
 20
221.181131
 30
0.0
 10
77.042756
 20
222.427583
 30
0.0
  0
SPLINE
  5
21e
100
AcDbEntity
  8
0
 62
7
100
AcDbSpline
 70
8
 71
3
 72
8
 73
4
 74
0
 40
0
 40
0
 40
0
 40
0
 40
1
 40
1
 40
1
 40
1
 10
77.042756
 20
222.427583
 30
0.0
 10
77.713394
 20
223.681320
 30
0.0
 10
78.675615
 20
224.636192
 30
0.0
 10
79.929418
 20
225.292200
 30
0.0
  0
SPLINE
  5
21f
100
AcDbEntity
  8
0
 62
7
100
AcDbSpline
 70
8
 71
3
 72
8
 73
4
 74
0
 40
0
 40
0
 40
0
 40
0
 40
1
 40
1
 40
1
 40
1
 10
79.929418
 20
225.292200
 30
0.0
 10
81.183222
 20
225.955528
 30
0.0
 10
82.652071
 20
226.287192
 30
0.0
 10
84.335964
 20
226.287192
 30
0.0
  0
SPLINE
  5
220
100
AcDbEntity
  8
0
 62
7
100
AcDbSpline
 70
8
 71
3
 72
8
 73
4
 74
0
 40
0
 40
0
 40
0
 40
0
 40
1
 40
1
 40
1
 40
1
 10
84.335964
 20
226.287192
 30
0.0
 10
86.041719
 20
226.287192
 30
0.0
 10
87.630841
 20
225.973758
 30
0.0
 10
89.103332
 20
225.346890
 30
0.0
  0
LWPOLYLINE
  5
221
100
AcDbEntity
  8
0
 62
7
100
AcDbPolyline
 90
3
 70
0
 10
83.909519
 20
218.447694
 30
0.0
 10
89.343891
 20
218.447694
 30
0.0
 10
89.343891
 20
210.673812
 30
0.0
  0
SPLINE
  5
222
100
AcDbEntity
  8
0
 62
7
100
AcDbSpline
 70
8
 71
3
 72
8
 73
4
 74
0
 40
0
 40
0
 40
0
 40
0
 40
1
 40
1
 40
1
 40
1
 10
88.381665
 20
223.706817
 30
0.0
 10
86.938335
 20
224.319116
 30
0.0
 10
85.549675
 20
224.625265
 30
0.0
 10
84.215684
 20
224.625265
 30
0.0
  0
SPLINE
  5
223
100
AcDbEntity
  8
0
 62
7
100
AcDbSpline
 70
8
 71
3
 72
8
 73
4
 74
0
 40
0
 40
0
 40
0
 40
0
 40
1
 40
1
 40
1
 40
1
 10
84.215684
 20
224.625265
 30
0.0
 10
82.269367
 20
224.625265
 30
0.0
 10
80.749493
 20
224.045775
 30
0.0
 10
79.656062
 20
222.886794
 30
0.0
  0
SPLINE
  5
224
100
AcDbEntity
  8
0
 62
7
100
AcDbSpline
 70
8
 71
3
 72
8
 73
4
 74
0
 40
0
 40
0
 40
0
 40
0
 40
1
 40
1
 40
1
 40
1
 10
79.656062
 20
222.886794
 30
0.0
 10
78.562627
 20
221.727813
 30
0.0
 10
78.015909
 20
220.120557
 30
0.0
 10
78.015909
 20
218.065027
 30
0.0
  0
SPLINE
  5
225
100
AcDbEntity
  8
0
 62
7
100
AcDbSpline
 70
8
 71
3
 72
8
 73
4
 74
0
 40
0
 40
0
 40
0
 40
0
 40
1
 40
1
 40
1
 40
1
 10
78.015909
 20
218.065027
 30
0.0
 10
78.015909
 20
215.907438
 30
0.0
 10
78.540758
 20
214.271026
 30
0.0
 10
79.590455
 20
213.155789
 30
0.0
  0
SPLINE
  5
226
100
AcDbEntity
  8
0
 62
7
100
AcDbSpline
 70
8
 71
3
 72
8
 73
4
 74
0
 40
0
 40
0
 40
0
 40
0
 40
1
 40
1
 40
1
 40
1
 10
79.590455
 20
213.155789
 30
0.0
 10
80.647441
 20
212.040535
 30
0.0
 10
82.196473
 20
211.482908
 30
0.0
 10
84.237550
 20
211.482908
 30
0.0
  0
SPLINE
  5
227
100
AcDbEntity
  8
0
 62
7
100
AcDbSpline
 70
8
 71
3
 72
8
 73
4
 74
0
 40
0
 40
0
 40
0
 40
0
 40
1
 40
1
 40
1
 40
1
 10
84.237550
 20
211.482908
 30
0.0
 10
85.345565
 20
211.482908
 30
0.0
 10
86.428067
 20
211.610473
 30
0.0
 10
87.485056
 20
211.865601
 30
0.0
  0
LWPOLYLINE
  5
228
100
AcDbEntity
  8
0
 62
7
100
AcDbPolyline
 90
2
 70
0
 10
89.103332
 20
225.346890
 30
0.0
 10
88.381665
 20
223.706817
 30
0.0
  0
LWPOLYLINE
  5
229
100
AcDbEntity
  8
0
 62
7
100
AcDbPolyline
 90
4
 70
0
 10
87.485056
 20
211.865601
 30
0.0
 10
87.485056
 20
216.785767
 30
0.0
 10
83.909519
 20
216.785767
 30
0.0
 10
83.909519
 20
218.447694
 30
0.0
  0
SPLINE
  5
22a
100
AcDbEntity
  8
0
 62
7
100
AcDbSpline
 70
8
 71
3
 72
8
 73
4
 74
0
 40
0
 40
0
 40
0
 40
0
 40
1
 40
1
 40
1
 40
1
 10
314.797572
 20
339.612256
 30
0.0
 10
317.013590
 20
339.612256
 30
0.0
 10
318.679274
 20
340.155297
 30
0.0
 10
319.794572
 20
341.241380
 30
0.0
  0
SPLINE
  5
22b
100
AcDbEntity
  8
0
 62
7
100
AcDbSpline
 70
8
 71
3
 72
8
 73
4
 74
0
 40
0
 40
0
 40
0
 40
0
 40
1
 40
1
 40
1
 40
1
 10
319.794572
 20
341.241380
 30
0.0
 10
320.909871
 20
342.334755
 30
0.0
 10
321.467533
 20
343.949303
 30
0.0
 10
321.467533
 20
346.085022
 30
0.0
  0
SPLINE
  5
22c
100
AcDbEntity
  8
0
 62
7
100
AcDbSpline
 70
8
 71
3
 72
8
 73
4
 74
0
 40
0
 40
0
 40
0
 40
0
 40
1
 40
1
 40
1
 40
1
 10
321.467533
 20
346.085022
 30
0.0
 10
321.467533
 20
348.169719
 30
0.0
 10
320.942679
 20
349.740529
 30
0.0
 10
319.892971
 20
350.797453
 30
0.0
  0
SPLINE
  5
22d
100
AcDbEntity
  8
0
 62
7
100
AcDbSpline
 70
8
 71
3
 72
8
 73
4
 74
0
 40
0
 40
0
 40
0
 40
0
 40
1
 40
1
 40
1
 40
1
 10
319.892971
 20
350.797453
 30
0.0
 10
318.850566
 20
351.854381
 30
0.0
 10
317.297885
 20
352.382846
 30
0.0
 10
315.234955
 20
352.382846
 30
0.0
  0
LWPOLYLINE
  5
22e
100
AcDbEntity
  8
0
 62
7
100
AcDbPolyline
 90
2
 70
0
 10
314.121668
 20
339.612256
 30
0.0
 10
314.797572
 20
339.612256
 30
0.0
  0
SPLINE
  5
22f
100
AcDbEntity
  8
0
 62
7
100
AcDbSpline
 70
8
 71
3
 72
8
 73
4
 74
0
 40
0
 40
0
 40
0
 40
0
 40
1
 40
1
 40
1
 40
1
 10
315.572616
 20
353.990016
 30
0.0
 10
318.058350
 20
353.990016
 30
0.0
 10
319.990100
 20
353.301191
 30
0.0
 10
321.367811
 20
351.923546
 30
0.0
  0
SPLINE
  5
230
100
AcDbEntity
  8
0
 62
7
100
AcDbSpline
 70
8
 71
3
 72
8
 73
4
 74
0
 40
0
 40
0
 40
0
 40
0
 40
1
 40
1
 40
1
 40
1
 10
321.367811
 20
351.923546
 30
0.0
 10
322.745550
 20
350.545895
 30
0.0
 10
323.434419
 20
348.621559
 30
0.0
 10
323.434419
 20
346.150538
 30
0.0
  0
SPLINE
  5
231
100
AcDbEntity
  8
0
 62
7
100
AcDbSpline
 70
8
 71
3
 72
8
 73
4
 74
0
 40
0
 40
0
 40
0
 40
0
 40
1
 40
1
 40
1
 40
1
 10
323.434419
 20
346.150538
 30
0.0
 10
323.434419
 20
343.511862
 30
0.0
 10
322.716393
 20
341.492768
 30
0.0
 10
321.280340
 20
340.093258
 30
0.0
  0
SPLINE
  5
232
100
AcDbEntity
  8
0
 62
7
100
AcDbSpline
 70
8
 71
3
 72
8
 73
4
 74
0
 40
0
 40
0
 40
0
 40
0
 40
1
 40
1
 40
1
 40
1
 10
321.280340
 20
340.093258
 30
0.0
 10
319.851590
 20
338.701028
 30
0.0
 10
317.792285
 20
338.004912
 30
0.0
 10
315.102425
 20
338.004912
 30
0.0
  0
LWPOLYLINE
  5
233
100
AcDbEntity
  8
0
 62
7
100
AcDbPolyline
 90
6
 70
0
 10
315.234955
 20
352.382846
 30
0.0
 10
312.534168
 20
352.382846
 30
0.0
 10
312.534168
 20
338.006499
 30
0.0
 10
310.674015
 20
338.004912
 30
0.0
 10
310.674015
 20
353.990016
 30
0.0
 10
315.572616
 20
353.990016
 30
0.0
  0
LWPOLYLINE
  5
234
100
AcDbEntity
  8
0
 62
7
100
AcDbPolyline
 90
3
 70
0
 10
315.102425
 20
338.004912
 30
0.0
 10
314.120160
 20
338.004912
 30
0.0
 10
314.121668
 20
339.612256
 30
0.0
  0
SPLINE
  5
235
100
AcDbEntity
  8
0
 62
7
100
AcDbSpline
 70
8
 71
3
 72
8
 73
4
 74
0
 40
0
 40
0
 40
0
 40
0
 40
1
 40
1
 40
1
 40
1
 10
348.124462
 20
275.615492
 30
0.0
 10
350.340480
 20
275.615492
 30
0.0
 10
352.006165
 20
276.158534
 30
0.0
 10
353.121463
 20
277.244617
 30
0.0
  0
SPLINE
  5
236
100
AcDbEntity
  8
0
 62
7
100
AcDbSpline
 70
8
 71
3
 72
8
 73
4
 74
0
 40
0
 40
0
 40
0
 40
0
 40
1
 40
1
 40
1
 40
1
 10
353.121463
 20
277.244617
 30
0.0
 10
354.236761
 20
278.337991
 30
0.0
 10
354.794423
 20
279.952540
 30
0.0
 10
354.794423
 20
282.088259
 30
0.0
  0
SPLINE
  5
237
100
AcDbEntity
  8
0
 62
7
100
AcDbSpline
 70
8
 71
3
 72
8
 73
4
 74
0
 40
0
 40
0
 40
0
 40
0
 40
1
 40
1
 40
1
 40
1
 10
354.794423
 20
282.088259
 30
0.0
 10
354.794423
 20
284.172956
 30
0.0
 10
354.269569
 20
285.743766
 30
0.0
 10
353.219861
 20
286.800689
 30
0.0
  0
SPLINE
  5
238
100
AcDbEntity
  8
0
 62
7
100
AcDbSpline
 70
8
 71
3
 72
8
 73
4
 74
0
 40
0
 40
0
 40
0
 40
0
 40
1
 40
1
 40
1
 40
1
 10
353.219861
 20
286.800689
 30
0.0
 10
352.177456
 20
287.857618
 30
0.0
 10
350.624775
 20
288.386083
 30
0.0
 10
348.561845
 20
288.386083
 30
0.0
  0
LWPOLYLINE
  5
239
100
AcDbEntity
  8
0
 62
7
100
AcDbPolyline
 90
2
 70
0
 10
347.448558
 20
275.615492
 30
0.0
 10
348.124462
 20
275.615492
 30
0.0
  0
SPLINE
  5
23a
100
AcDbEntity
  8
0
 62
7
100
AcDbSpline
 70
8
 71
3
 72
8
 73
4
 74
0
 40
0
 40
0
 40
0
 40
0
 40
1
 40
1
 40
1
 40
1
 10
348.899506
 20
289.993252
 30
0.0
 10
351.385240
 20
289.993252
 30
0.0
 10
353.316990
 20
289.304428
 30
0.0
 10
354.694702
 20
287.926783
 30
0.0
  0
SPLINE
  5
23b
100
AcDbEntity
  8
0
 62
7
100
AcDbSpline
 70
8
 71
3
 72
8
 73
4
 74
0
 40
0
 40
0
 40
0
 40
0
 40
1
 40
1
 40
1
 40
1
 10
354.694702
 20
287.926783
 30
0.0
 10
356.072440
 20
286.549132
 30
0.0
 10
356.761309
 20
284.624796
 30
0.0
 10
356.761309
 20
282.153775
 30
0.0
  0
SPLINE
  5
23c
100
AcDbEntity
  8
0
 62
7
100
AcDbSpline
 70
8
 71
3
 72
8
 73
4
 74
0
 40
0
 40
0
 40
0
 40
0
 40
1
 40
1
 40
1
 40
1
 10
356.761309
 20
282.153775
 30
0.0
 10
356.761309
 20
279.515099
 30
0.0
 10
356.043283
 20
277.496005
 30
0.0
 10
354.607230
 20
276.096494
 30
0.0
  0
SPLINE
  5
23d
100
AcDbEntity
  8
0
 62
7
100
AcDbSpline
 70
8
 71
3
 72
8
 73
4
 74
0
 40
0
 40
0
 40
0
 40
0
 40
1
 40
1
 40
1
 40
1
 10
354.607230
 20
276.096494
 30
0.0
 10
353.178480
 20
274.704265
 30
0.0
 10
351.119175
 20
274.008149
 30
0.0
 10
348.429315
 20
274.008149
 30
0.0
  0
LWPOLYLINE
  5
23e
100
AcDbEntity
  8
0
 62
7
100
AcDbPolyline
 90
6
 70
0
 10
348.561845
 20
288.386083
 30
0.0
 10
345.861058
 20
288.386083
 30
0.0
 10
345.861058
 20
274.009736
 30
0.0
 10
344.000905
 20
274.008149
 30
0.0
 10
344.000905
 20
289.993252
 30
0.0
 10
348.899506
 20
289.993252
 30
0.0
  0
LWPOLYLINE
  5
23f
100
AcDbEntity
  8
0
 62
7
100
AcDbPolyline
 90
3
 70
0
 10
348.429315
 20
274.008149
 30
0.0
 10
347.447050
 20
274.008149
 30
0.0
 10
347.448558
 20
275.615492
 30
0.0
  0
SPLINE
  5
240
100
AcDbEntity
  8
0
 62
7
100
AcDbSpline
 70
8
 71
3
 72
8
 73
4
 74
0
 40
0
 40
0
 40
0
 40
0
 40
1
 40
1
 40
1
 40
1
 10
181.519923
 20
307.617839
 30
0.0
 10
183.735940
 20
307.617839
 30
0.0
 10
185.401625
 20
308.160880
 30
0.0
 10
186.516923
 20
309.246963
 30
0.0
  0
SPLINE
  5
241
100
AcDbEntity
  8
0
 62
7
100
AcDbSpline
 70
8
 71
3
 72
8
 73
4
 74
0
 40
0
 40
0
 40
0
 40
0
 40
1
 40
1
 40
1
 40
1
 10
186.516923
 20
309.246963
 30
0.0
 10
187.632221
 20
310.340338
 30
0.0
 10
188.189883
 20
311.954886
 30
0.0
 10
188.189883
 20
314.090606
 30
0.0
  0
SPLINE
  5
242
100
AcDbEntity
  8
0
 62
7
100
AcDbSpline
 70
8
 71
3
 72
8
 73
4
 74
0
 40
0
 40
0
 40
0
 40
0
 40
1
 40
1
 40
1
 40
1
 10
188.189883
 20
314.090606
 30
0.0
 10
188.189883
 20
316.175303
 30
0.0
 10
187.665029
 20
317.746113
 30
0.0
 10
186.615321
 20
318.803036
 30
0.0
  0
SPLINE
  5
243
100
AcDbEntity
  8
0
 62
7
100
AcDbSpline
 70
8
 71
3
 72
8
 73
4
 74
0
 40
0
 40
0
 40
0
 40
0
 40
1
 40
1
 40
1
 40
1
 10
186.615321
 20
318.803036
 30
0.0
 10
185.572916
 20
319.859964
 30
0.0
 10
184.020235
 20
320.388430
 30
0.0
 10
181.957305
 20
320.388430
 30
0.0
  0
LWPOLYLINE
  5
244
100
AcDbEntity
  8
0
 62
7
100
AcDbPolyline
 90
2
 70
0
 10
180.844018
 20
307.617839
 30
0.0
 10
181.519923
 20
307.617839
 30
0.0
  0
SPLINE
  5
245
100
AcDbEntity
  8
0
 62
7
100
AcDbSpline
 70
8
 71
3
 72
8
 73
4
 74
0
 40
0
 40
0
 40
0
 40
0
 40
1
 40
1
 40
1
 40
1
 10
182.294967
 20
321.995599
 30
0.0
 10
184.780701
 20
321.995599
 30
0.0
 10
186.712450
 20
321.306775
 30
0.0
 10
188.090162
 20
319.929129
 30
0.0
  0
SPLINE
  5
246
100
AcDbEntity
  8
0
 62
7
100
AcDbSpline
 70
8
 71
3
 72
8
 73
4
 74
0
 40
0
 40
0
 40
0
 40
0
 40
1
 40
1
 40
1
 40
1
 10
188.090162
 20
319.929129
 30
0.0
 10
189.467900
 20
318.551478
 30
0.0
 10
190.156769
 20
316.627142
 30
0.0
 10
190.156769
 20
314.156122
 30
0.0
  0
SPLINE
  5
247
100
AcDbEntity
  8
0
 62
7
100
AcDbSpline
 70
8
 71
3
 72
8
 73
4
 74
0
 40
0
 40
0
 40
0
 40
0
 40
1
 40
1
 40
1
 40
1
 10
190.156769
 20
314.156122
 30
0.0
 10
190.156769
 20
311.517445
 30
0.0
 10
189.438743
 20
309.498352
 30
0.0
 10
188.002691
 20
308.098841
 30
0.0
  0
SPLINE
  5
248
100
AcDbEntity
  8
0
 62
7
100
AcDbSpline
 70
8
 71
3
 72
8
 73
4
 74
0
 40
0
 40
0
 40
0
 40
0
 40
1
 40
1
 40
1
 40
1
 10
188.002691
 20
308.098841
 30
0.0
 10
186.573941
 20
306.706611
 30
0.0
 10
184.514636
 20
306.010495
 30
0.0
 10
181.824776
 20
306.010495
 30
0.0
  0
LWPOLYLINE
  5
249
100
AcDbEntity
  8
0
 62
7
100
AcDbPolyline
 90
6
 70
0
 10
181.957305
 20
320.388430
 30
0.0
 10
179.256518
 20
320.388430
 30
0.0
 10
179.256518
 20
306.012083
 30
0.0
 10
177.396365
 20
306.010495
 30
0.0
 10
177.396365
 20
321.995599
 30
0.0
 10
182.294967
 20
321.995599
 30
0.0
  0
LWPOLYLINE
  5
24a
100
AcDbEntity
  8
0
 62
7
100
AcDbPolyline
 90
3
 70
0
 10
181.824776
 20
306.010495
 30
0.0
 10
180.842510
 20
306.010495
 30
0.0
 10
180.844018
 20
307.617839
 30
0.0
  0
SPLINE
  5
24b
100
AcDbEntity
  8
0
 62
7
100
AcDbSpline
 70
8
 71
3
 72
8
 73
4
 74
0
 40
0
 40
0
 40
0
 40
0
 40
1
 40
1
 40
1
 40
1
 10
148.185288
 20
403.612421
 30
0.0
 10
150.401306
 20
403.612421
 30
0.0
 10
152.066990
 20
404.155463
 30
0.0
 10
153.182288
 20
405.241546
 30
0.0
  0
SPLINE
  5
24c
100
AcDbEntity
  8
0
 62
7
100
AcDbSpline
 70
8
 71
3
 72
8
 73
4
 74
0
 40
0
 40
0
 40
0
 40
0
 40
1
 40
1
 40
1
 40
1
 10
153.182288
 20
405.241546
 30
0.0
 10
154.297586
 20
406.334920
 30
0.0
 10
154.855249
 20
407.949469
 30
0.0
 10
154.855249
 20
410.085188
 30
0.0
  0
SPLINE
  5
24d
100
AcDbEntity
  8
0
 62
7
100
AcDbSpline
 70
8
 71
3
 72
8
 73
4
 74
0
 40
0
 40
0
 40
0
 40
0
 40
1
 40
1
 40
1
 40
1
 10
154.855249
 20
410.085188
 30
0.0
 10
154.855249
 20
412.169885
 30
0.0
 10
154.330395
 20
413.740695
 30
0.0
 10
153.280687
 20
414.797618
 30
0.0
  0
SPLINE
  5
24e
100
AcDbEntity
  8
0
 62
7
100
AcDbSpline
 70
8
 71
3
 72
8
 73
4
 74
0
 40
0
 40
0
 40
0
 40
0
 40
1
 40
1
 40
1
 40
1
 10
153.280687
 20
414.797618
 30
0.0
 10
152.238281
 20
415.854547
 30
0.0
 10
150.685601
 20
416.383012
 30
0.0
 10
148.622671
 20
416.383012
 30
0.0
  0
LWPOLYLINE
  5
24f
100
AcDbEntity
  8
0
 62
7
100
AcDbPolyline
 90
2
 70
0
 10
147.509383
 20
403.612421
 30
0.0
 10
148.185288
 20
403.612421
 30
0.0
  0
SPLINE
  5
250
100
AcDbEntity
  8
0
 62
7
100
AcDbSpline
 70
8
 71
3
 72
8
 73
4
 74
0
 40
0
 40
0
 40
0
 40
0
 40
1
 40
1
 40
1
 40
1
 10
148.960332
 20
417.990181
 30
0.0
 10
151.446066
 20
417.990181
 30
0.0
 10
153.377815
 20
417.301357
 30
0.0
 10
154.755527
 20
415.923711
 30
0.0
  0
SPLINE
  5
251
100
AcDbEntity
  8
0
 62
7
100
AcDbSpline
 70
8
 71
3
 72
8
 73
4
 74
0
 40
0
 40
0
 40
0
 40
0
 40
1
 40
1
 40
1
 40
1
 10
154.755527
 20
415.923711
 30
0.0
 10
156.133266
 20
414.546060
 30
0.0
 10
156.822135
 20
412.621725
 30
0.0
 10
156.822135
 20
410.150704
 30
0.0
  0
SPLINE
  5
252
100
AcDbEntity
  8
0
 62
7
100
AcDbSpline
 70
8
 71
3
 72
8
 73
4
 74
0
 40
0
 40
0
 40
0
 40
0
 40
1
 40
1
 40
1
 40
1
 10
156.822135
 20
410.150704
 30
0.0
 10
156.822135
 20
407.512028
 30
0.0
 10
156.104108
 20
405.492934
 30
0.0
 10
154.668056
 20
404.093423
 30
0.0
  0
SPLINE
  5
253
100
AcDbEntity
  8
0
 62
7
100
AcDbSpline
 70
8
 71
3
 72
8
 73
4
 74
0
 40
0
 40
0
 40
0
 40
0
 40
1
 40
1
 40
1
 40
1
 10
154.668056
 20
404.093423
 30
0.0
 10
153.239306
 20
402.701194
 30
0.0
 10
151.180001
 20
402.005078
 30
0.0
 10
148.490141
 20
402.005078
 30
0.0
  0
LWPOLYLINE
  5
254
100
AcDbEntity
  8
0
 62
7
100
AcDbPolyline
 90
6
 70
0
 10
148.622671
 20
416.383012
 30
0.0
 10
145.921883
 20
416.383012
 30
0.0
 10
145.921883
 20
402.006665
 30
0.0
 10
144.061730
 20
402.005078
 30
0.0
 10
144.061730
 20
417.990181
 30
0.0
 10
148.960332
 20
417.990181
 30
0.0
  0
LWPOLYLINE
  5
255
100
AcDbEntity
  8
0
 62
7
100
AcDbPolyline
 90
3
 70
0
 10
148.490141
 20
402.005078
 30
0.0
 10
147.507875
 20
402.005078
 30
0.0
 10
147.509383
 20
403.612421
 30
0.0
  0
SPLINE
  5
256
100
AcDbEntity
  8
0
 62
7
100
AcDbSpline
 70
8
 71
3
 72
8
 73
4
 74
0
 40
0
 40
0
 40
0
 40
0
 40
1
 40
1
 40
1
 40
1
 10
348.937633
 20
343.646802
 30
0.0
 10
349.360419
 20
342.458668
 30
0.0
 10
349.695735
 20
341.303336
 30
0.0
 10
349.943579
 20
340.180808
 30
0.0
  0
SPLINE
  5
257
100
AcDbEntity
  8
0
 62
7
100
AcDbSpline
 70
8
 71
3
 72
8
 73
4
 74
0
 40
0
 40
0
 40
0
 40
0
 40
1
 40
1
 40
1
 40
1
 10
349.943579
 20
340.180808
 30
0.0
 10
350.206010
 20
341.361651
 30
0.0
 10
350.548619
 20
342.538849
 30
0.0
 10
350.971406
 20
343.712403
 30
0.0
  0
LWPOLYLINE
  5
258
100
AcDbEntity
  8
0
 62
7
100
AcDbPolyline
 90
7
 70
0
 10
354.623476
 20
353.990100
 30
0.0
 10
356.624467
 20
353.990100
 30
0.0
 10
350.862053
 20
338.004997
 30
0.0
 10
349.025104
 20
338.004997
 30
0.0
 10
343.295499
 20
353.990100
 30
0.0
 10
345.263682
 20
353.990100
 30
0.0
 10
348.937633
 20
343.646802
 30
0.0
  0
SPLINE
  5
259
100
AcDbEntity
  8
0
 62
7
100
AcDbSpline
 70
8
 71
3
 72
8
 73
4
 74
0
 40
0
 40
0
 40
0
 40
0
 40
1
 40
1
 40
1
 40
1
 10
382.238091
 20
337.786324
 30
0.0
 10
380.257738
 20
337.809713
 30
0.0
 10
379.123152
 20
338.504305
 30
0.0
 10
377.840187
 20
339.940265
 30
0.0
  0
SPLINE
  5
25a
100
AcDbEntity
  8
0
 62
7
100
AcDbSpline
 70
8
 71
3
 72
8
 73
4
 74
0
 40
0
 40
0
 40
0
 40
0
 40
1
 40
1
 40
1
 40
1
 10
377.840187
 20
339.940265
 30
0.0
 10
376.564499
 20
341.383517
 30
0.0
 10
375.926668
 20
343.417192
 30
0.0
 10
375.926668
 20
346.041287
 30
0.0
  0
SPLINE
  5
25b
100
AcDbEntity
  8
0
 62
7
100
AcDbSpline
 70
8
 71
3
 72
8
 73
4
 74
0
 40
0
 40
0
 40
0
 40
0
 40
1
 40
1
 40
1
 40
1
 10
375.926668
 20
346.041287
 30
0.0
 10
375.926668
 20
348.643514
 30
0.0
 10
376.568150
 20
350.658962
 30
0.0
 10
377.851114
 20
352.087635
 30
0.0
  0
SPLINE
  5
25c
100
AcDbEntity
  8
0
 62
7
100
AcDbSpline
 70
8
 71
3
 72
8
 73
4
 74
0
 40
0
 40
0
 40
0
 40
0
 40
1
 40
1
 40
1
 40
1
 10
377.851114
 20
352.087635
 30
0.0
 10
379.134079
 20
353.523600
 30
0.0
 10
380.956476
 20
354.241581
 30
0.0
 10
383.318279
 20
354.241581
 30
0.0
  0
SPLINE
  5
25d
100
AcDbEntity
  8
0
 62
7
100
AcDbSpline
 70
8
 71
3
 72
8
 73
4
 74
0
 40
0
 40
0
 40
0
 40
0
 40
1
 40
1
 40
1
 40
1
 10
383.318279
 20
354.241581
 30
0.0
 10
385.614492
 20
354.241581
 30
0.0
 10
387.407732
 20
353.512668
 30
0.0
 10
388.697973
 20
352.054837
 30
0.0
  0
SPLINE
  5
25e
100
AcDbEntity
  8
0
 62
7
100
AcDbSpline
 70
8
 71
3
 72
8
 73
4
 74
0
 40
0
 40
0
 40
0
 40
0
 40
1
 40
1
 40
1
 40
1
 10
388.697973
 20
352.054837
 30
0.0
 10
389.988240
 20
350.597004
 30
0.0
 10
390.633373
 20
348.585197
 30
0.0
 10
390.633373
 20
346.019416
 30
0.0
  0
SPLINE
  5
25f
100
AcDbEntity
  8
0
 62
7
100
AcDbSpline
 70
8
 71
3
 72
8
 73
4
 74
0
 40
0
 40
0
 40
0
 40
0
 40
1
 40
1
 40
1
 40
1
 10
390.633373
 20
346.019416
 30
0.0
 10
390.633373
 20
343.460924
 30
0.0
 10
389.984589
 20
341.449117
 30
0.0
 10
388.687045
 20
339.984000
 30
0.0
  0
SPLINE
  5
260
100
AcDbEntity
  8
0
 62
7
100
AcDbSpline
 70
8
 71
3
 72
8
 73
4
 74
0
 40
0
 40
0
 40
0
 40
0
 40
1
 40
1
 40
1
 40
1
 10
388.687045
 20
339.984000
 30
0.0
 10
387.396805
 20
338.518884
 30
0.0
 10
386.237295
 20
337.762937
 30
0.0
 10
384.354758
 20
337.786324
 30
0.0
  0
LWPOLYLINE
  5
261
100
AcDbEntity
  8
0
 62
7
100
AcDbPolyline
 90
2
 70
0
 10
350.971406
 20
343.712403
 30
0.0
 10
354.623476
 20
353.990100
 30
0.0
  0
SPLINE
  5
262
100
AcDbEntity
  8
0
 62
7
100
AcDbSpline
 70
8
 71
3
 72
8
 73
4
 74
0
 40
0
 40
0
 40
0
 40
0
 40
1
 40
1
 40
1
 40
1
 10
384.354758
 20
339.415448
 30
0.0
 10
385.447910
 20
339.485608
 30
0.0
 10
386.405411
 20
339.973068
 30
0.0
 10
387.309307
 20
341.088308
 30
0.0
  0
SPLINE
  5
263
100
AcDbEntity
  8
0
 62
7
100
AcDbSpline
 70
8
 71
3
 72
8
 73
4
 74
0
 40
0
 40
0
 40
0
 40
0
 40
1
 40
1
 40
1
 40
1
 10
387.309307
 20
341.088308
 30
0.0
 10
388.213230
 20
342.203548
 30
0.0
 10
388.665191
 20
343.847251
 30
0.0
 10
388.665191
 20
346.019416
 30
0.0
  0
SPLINE
  5
264
100
AcDbEntity
  8
0
 62
7
100
AcDbSpline
 70
8
 71
3
 72
8
 73
4
 74
0
 40
0
 40
0
 40
0
 40
0
 40
1
 40
1
 40
1
 40
1
 10
388.665191
 20
346.019416
 30
0.0
 10
388.665191
 20
348.169717
 30
0.0
 10
388.213230
 20
349.798844
 30
0.0
 10
387.309307
 20
350.906794
 30
0.0
  0
SPLINE
  5
265
100
AcDbEntity
  8
0
 62
7
100
AcDbSpline
 70
8
 71
3
 72
8
 73
4
 74
0
 40
0
 40
0
 40
0
 40
0
 40
1
 40
1
 40
1
 40
1
 10
387.309307
 20
350.906794
 30
0.0
 10
386.412714
 20
352.022034
 30
0.0
 10
385.082362
 20
352.579654
 30
0.0
 10
383.318279
 20
352.579654
 30
0.0
  0
SPLINE
  5
266
100
AcDbEntity
  8
0
 62
7
100
AcDbSpline
 70
8
 71
3
 72
8
 73
4
 74
0
 40
0
 40
0
 40
0
 40
0
 40
1
 40
1
 40
1
 40
1
 10
383.318279
 20
352.579654
 30
0.0
 10
381.546920
 20
352.579654
 30
0.0
 10
380.198365
 20
352.018391
 30
0.0
 10
379.272588
 20
350.895862
 30
0.0
  0
SPLINE
  5
267
100
AcDbEntity
  8
0
 62
7
100
AcDbSpline
 70
8
 71
3
 72
8
 73
4
 74
0
 40
0
 40
0
 40
0
 40
0
 40
1
 40
1
 40
1
 40
1
 10
379.272588
 20
350.895862
 30
0.0
 10
378.354087
 20
349.780622
 30
0.0
 10
377.894850
 20
348.155141
 30
0.0
 10
377.894850
 20
346.019416
 30
0.0
  0
SPLINE
  5
268
100
AcDbEntity
  8
0
 62
7
100
AcDbSpline
 70
8
 71
3
 72
8
 73
4
 74
0
 40
0
 40
0
 40
0
 40
0
 40
1
 40
1
 40
1
 40
1
 10
377.894850
 20
346.019416
 30
0.0
 10
377.894850
 20
343.854540
 30
0.0
 10
378.354087
 20
342.210837
 30
0.0
 10
379.272588
 20
341.088308
 30
0.0
  0
SPLINE
  5
269
100
AcDbEntity
  8
0
 62
7
100
AcDbSpline
 70
8
 71
3
 72
8
 73
4
 74
0
 40
0
 40
0
 40
0
 40
0
 40
1
 40
1
 40
1
 40
1
 10
379.272588
 20
341.088308
 30
0.0
 10
380.198365
 20
339.973068
 30
0.0
 10
381.323215
 20
339.438834
 30
0.0
 10
382.238091
 20
339.415448
 30
0.0
  0
LWPOLYLINE
  5
26a
100
AcDbEntity
  8
0
 62
7
100
AcDbPolyline
 90
2
 70
0
 10
384.354758
 20
337.786324
 30
0.0
 10
384.354758
 20
339.415448
 30
0.0
  0
SPLINE
  5
26b
100
AcDbEntity
  8
0
 62
7
100
AcDbSpline
 70
8
 71
3
 72
8
 73
4
 74
0
 40
0
 40
0
 40
0
 40
0
 40
1
 40
1
 40
1
 40
1
 10
282.271840
 20
337.759326
 30
0.0
 10
280.291487
 20
337.782715
 30
0.0
 10
279.156901
 20
338.477307
 30
0.0
 10
277.873936
 20
339.913267
 30
0.0
  0
SPLINE
  5
26c
100
AcDbEntity
  8
0
 62
7
100
AcDbSpline
 70
8
 71
3
 72
8
 73
4
 74
0
 40
0
 40
0
 40
0
 40
0
 40
1
 40
1
 40
1
 40
1
 10
277.873936
 20
339.913267
 30
0.0
 10
276.598248
 20
341.356519
 30
0.0
 10
275.960417
 20
343.390193
 30
0.0
 10
275.960417
 20
346.014289
 30
0.0
  0
SPLINE
  5
26d
100
AcDbEntity
  8
0
 62
7
100
AcDbSpline
 70
8
 71
3
 72
8
 73
4
 74
0
 40
0
 40
0
 40
0
 40
0
 40
1
 40
1
 40
1
 40
1
 10
275.960417
 20
346.014289
 30
0.0
 10
275.960417
 20
348.616516
 30
0.0
 10
276.601899
 20
350.631964
 30
0.0
 10
277.884864
 20
352.060637
 30
0.0
  0
SPLINE
  5
26e
100
AcDbEntity
  8
0
 62
7
100
AcDbSpline
 70
8
 71
3
 72
8
 73
4
 74
0
 40
0
 40
0
 40
0
 40
0
 40
1
 40
1
 40
1
 40
1
 10
277.884864
 20
352.060637
 30
0.0
 10
279.167828
 20
353.496602
 30
0.0
 10
280.990225
 20
354.214583
 30
0.0
 10
283.352028
 20
354.214583
 30
0.0
  0
SPLINE
  5
26f
100
AcDbEntity
  8
0
 62
7
100
AcDbSpline
 70
8
 71
3
 72
8
 73
4
 74
0
 40
0
 40
0
 40
0
 40
0
 40
1
 40
1
 40
1
 40
1
 10
283.352028
 20
354.214583
 30
0.0
 10
285.648241
 20
354.214583
 30
0.0
 10
287.441481
 20
353.485669
 30
0.0
 10
288.731722
 20
352.027839
 30
0.0
  0
SPLINE
  5
270
100
AcDbEntity
  8
0
 62
7
100
AcDbSpline
 70
8
 71
3
 72
8
 73
4
 74
0
 40
0
 40
0
 40
0
 40
0
 40
1
 40
1
 40
1
 40
1
 10
288.731722
 20
352.027839
 30
0.0
 10
290.021989
 20
350.570006
 30
0.0
 10
290.667123
 20
348.558199
 30
0.0
 10
290.667123
 20
345.992418
 30
0.0
  0
SPLINE
  5
271
100
AcDbEntity
  8
0
 62
7
100
AcDbSpline
 70
8
 71
3
 72
8
 73
4
 74
0
 40
0
 40
0
 40
0
 40
0
 40
1
 40
1
 40
1
 40
1
 10
290.667123
 20
345.992418
 30
0.0
 10
290.667123
 20
343.433926
 30
0.0
 10
290.018338
 20
341.422119
 30
0.0
 10
288.720795
 20
339.957002
 30
0.0
  0
LWPOLYLINE
  5
272
100
AcDbEntity
  8
0
 62
7
100
AcDbPolyline
 90
2
 70
0
 10
382.238091
 20
339.415448
 30
0.0
 10
382.238091
 20
337.786324
 30
0.0
  0
SPLINE
  5
273
100
AcDbEntity
  8
0
 62
7
100
AcDbSpline
 70
8
 71
3
 72
8
 73
4
 74
0
 40
0
 40
0
 40
0
 40
0
 40
1
 40
1
 40
1
 40
1
 10
287.343056
 20
341.061310
 30
0.0
 10
288.246979
 20
342.176550
 30
0.0
 10
288.698940
 20
343.820252
 30
0.0
 10
288.698940
 20
345.992418
 30
0.0
  0
SPLINE
  5
274
100
AcDbEntity
  8
0
 62
7
100
AcDbSpline
 70
8
 71
3
 72
8
 73
4
 74
0
 40
0
 40
0
 40
0
 40
0
 40
1
 40
1
 40
1
 40
1
 10
288.698940
 20
345.992418
 30
0.0
 10
288.698940
 20
348.142719
 30
0.0
 10
288.246979
 20
349.771846
 30
0.0
 10
287.343056
 20
350.879796
 30
0.0
  0
SPLINE
  5
275
100
AcDbEntity
  8
0
 62
7
100
AcDbSpline
 70
8
 71
3
 72
8
 73
4
 74
0
 40
0
 40
0
 40
0
 40
0
 40
1
 40
1
 40
1
 40
1
 10
287.343056
 20
350.879796
 30
0.0
 10
286.446463
 20
351.995036
 30
0.0
 10
285.116111
 20
352.552656
 30
0.0
 10
283.352028
 20
352.552656
 30
0.0
  0
SPLINE
  5
276
100
AcDbEntity
  8
0
 62
7
100
AcDbSpline
 70
8
 71
3
 72
8
 73
4
 74
0
 40
0
 40
0
 40
0
 40
0
 40
1
 40
1
 40
1
 40
1
 10
283.352028
 20
352.552656
 30
0.0
 10
281.580669
 20
352.552656
 30
0.0
 10
280.232115
 20
351.991393
 30
0.0
 10
279.306338
 20
350.868864
 30
0.0
  0
SPLINE
  5
277
100
AcDbEntity
  8
0
 62
7
100
AcDbSpline
 70
8
 71
3
 72
8
 73
4
 74
0
 40
0
 40
0
 40
0
 40
0
 40
1
 40
1
 40
1
 40
1
 10
279.306338
 20
350.868864
 30
0.0
 10
278.387836
 20
349.753624
 30
0.0
 10
277.928599
 20
348.128143
 30
0.0
 10
277.928599
 20
345.992418
 30
0.0
  0
SPLINE
  5
278
100
AcDbEntity
  8
0
 62
7
100
AcDbSpline
 70
8
 71
3
 72
8
 73
4
 74
0
 40
0
 40
0
 40
0
 40
0
 40
1
 40
1
 40
1
 40
1
 10
277.928599
 20
345.992418
 30
0.0
 10
277.928599
 20
343.827542
 30
0.0
 10
278.387836
 20
342.183839
 30
0.0
 10
279.306338
 20
341.061310
 30
0.0
  0
SPLINE
  5
279
100
AcDbEntity
  8
0
 62
7
100
AcDbSpline
 70
8
 71
3
 72
8
 73
4
 74
0
 40
0
 40
0
 40
0
 40
0
 40
1
 40
1
 40
1
 40
1
 10
279.306338
 20
341.061310
 30
0.0
 10
280.232115
 20
339.946070
 30
0.0
 10
281.356964
 20
339.411836
 30
0.0
 10
282.271840
 20
339.388450
 30
0.0
  0
LWPOLYLINE
  5
27a
100
AcDbEntity
  8
0
 62
7
100
AcDbPolyline
 90
6
 70
0
 10
288.720795
 20
339.957002
 30
0.0
 10
290.353512
 20
338.580381
 30
0.0
 10
289.291580
 20
337.118193
 30
0.0
 10
284.236213
 20
341.264544
 30
0.0
 10
285.447925
 20
342.650606
 30
0.0
 10
287.343056
 20
341.061310
 30
0.0
  0
SPLINE
  5
27b
100
AcDbEntity
  8
0
 62
7
100
AcDbSpline
 70
8
 71
3
 72
8
 73
4
 74
0
 40
0
 40
0
 40
0
 40
0
 40
1
 40
1
 40
1
 40
1
 10
182.325486
 20
273.796305
 30
0.0
 10
180.345133
 20
273.819694
 30
0.0
 10
179.210547
 20
274.514286
 30
0.0
 10
177.927582
 20
275.950246
 30
0.0
  0
SPLINE
  5
27c
100
AcDbEntity
  8
0
 62
7
100
AcDbSpline
 70
8
 71
3
 72
8
 73
4
 74
0
 40
0
 40
0
 40
0
 40
0
 40
1
 40
1
 40
1
 40
1
 10
177.927582
 20
275.950246
 30
0.0
 10
176.651894
 20
277.393498
 30
0.0
 10
176.014062
 20
279.427173
 30
0.0
 10
176.014062
 20
282.051268
 30
0.0
  0
SPLINE
  5
27d
100
AcDbEntity
  8
0
 62
7
100
AcDbSpline
 70
8
 71
3
 72
8
 73
4
 74
0
 40
0
 40
0
 40
0
 40
0
 40
1
 40
1
 40
1
 40
1
 10
176.014062
 20
282.051268
 30
0.0
 10
176.014062
 20
284.653495
 30
0.0
 10
176.655545
 20
286.668943
 30
0.0
 10
177.938509
 20
288.097616
 30
0.0
  0
SPLINE
  5
27e
100
AcDbEntity
  8
0
 62
7
100
AcDbSpline
 70
8
 71
3
 72
8
 73
4
 74
0
 40
0
 40
0
 40
0
 40
0
 40
1
 40
1
 40
1
 40
1
 10
177.938509
 20
288.097616
 30
0.0
 10
179.221474
 20
289.533581
 30
0.0
 10
181.043871
 20
290.251563
 30
0.0
 10
183.405674
 20
290.251563
 30
0.0
  0
SPLINE
  5
27f
100
AcDbEntity
  8
0
 62
7
100
AcDbSpline
 70
8
 71
3
 72
8
 73
4
 74
0
 40
0
 40
0
 40
0
 40
0
 40
1
 40
1
 40
1
 40
1
 10
183.405674
 20
290.251563
 30
0.0
 10
185.701887
 20
290.251563
 30
0.0
 10
187.495127
 20
289.522649
 30
0.0
 10
188.785368
 20
288.064818
 30
0.0
  0
SPLINE
  5
280
100
AcDbEntity
  8
0
 62
7
100
AcDbSpline
 70
8
 71
3
 72
8
 73
4
 74
0
 40
0
 40
0
 40
0
 40
0
 40
1
 40
1
 40
1
 40
1
 10
188.785368
 20
288.064818
 30
0.0
 10
190.075635
 20
286.606985
 30
0.0
 10
190.720768
 20
284.595178
 30
0.0
 10
190.720768
 20
282.029397
 30
0.0
  0
SPLINE
  5
281
100
AcDbEntity
  8
0
 62
7
100
AcDbSpline
 70
8
 71
3
 72
8
 73
4
 74
0
 40
0
 40
0
 40
0
 40
0
 40
1
 40
1
 40
1
 40
1
 10
190.720768
 20
282.029397
 30
0.0
 10
190.720768
 20
279.470906
 30
0.0
 10
190.071984
 20
277.459099
 30
0.0
 10
188.774440
 20
275.993982
 30
0.0
  0
LWPOLYLINE
  5
282
100
AcDbEntity
  8
0
 62
7
100
AcDbPolyline
 90
2
 70
0
 10
282.271840
 20
339.388450
 30
0.0
 10
282.271840
 20
337.759326
 30
0.0
  0
SPLINE
  5
283
100
AcDbEntity
  8
0
 62
7
100
AcDbSpline
 70
8
 71
3
 72
8
 73
4
 74
0
 40
0
 40
0
 40
0
 40
0
 40
1
 40
1
 40
1
 40
1
 10
187.396702
 20
277.098289
 30
0.0
 10
188.300625
 20
278.213529
 30
0.0
 10
188.752586
 20
279.857232
 30
0.0
 10
188.752586
 20
282.029397
 30
0.0
  0
SPLINE
  5
284
100
AcDbEntity
  8
0
 62
7
100
AcDbSpline
 70
8
 71
3
 72
8
 73
4
 74
0
 40
0
 40
0
 40
0
 40
0
 40
1
 40
1
 40
1
 40
1
 10
188.752586
 20
282.029397
 30
0.0
 10
188.752586
 20
284.179698
 30
0.0
 10
188.300625
 20
285.808825
 30
0.0
 10
187.396702
 20
286.916775
 30
0.0
  0
SPLINE
  5
285
100
AcDbEntity
  8
0
 62
7
100
AcDbSpline
 70
8
 71
3
 72
8
 73
4
 74
0
 40
0
 40
0
 40
0
 40
0
 40
1
 40
1
 40
1
 40
1
 10
187.396702
 20
286.916775
 30
0.0
 10
186.500109
 20
288.032015
 30
0.0
 10
185.169757
 20
288.589635
 30
0.0
 10
183.405674
 20
288.589635
 30
0.0
  0
SPLINE
  5
286
100
AcDbEntity
  8
0
 62
7
100
AcDbSpline
 70
8
 71
3
 72
8
 73
4
 74
0
 40
0
 40
0
 40
0
 40
0
 40
1
 40
1
 40
1
 40
1
 10
183.405674
 20
288.589635
 30
0.0
 10
181.634315
 20
288.589635
 30
0.0
 10
180.285760
 20
288.028372
 30
0.0
 10
179.359983
 20
286.905843
 30
0.0
  0
SPLINE
  5
287
100
AcDbEntity
  8
0
 62
7
100
AcDbSpline
 70
8
 71
3
 72
8
 73
4
 74
0
 40
0
 40
0
 40
0
 40
0
 40
1
 40
1
 40
1
 40
1
 10
179.359983
 20
286.905843
 30
0.0
 10
178.441482
 20
285.790603
 30
0.0
 10
177.982245
 20
284.165122
 30
0.0
 10
177.982245
 20
282.029397
 30
0.0
  0
SPLINE
  5
288
100
AcDbEntity
  8
0
 62
7
100
AcDbSpline
 70
8
 71
3
 72
8
 73
4
 74
0
 40
0
 40
0
 40
0
 40
0
 40
1
 40
1
 40
1
 40
1
 10
177.982245
 20
282.029397
 30
0.0
 10
177.982245
 20
279.864521
 30
0.0
 10
178.441482
 20
278.220818
 30
0.0
 10
179.359983
 20
277.098289
 30
0.0
  0
SPLINE
  5
289
100
AcDbEntity
  8
0
 62
7
100
AcDbSpline
 70
8
 71
3
 72
8
 73
4
 74
0
 40
0
 40
0
 40
0
 40
0
 40
1
 40
1
 40
1
 40
1
 10
179.359983
 20
277.098289
 30
0.0
 10
180.285760
 20
275.983049
 30
0.0
 10
181.410610
 20
275.448816
 30
0.0
 10
182.325486
 20
275.425429
 30
0.0
  0
LWPOLYLINE
  5
28a
100
AcDbEntity
  8
0
 62
7
100
AcDbPolyline
 90
6
 70
0
 10
188.774440
 20
275.993982
 30
0.0
 10
190.407158
 20
274.617360
 30
0.0
 10
189.345226
 20
273.155172
 30
0.0
 10
184.289859
 20
277.301523
 30
0.0
 10
185.501571
 20
278.687585
 30
0.0
 10
187.396702
 20
277.098289
 30
0.0
  0
SPLINE
  5
28b
100
AcDbEntity
  8
0
 62
7
100
AcDbSpline
 70
8
 71
3
 72
8
 73
4
 74
0
 40
0
 40
0
 40
0
 40
0
 40
1
 40
1
 40
1
 40
1
 10
382.234361
 20
177.878999
 30
0.0
 10
380.254007
 20
177.902282
 30
0.0
 10
379.119421
 20
178.596972
 30
0.0
 10
377.836456
 20
180.032946
 30
0.0
  0
SPLINE
  5
28c
100
AcDbEntity
  8
0
 62
7
100
AcDbSpline
 70
8
 71
3
 72
8
 73
4
 74
0
 40
0
 40
0
 40
0
 40
0
 40
1
 40
1
 40
1
 40
1
 10
377.836456
 20
180.032946
 30
0.0
 10
376.560768
 20
181.476195
 30
0.0
 10
375.922937
 20
183.509862
 30
0.0
 10
375.922937
 20
186.133973
 30
0.0
  0
SPLINE
  5
28d
100
AcDbEntity
  8
0
 62
7
100
AcDbSpline
 70
8
 71
3
 72
8
 73
4
 74
0
 40
0
 40
0
 40
0
 40
0
 40
1
 40
1
 40
1
 40
1
 10
375.922937
 20
186.133973
 30
0.0
 10
375.922937
 20
188.736176
 30
0.0
 10
376.564419
 20
190.751640
 30
0.0
 10
377.847384
 20
192.180310
 30
0.0
  0
SPLINE
  5
28e
100
AcDbEntity
  8
0
 62
7
100
AcDbSpline
 70
8
 71
3
 72
8
 73
4
 74
0
 40
0
 40
0
 40
0
 40
0
 40
1
 40
1
 40
1
 40
1
 10
377.847384
 20
192.180310
 30
0.0
 10
379.130348
 20
193.616284
 30
0.0
 10
380.952745
 20
194.334257
 30
0.0
 10
383.314549
 20
194.334257
 30
0.0
  0
SPLINE
  5
28f
100
AcDbEntity
  8
0
 62
7
100
AcDbSpline
 70
8
 71
3
 72
8
 73
4
 74
0
 40
0
 40
0
 40
0
 40
0
 40
1
 40
1
 40
1
 40
1
 10
383.314549
 20
194.334257
 30
0.0
 10
385.610761
 20
194.334257
 30
0.0
 10
387.404001
 20
193.605330
 30
0.0
 10
388.694242
 20
192.147502
 30
0.0
  0
SPLINE
  5
290
100
AcDbEntity
  8
0
 62
7
100
AcDbSpline
 70
8
 71
3
 72
8
 73
4
 74
0
 40
0
 40
0
 40
0
 40
0
 40
1
 40
1
 40
1
 40
1
 10
388.694242
 20
192.147502
 30
0.0
 10
389.984509
 20
190.689674
 30
0.0
 10
390.629643
 20
188.677862
 30
0.0
 10
390.629643
 20
186.112092
 30
0.0
  0
SPLINE
  5
291
100
AcDbEntity
  8
0
 62
7
100
AcDbSpline
 70
8
 71
3
 72
8
 73
4
 74
0
 40
0
 40
0
 40
0
 40
0
 40
1
 40
1
 40
1
 40
1
 10
390.629643
 20
186.112092
 30
0.0
 10
390.629643
 20
183.553597
 30
0.0
 10
389.980858
 20
181.541785
 30
0.0
 10
388.683315
 20
180.076681
 30
0.0
  0
SPLINE
  5
292
100
AcDbEntity
  8
0
 62
7
100
AcDbSpline
 70
8
 71
3
 72
8
 73
4
 74
0
 40
0
 40
0
 40
0
 40
0
 40
1
 40
1
 40
1
 40
1
 10
388.683315
 20
180.076681
 30
0.0
 10
387.393074
 20
178.611551
 30
0.0
 10
386.233564
 20
177.855610
 30
0.0
 10
384.351027
 20
177.878999
 30
0.0
  0
LWPOLYLINE
  5
293
100
AcDbEntity
  8
0
 62
7
100
AcDbPolyline
 90
2
 70
0
 10
182.325486
 20
275.425429
 30
0.0
 10
182.325486
 20
273.796305
 30
0.0
  0
SPLINE
  5
294
100
AcDbEntity
  8
0
 62
7
100
AcDbSpline
 70
8
 71
3
 72
8
 73
4
 74
0
 40
0
 40
0
 40
0
 40
0
 40
1
 40
1
 40
1
 40
1
 10
384.351027
 20
179.508118
 30
0.0
 10
385.444180
 20
179.578286
 30
0.0
 10
386.401680
 20
180.065754
 30
0.0
 10
387.305576
 20
181.180973
 30
0.0
  0
SPLINE
  5
295
100
AcDbEntity
  8
0
 62
7
100
AcDbSpline
 70
8
 71
3
 72
8
 73
4
 74
0
 40
0
 40
0
 40
0
 40
0
 40
1
 40
1
 40
1
 40
1
 10
387.305576
 20
181.180973
 30
0.0
 10
388.209499
 20
182.296218
 30
0.0
 10
388.661460
 20
183.939915
 30
0.0
 10
388.661460
 20
186.112092
 30
0.0
  0
SPLINE
  5
296
100
AcDbEntity
  8
0
 62
7
100
AcDbSpline
 70
8
 71
3
 72
8
 73
4
 74
0
 40
0
 40
0
 40
0
 40
0
 40
1
 40
1
 40
1
 40
1
 10
388.661460
 20
186.112092
 30
0.0
 10
388.661460
 20
188.262387
 30
0.0
 10
388.209499
 20
189.891506
 30
0.0
 10
387.305576
 20
190.999475
 30
0.0
  0
SPLINE
  5
297
100
AcDbEntity
  8
0
 62
7
100
AcDbSpline
 70
8
 71
3
 72
8
 73
4
 74
0
 40
0
 40
0
 40
0
 40
0
 40
1
 40
1
 40
1
 40
1
 10
387.305576
 20
190.999475
 30
0.0
 10
386.408983
 20
192.114720
 30
0.0
 10
385.078631
 20
192.672330
 30
0.0
 10
383.314549
 20
192.672330
 30
0.0
  0
SPLINE
  5
298
100
AcDbEntity
  8
0
 62
7
100
AcDbSpline
 70
8
 71
3
 72
8
 73
4
 74
0
 40
0
 40
0
 40
0
 40
0
 40
1
 40
1
 40
1
 40
1
 10
383.314549
 20
192.672330
 30
0.0
 10
381.543190
 20
192.672330
 30
0.0
 10
380.194635
 20
192.111069
 30
0.0
 10
379.268858
 20
190.988548
 30
0.0
  0
SPLINE
  5
299
100
AcDbEntity
  8
0
 62
7
100
AcDbSpline
 70
8
 71
3
 72
8
 73
4
 74
0
 40
0
 40
0
 40
0
 40
0
 40
1
 40
1
 40
1
 40
1
 10
379.268858
 20
190.988548
 30
0.0
 10
378.350357
 20
189.873303
 30
0.0
 10
377.891119
 20
188.247808
 30
0.0
 10
377.891119
 20
186.112092
 30
0.0
  0
SPLINE
  5
29a
100
AcDbEntity
  8
0
 62
7
100
AcDbSpline
 70
8
 71
3
 72
8
 73
4
 74
0
 40
0
 40
0
 40
0
 40
0
 40
1
 40
1
 40
1
 40
1
 10
377.891119
 20
186.112092
 30
0.0
 10
377.891119
 20
183.947218
 30
0.0
 10
378.350357
 20
182.303520
 30
0.0
 10
379.268858
 20
181.180973
 30
0.0
  0
SPLINE
  5
29b
100
AcDbEntity
  8
0
 62
7
100
AcDbSpline
 70
8
 71
3
 72
8
 73
4
 74
0
 40
0
 40
0
 40
0
 40
0
 40
1
 40
1
 40
1
 40
1
 10
379.268858
 20
181.180973
 30
0.0
 10
380.194635
 20
180.065754
 30
0.0
 10
381.319484
 20
179.531507
 30
0.0
 10
382.234361
 20
179.508118
 30
0.0
  0
LWPOLYLINE
  5
29c
100
AcDbEntity
  8
0
 62
7
100
AcDbPolyline
 90
2
 70
0
 10
384.351027
 20
177.878999
 30
0.0
 10
384.351027
 20
179.508118
 30
0.0
  0
SPLINE
  5
29d
100
AcDbEntity
  8
0
 62
7
100
AcDbSpline
 70
8
 71
3
 72
8
 73
4
 74
0
 40
0
 40
0
 40
0
 40
0
 40
1
 40
1
 40
1
 40
1
 10
416.258137
 20
346.116735
 30
0.0
 10
417.629314
 20
346.073161
 30
0.0
 10
418.557260
 20
346.507792
 30
0.0
 10
419.169585
 20
347.025320
 30
0.0
  0
SPLINE
  5
29e
100
AcDbEntity
  8
0
 62
7
100
AcDbSpline
 70
8
 71
3
 72
8
 73
4
 74
0
 40
0
 40
0
 40
0
 40
0
 40
1
 40
1
 40
1
 40
1
 10
419.169585
 20
347.025320
 30
0.0
 10
419.781911
 20
347.550137
 30
0.0
 10
420.088086
 20
348.333721
 30
0.0
 10
420.088086
 20
349.376074
 30
0.0
  0
SPLINE
  5
29f
100
AcDbEntity
  8
0
 62
7
100
AcDbSpline
 70
8
 71
3
 72
8
 73
4
 74
0
 40
0
 40
0
 40
0
 40
0
 40
1
 40
1
 40
1
 40
1
 10
420.088086
 20
349.376074
 30
0.0
 10
420.088086
 20
350.432997
 30
0.0
 10
419.774635
 20
351.194711
 30
0.0
 10
419.147731
 20
351.661222
 30
0.0
  0
SPLINE
  5
2a0
100
AcDbEntity
  8
0
 62
7
100
AcDbSpline
 70
8
 71
3
 72
8
 73
4
 74
0
 40
0
 40
0
 40
0
 40
0
 40
1
 40
1
 40
1
 40
1
 10
419.147731
 20
351.661222
 30
0.0
 10
418.528103
 20
352.127727
 30
0.0
 10
417.529433
 20
352.360981
 30
0.0
 10
416.151721
 20
352.360981
 30
0.0
  0
LWPOLYLINE
  5
2a1
100
AcDbEntity
  8
0
 62
7
100
AcDbPolyline
 90
2
 70
0
 10
382.234361
 20
179.508118
 30
0.0
 10
382.234361
 20
177.878999
 30
0.0
  0
SPLINE
  5
2a2
100
AcDbEntity
  8
0
 62
7
100
AcDbSpline
 70
8
 71
3
 72
8
 73
4
 74
0
 40
0
 40
0
 40
0
 40
0
 40
1
 40
1
 40
1
 40
1
 10
416.261047
 20
353.990100
 30
0.0
 10
418.221954
 20
353.990100
 30
0.0
 10
419.668934
 20
353.614709
 30
0.0
 10
420.601987
 20
352.863928
 30
0.0
  0
SPLINE
  5
2a3
100
AcDbEntity
  8
0
 62
7
100
AcDbSpline
 70
8
 71
3
 72
8
 73
4
 74
0
 40
0
 40
0
 40
0
 40
0
 40
1
 40
1
 40
1
 40
1
 10
420.601987
 20
352.863928
 30
0.0
 10
421.542342
 20
352.113146
 30
0.0
 10
422.012533
 20
350.983328
 30
0.0
 10
422.012533
 20
349.474472
 30
0.0
  0
SPLINE
  5
2a4
100
AcDbEntity
  8
0
 62
7
100
AcDbSpline
 70
8
 71
3
 72
8
 73
4
 74
0
 40
0
 40
0
 40
0
 40
0
 40
1
 40
1
 40
1
 40
1
 10
422.012533
 20
349.474472
 30
0.0
 10
422.012533
 20
347.360621
 30
0.0
 10
420.940971
 20
345.931948
 30
0.0
 10
418.797819
 20
345.188455
 30
0.0
  0
LWPOLYLINE
  5
2a5
100
AcDbEntity
  8
0
 62
7
100
AcDbPolyline
 90
7
 70
0
 10
416.151721
 20
352.360981
 30
0.0
 10
413.735229
 20
352.360981
 30
0.0
 10
413.735229
 20
345.450864
 30
0.0
 10
413.735229
 20
338.004997
 30
0.0
 10
411.876372
 20
338.004997
 30
0.0
 10
411.876372
 20
353.990100
 30
0.0
 10
416.261047
 20
353.990100
 30
0.0
  0
SPLINE
  5
2a6
100
AcDbEntity
  8
0
 62
7
100
AcDbSpline
 70
8
 71
3
 72
8
 73
4
 74
0
 40
0
 40
0
 40
0
 40
0
 40
1
 40
1
 40
1
 40
1
 10
183.008588
 20
378.091218
 30
0.0
 10
184.379764
 20
378.047644
 30
0.0
 10
185.307711
 20
378.482275
 30
0.0
 10
185.920036
 20
378.999803
 30
0.0
  0
SPLINE
  5
2a7
100
AcDbEntity
  8
0
 62
7
100
AcDbSpline
 70
8
 71
3
 72
8
 73
4
 74
0
 40
0
 40
0
 40
0
 40
0
 40
1
 40
1
 40
1
 40
1
 10
185.920036
 20
378.999803
 30
0.0
 10
186.532361
 20
379.524620
 30
0.0
 10
186.838537
 20
380.308204
 30
0.0
 10
186.838537
 20
381.350557
 30
0.0
  0
SPLINE
  5
2a8
100
AcDbEntity
  8
0
 62
7
100
AcDbSpline
 70
8
 71
3
 72
8
 73
4
 74
0
 40
0
 40
0
 40
0
 40
0
 40
1
 40
1
 40
1
 40
1
 10
186.838537
 20
381.350557
 30
0.0
 10
186.838537
 20
382.407480
 30
0.0
 10
186.525085
 20
383.169194
 30
0.0
 10
185.898181
 20
383.635705
 30
0.0
  0
SPLINE
  5
2a9
100
AcDbEntity
  8
0
 62
7
100
AcDbSpline
 70
8
 71
3
 72
8
 73
4
 74
0
 40
0
 40
0
 40
0
 40
0
 40
1
 40
1
 40
1
 40
1
 10
185.898181
 20
383.635705
 30
0.0
 10
185.278554
 20
384.102210
 30
0.0
 10
184.279884
 20
384.335464
 30
0.0
 10
182.902172
 20
384.335464
 30
0.0
  0
LWPOLYLINE
  5
2aa
100
AcDbEntity
  8
0
 62
7
100
AcDbPolyline
 90
4
 70
0
 10
418.797819
 20
345.188455
 30
0.0
 10
423.138759
 20
338.004997
 30
0.0
 10
420.940944
 20
338.004997
 30
0.0
 10
416.258137
 20
346.116735
 30
0.0
  0
SPLINE
  5
2ab
100
AcDbEntity
  8
0
 62
7
100
AcDbSpline
 70
8
 71
3
 72
8
 73
4
 74
0
 40
0
 40
0
 40
0
 40
0
 40
1
 40
1
 40
1
 40
1
 10
183.011498
 20
385.964583
 30
0.0
 10
184.972404
 20
385.964583
 30
0.0
 10
186.419384
 20
385.589193
 30
0.0
 10
187.352437
 20
384.838411
 30
0.0
  0
SPLINE
  5
2ac
100
AcDbEntity
  8
0
 62
7
100
AcDbSpline
 70
8
 71
3
 72
8
 73
4
 74
0
 40
0
 40
0
 40
0
 40
0
 40
1
 40
1
 40
1
 40
1
 10
187.352437
 20
384.838411
 30
0.0
 10
188.292793
 20
384.087629
 30
0.0
 10
188.762984
 20
382.957811
 30
0.0
 10
188.762984
 20
381.448955
 30
0.0
  0
SPLINE
  5
2ad
100
AcDbEntity
  8
0
 62
7
100
AcDbSpline
 70
8
 71
3
 72
8
 73
4
 74
0
 40
0
 40
0
 40
0
 40
0
 40
1
 40
1
 40
1
 40
1
 10
188.762984
 20
381.448955
 30
0.0
 10
188.762984
 20
379.335104
 30
0.0
 10
187.691421
 20
377.906431
 30
0.0
 10
185.548270
 20
377.162938
 30
0.0
  0
LWPOLYLINE
  5
2ae
100
AcDbEntity
  8
0
 62
7
100
AcDbPolyline
 90
7
 70
0
 10
182.902172
 20
384.335464
 30
0.0
 10
180.485680
 20
384.335464
 30
0.0
 10
180.485680
 20
377.425347
 30
0.0
 10
180.485680
 20
369.979480
 30
0.0
 10
178.626823
 20
369.979480
 30
0.0
 10
178.626823
 20
385.964583
 30
0.0
 10
183.011498
 20
385.964583
 30
0.0
  0
LWPOLYLINE
  5
2af
100
AcDbEntity
  8
0
 62
7
100
AcDbPolyline
 90
4
 70
0
 10
185.548270
 20
377.162938
 30
0.0
 10
189.889209
 20
369.979480
 30
0.0
 10
187.691395
 20
369.979480
 30
0.0
 10
183.008588
 20
378.091218
 30
0.0
  0
LWPOLYLINE
  5
2b0
100
AcDbEntity
  8
0
 62
7
100
AcDbPolyline
 90
12
 70
1
 10
90.272235
 20
306.006807
 30
0.0
 10
88.085369
 20
306.006807
 30
0.0
 10
82.257360
 20
313.758823
 30
0.0
 10
80.584405
 20
312.271833
 30
0.0
 10
80.584405
 20
306.006807
 30
0.0
 10
78.725570
 20
306.006807
 30
0.0
 10
78.725570
 20
321.991916
 30
0.0
 10
80.584405
 20
321.991916
 30
0.0
 10
80.584405
 20
314.064962
 30
0.0
 10
87.833877
 20
321.991916
 30
0.0
 10
90.031681
 20
321.991916
 30
0.0
 10
83.602285
 20
315.049000
 30
0.0
  0
LWPOLYLINE
  5
2b1
100
AcDbEntity
  8
0
 62
7
100
AcDbPolyline
 90
12
 70
1
 10
222.754037
 20
306.006807
 30
0.0
 10
220.895201
 20
306.006807
 30
0.0
 10
220.895201
 20
313.529213
 30
0.0
 10
212.475752
 20
313.529213
 30
0.0
 10
212.475752
 20
306.006807
 30
0.0
 10
210.616916
 20
306.006807
 30
0.0
 10
210.616916
 20
321.991916
 30
0.0
 10
212.475752
 20
321.991916
 30
0.0
 10
212.475752
 20
315.191135
 30
0.0
 10
220.895201
 20
315.191135
 30
0.0
 10
220.895201
 20
321.991916
 30
0.0
 10
222.754037
 20
321.991916
 30
0.0
  0
SPLINE
  5
2b2
100
AcDbEntity
  8
0
 62
7
100
AcDbSpline
 70
8
 71
3
 72
8
 73
4
 74
0
 40
0
 40
0
 40
0
 40
0
 40
1
 40
1
 40
1
 40
1
 10
289.437789
 20
311.648612
 30
0.0
 10
289.437789
 20
309.826325
 30
0.0
 10
288.887429
 20
308.394006
 30
0.0
 10
287.786710
 20
307.351657
 30
0.0
  0
SPLINE
  5
2b3
100
AcDbEntity
  8
0
 62
7
100
AcDbSpline
 70
8
 71
3
 72
8
 73
4
 74
0
 40
0
 40
0
 40
0
 40
0
 40
1
 40
1
 40
1
 40
1
 10
287.786710
 20
307.351657
 30
0.0
 10
286.685990
 20
306.309312
 30
0.0
 10
285.173411
 20
305.788139
 30
0.0
 10
283.248973
 20
305.788139
 30
0.0
  0
SPLINE
  5
2b4
100
AcDbEntity
  8
0
 62
7
100
AcDbSpline
 70
8
 71
3
 72
8
 73
4
 74
0
 40
0
 40
0
 40
0
 40
0
 40
1
 40
1
 40
1
 40
1
 10
283.248973
 20
305.788139
 30
0.0
 10
281.324517
 20
305.788139
 30
0.0
 10
279.833802
 20
306.312956
 30
0.0
 10
278.776827
 20
307.362590
 30
0.0
  0
SPLINE
  5
2b5
100
AcDbEntity
  8
0
 62
7
100
AcDbSpline
 70
8
 71
3
 72
8
 73
4
 74
0
 40
0
 40
0
 40
0
 40
0
 40
1
 40
1
 40
1
 40
1
 10
278.776827
 20
307.362590
 30
0.0
 10
277.727119
 20
308.412231
 30
0.0
 10
277.202265
 20
309.855484
 30
0.0
 10
277.202265
 20
311.692348
 30
0.0
  0
LWPOLYLINE
  5
2b6
100
AcDbEntity
  8
0
 62
7
100
AcDbPolyline
 90
2
 70
0
 10
289.437789
 20
321.991916
 30
0.0
 10
289.437789
 20
311.648612
 30
0.0
  0
SPLINE
  5
2b7
100
AcDbEntity
  8
0
 62
7
100
AcDbSpline
 70
8
 71
3
 72
8
 73
4
 74
0
 40
0
 40
0
 40
0
 40
0
 40
1
 40
1
 40
1
 40
1
 10
279.061122
 20
311.561141
 30
0.0
 10
279.061122
 20
310.227225
 30
0.0
 10
279.425594
 20
309.203099
 30
0.0
 10
280.154539
 20
308.488763
 30
0.0
  0
SPLINE
  5
2b8
100
AcDbEntity
  8
0
 62
7
100
AcDbSpline
 70
8
 71
3
 72
8
 73
4
 74
0
 40
0
 40
0
 40
0
 40
0
 40
1
 40
1
 40
1
 40
1
 10
280.154539
 20
308.488763
 30
0.0
 10
280.883501
 20
307.774426
 30
0.0
 10
281.955072
 20
307.417258
 30
0.0
 10
283.369253
 20
307.417258
 30
0.0
  0
SPLINE
  5
2b9
100
AcDbEntity
  8
0
 62
7
100
AcDbSpline
 70
8
 71
3
 72
8
 73
4
 74
0
 40
0
 40
0
 40
0
 40
0
 40
1
 40
1
 40
1
 40
1
 10
283.369253
 20
307.417258
 30
0.0
 10
284.717816
 20
307.417258
 30
0.0
 10
285.756570
 20
307.774426
 30
0.0
 10
286.485515
 20
308.488763
 30
0.0
  0
SPLINE
  5
2ba
100
AcDbEntity
  8
0
 62
7
100
AcDbSpline
 70
8
 71
3
 72
8
 73
4
 74
0
 40
0
 40
0
 40
0
 40
0
 40
1
 40
1
 40
1
 40
1
 10
286.485515
 20
308.488763
 30
0.0
 10
287.214478
 20
309.210387
 30
0.0
 10
287.578959
 20
310.241803
 30
0.0
 10
287.578959
 20
311.583012
 30
0.0
  0
LWPOLYLINE
  5
2bb
100
AcDbEntity
  8
0
 62
7
100
AcDbPolyline
 90
4
 70
0
 10
277.202265
 20
311.692348
 30
0.0
 10
277.202265
 20
321.991916
 30
0.0
 10
279.061122
 20
321.991916
 30
0.0
 10
279.061122
 20
311.561141
 30
0.0
  0
LWPOLYLINE
  5
2bc
100
AcDbEntity
  8
0
 62
7
100
AcDbPolyline
 90
3
 70
0
 10
287.578959
 20
311.583012
 30
0.0
 10
287.578959
 20
321.991916
 30
0.0
 10
289.437789
 20
321.991916
 30
0.0
  0
LWPOLYLINE
  5
2bd
100
AcDbEntity
  8
0
 62
7
100
AcDbPolyline
 90
4
 70
1
 10
349.036031
 20
306.006807
 30
0.0
 10
349.036031
 20
321.991916
 30
0.0
 10
350.894862
 20
321.991916
 30
0.0
 10
350.894862
 20
306.006807
 30
0.0
  0
LWPOLYLINE
  5
2be
100
AcDbEntity
  8
0
 62
7
100
AcDbPolyline
 90
8
 70
1
 10
384.203972
 20
306.006807
 30
0.0
 10
382.345142
 20
306.006807
 30
0.0
 10
382.345142
 20
320.340926
 30
0.0
 10
377.282525
 20
320.340926
 30
0.0
 10
377.282525
 20
321.991916
 30
0.0
 10
389.266562
 20
321.991916
 30
0.0
 10
389.266562
 20
320.340926
 30
0.0
 10
384.203972
 20
320.340926
 30
0.0
  0
LWPOLYLINE
  5
2bf
100
AcDbEntity
  8
0
 62
7
100
AcDbPolyline
 90
10
 70
1
 10
422.094528
 20
306.006807
 30
0.0
 10
411.105509
 20
306.006807
 30
0.0
 10
411.105509
 20
307.460999
 30
0.0
 10
419.590564
 20
320.319056
 30
0.0
 10
411.367949
 20
320.319056
 30
0.0
 10
411.367949
 20
321.991916
 30
0.0
 10
421.853969
 20
321.991916
 30
0.0
 10
421.853969
 20
320.537729
 30
0.0
 10
413.368913
 20
307.690599
 30
0.0
 10
422.094528
 20
307.690599
 30
0.0
  0
LWPOLYLINE
  5
2c0
100
AcDbEntity
  8
0
 62
7
100
AcDbPolyline
 90
12
 70
1
 10
88.282187
 20
274.008628
 30
0.0
 10
79.370693
 20
274.008628
 30
0.0
 10
79.370693
 20
289.993731
 30
0.0
 10
88.282187
 20
289.993731
 30
0.0
 10
88.282187
 20
288.342742
 30
0.0
 10
81.229533
 20
288.342742
 30
0.0
 10
81.229533
 20
283.192961
 30
0.0
 10
87.855748
 20
283.192961
 30
0.0
 10
87.855748
 20
281.552899
 30
0.0
 10
81.229533
 20
281.552899
 30
0.0
 10
81.229533
 20
275.670555
 30
0.0
 10
88.282187
 20
275.670555
 30
0.0
  0
SPLINE
  5
2c1
100
AcDbEntity
  8
0
 62
7
100
AcDbSpline
 70
8
 71
3
 72
8
 73
4
 74
0
 40
0
 40
0
 40
0
 40
0
 40
1
 40
1
 40
1
 40
1
 10
155.113540
 20
278.261847
 30
0.0
 10
155.113540
 20
276.855040
 30
0.0
 10
154.603270
 20
275.758023
 30
0.0
 10
153.582730
 20
274.970796
 30
0.0
  0
SPLINE
  5
2c2
100
AcDbEntity
  8
0
 62
7
100
AcDbSpline
 70
8
 71
3
 72
8
 73
4
 74
0
 40
0
 40
0
 40
0
 40
0
 40
1
 40
1
 40
1
 40
1
 10
153.582730
 20
274.970796
 30
0.0
 10
152.562193
 20
274.183568
 30
0.0
 10
151.177177
 20
273.789955
 30
0.0
 10
149.427681
 20
273.789955
 30
0.0
  0
SPLINE
  5
2c3
100
AcDbEntity
  8
0
 62
7
100
AcDbSpline
 70
8
 71
3
 72
8
 73
4
 74
0
 40
0
 40
0
 40
0
 40
0
 40
1
 40
1
 40
1
 40
1
 10
149.427681
 20
273.789955
 30
0.0
 10
147.532397
 20
273.789955
 30
0.0
 10
146.074483
 20
274.034141
 30
0.0
 10
145.053939
 20
274.522512
 30
0.0
  0
LWPOLYLINE
  5
2c4
100
AcDbEntity
  8
0
 62
7
100
AcDbPolyline
 90
4
 70
1
 10
115.796049
 20
274.008628
 30
0.0
 10
115.796049
 20
289.993731
 30
0.0
 10
117.654890
 20
289.993731
 30
0.0
 10
117.654890
 20
274.008628
 30
0.0
  0
SPLINE
  5
2c5
100
AcDbEntity
  8
0
 62
7
100
AcDbSpline
 70
8
 71
3
 72
8
 73
4
 74
0
 40
0
 40
0
 40
0
 40
0
 40
1
 40
1
 40
1
 40
1
 10
145.053939
 20
276.315646
 30
0.0
 10
145.710003
 20
276.038659
 30
0.0
 10
146.424382
 20
275.819985
 30
0.0
 10
147.197075
 20
275.659622
 30
0.0
  0
SPLINE
  5
2c6
100
AcDbEntity
  8
0
 62
7
100
AcDbSpline
 70
8
 71
3
 72
8
 73
4
 74
0
 40
0
 40
0
 40
0
 40
0
 40
1
 40
1
 40
1
 40
1
 10
147.197075
 20
275.659622
 30
0.0
 10
147.969767
 20
275.499260
 30
0.0
 10
148.735170
 20
275.419079
 30
0.0
 10
149.493282
 20
275.419079
 30
0.0
  0
SPLINE
  5
2c7
100
AcDbEntity
  8
0
 62
7
100
AcDbSpline
 70
8
 71
3
 72
8
 73
4
 74
0
 40
0
 40
0
 40
0
 40
0
 40
1
 40
1
 40
1
 40
1
 10
149.493282
 20
275.419079
 30
0.0
 10
150.732509
 20
275.419079
 30
0.0
 10
151.665575
 20
275.652332
 30
0.0
 10
152.292479
 20
276.118838
 30
0.0
  0
SPLINE
  5
2c8
100
AcDbEntity
  8
0
 62
7
100
AcDbSpline
 70
8
 71
3
 72
8
 73
4
 74
0
 40
0
 40
0
 40
0
 40
0
 40
1
 40
1
 40
1
 40
1
 10
152.292479
 20
276.118838
 30
0.0
 10
152.919379
 20
276.592633
 30
0.0
 10
153.232829
 20
277.248657
 30
0.0
 10
153.232829
 20
278.086910
 30
0.0
  0
SPLINE
  5
2c9
100
AcDbEntity
  8
0
 62
7
100
AcDbSpline
 70
8
 71
3
 72
8
 73
4
 74
0
 40
0
 40
0
 40
0
 40
0
 40
1
 40
1
 40
1
 40
1
 10
153.232829
 20
278.086910
 30
0.0
 10
153.232829
 20
278.640884
 30
0.0
 10
153.119841
 20
279.092812
 30
0.0
 10
152.893866
 20
279.442693
 30
0.0
  0
SPLINE
  5
2ca
100
AcDbEntity
  8
0
 62
7
100
AcDbSpline
 70
8
 71
3
 72
8
 73
4
 74
0
 40
0
 40
0
 40
0
 40
0
 40
1
 40
1
 40
1
 40
1
 10
152.893866
 20
279.442693
 30
0.0
 10
152.675183
 20
279.799859
 30
0.0
 10
152.303415
 20
280.127870
 30
0.0
 10
151.778563
 20
280.426726
 30
0.0
  0
SPLINE
  5
2cb
100
AcDbEntity
  8
0
 62
7
100
AcDbSpline
 70
8
 71
3
 72
8
 73
4
 74
0
 40
0
 40
0
 40
0
 40
0
 40
1
 40
1
 40
1
 40
1
 10
151.778563
 20
280.426726
 30
0.0
 10
151.261002
 20
280.725578
 30
0.0
 10
150.470085
 20
281.064524
 30
0.0
 10
149.405811
 20
281.443562
 30
0.0
  0
SPLINE
  5
2cc
100
AcDbEntity
  8
0
 62
7
100
AcDbSpline
 70
8
 71
3
 72
8
 73
4
 74
0
 40
0
 40
0
 40
0
 40
0
 40
1
 40
1
 40
1
 40
1
 10
149.405811
 20
281.443562
 30
0.0
 10
147.918740
 20
281.975671
 30
0.0
 10
146.854464
 20
282.606182
 30
0.0
 10
146.212983
 20
283.335095
 30
0.0
  0
SPLINE
  5
2cd
100
AcDbEntity
  8
0
 62
7
100
AcDbSpline
 70
8
 71
3
 72
8
 73
4
 74
0
 40
0
 40
0
 40
0
 40
0
 40
1
 40
1
 40
1
 40
1
 10
146.212983
 20
283.335095
 30
0.0
 10
145.578788
 20
284.064011
 30
0.0
 10
145.261690
 20
285.015247
 30
0.0
 10
145.261690
 20
286.188801
 30
0.0
  0
SPLINE
  5
2ce
100
AcDbEntity
  8
0
 62
7
100
AcDbSpline
 70
8
 71
3
 72
8
 73
4
 74
0
 40
0
 40
0
 40
0
 40
0
 40
1
 40
1
 40
1
 40
1
 10
145.261690
 20
286.188801
 30
0.0
 10
145.261690
 20
287.420665
 30
0.0
 10
145.724578
 20
288.401056
 30
0.0
 10
146.650355
 20
289.129973
 30
0.0
  0
SPLINE
  5
2cf
100
AcDbEntity
  8
0
 62
7
100
AcDbSpline
 70
8
 71
3
 72
8
 73
4
 74
0
 40
0
 40
0
 40
0
 40
0
 40
1
 40
1
 40
1
 40
1
 10
146.650355
 20
289.129973
 30
0.0
 10
147.576129
 20
289.858886
 30
0.0
 10
148.800776
 20
290.223342
 30
0.0
 10
150.324296
 20
290.223342
 30
0.0
  0
SPLINE
  5
2d0
100
AcDbEntity
  8
0
 62
7
100
AcDbSpline
 70
8
 71
3
 72
8
 73
4
 74
0
 40
0
 40
0
 40
0
 40
0
 40
1
 40
1
 40
1
 40
1
 10
150.324296
 20
290.223342
 30
0.0
 10
151.913419
 20
290.223342
 30
0.0
 10
153.374975
 20
289.931777
 30
0.0
 10
154.708966
 20
289.348645
 30
0.0
  0
LWPOLYLINE
  5
2d1
100
AcDbEntity
  8
0
 62
7
100
AcDbPolyline
 90
2
 70
0
 10
145.053939
 20
274.522512
 30
0.0
 10
145.053939
 20
276.315646
 30
0.0
  0
SPLINE
  5
2d2
100
AcDbEntity
  8
0
 62
7
100
AcDbSpline
 70
8
 71
3
 72
8
 73
4
 74
0
 40
0
 40
0
 40
0
 40
0
 40
1
 40
1
 40
1
 40
1
 10
154.129449
 20
287.730448
 30
0.0
 10
152.810035
 20
288.284426
 30
0.0
 10
151.527071
 20
288.561415
 30
0.0
 10
150.280555
 20
288.561415
 30
0.0
  0
SPLINE
  5
2d3
100
AcDbEntity
  8
0
 62
7
100
AcDbSpline
 70
8
 71
3
 72
8
 73
4
 74
0
 40
0
 40
0
 40
0
 40
0
 40
1
 40
1
 40
1
 40
1
 10
150.280555
 20
288.561415
 30
0.0
 10
149.296464
 20
288.561415
 30
0.0
 10
148.527415
 20
288.350029
 30
0.0
 10
147.973410
 20
287.927256
 30
0.0
  0
SPLINE
  5
2d4
100
AcDbEntity
  8
0
 62
7
100
AcDbSpline
 70
8
 71
3
 72
8
 73
4
 74
0
 40
0
 40
0
 40
0
 40
0
 40
1
 40
1
 40
1
 40
1
 10
147.973410
 20
287.927256
 30
0.0
 10
147.419404
 20
287.504491
 30
0.0
 10
147.142401
 20
286.917715
 30
0.0
 10
147.142401
 20
286.166930
 30
0.0
  0
SPLINE
  5
2d5
100
AcDbEntity
  8
0
 62
7
100
AcDbSpline
 70
8
 71
3
 72
8
 73
4
 74
0
 40
0
 40
0
 40
0
 40
0
 40
1
 40
1
 40
1
 40
1
 10
147.142401
 20
286.166930
 30
0.0
 10
147.142401
 20
285.612953
 30
0.0
 10
147.244454
 20
285.157381
 30
0.0
 10
147.448561
 20
284.800215
 30
0.0
  0
SPLINE
  5
2d6
100
AcDbEntity
  8
0
 62
7
100
AcDbSpline
 70
8
 71
3
 72
8
 73
4
 74
0
 40
0
 40
0
 40
0
 40
0
 40
1
 40
1
 40
1
 40
1
 10
147.448561
 20
284.800215
 30
0.0
 10
147.652671
 20
284.450337
 30
0.0
 10
147.995282
 20
284.125970
 30
0.0
 10
148.476393
 20
283.827114
 30
0.0
  0
SPLINE
  5
2d7
100
AcDbEntity
  8
0
 62
7
100
AcDbSpline
 70
8
 71
3
 72
8
 73
4
 74
0
 40
0
 40
0
 40
0
 40
0
 40
1
 40
1
 40
1
 40
1
 10
148.476393
 20
283.827114
 30
0.0
 10
148.964793
 20
283.535550
 30
0.0
 10
149.708328
 20
283.211183
 30
0.0
 10
150.707000
 20
282.854014
 30
0.0
  0
SPLINE
  5
2d8
100
AcDbEntity
  8
0
 62
7
100
AcDbSpline
 70
8
 71
3
 72
8
 73
4
 74
0
 40
0
 40
0
 40
0
 40
0
 40
1
 40
1
 40
1
 40
1
 10
150.707000
 20
282.854014
 30
0.0
 10
152.383598
 20
282.256302
 30
0.0
 10
153.535348
 20
281.614857
 30
0.0
 10
154.162252
 20
280.929678
 30
0.0
  0
SPLINE
  5
2d9
100
AcDbEntity
  8
0
 62
7
100
AcDbSpline
 70
8
 71
3
 72
8
 73
4
 74
0
 40
0
 40
0
 40
0
 40
0
 40
1
 40
1
 40
1
 40
1
 10
154.162252
 20
280.929678
 30
0.0
 10
154.796444
 20
280.244495
 30
0.0
 10
155.113540
 20
279.355218
 30
0.0
 10
155.113540
 20
278.261847
 30
0.0
  0
LWPOLYLINE
  5
2da
100
AcDbEntity
  8
0
 62
7
100
AcDbPolyline
 90
2
 70
0
 10
154.708966
 20
289.348645
 30
0.0
 10
154.129449
 20
287.730448
 30
0.0
  0
LWPOLYLINE
  5
2db
100
AcDbEntity
  8
0
 62
7
100
AcDbPolyline
 90
1
 70
1
 10
155.113540
 20
278.261847
 30
0.0
  0
LWPOLYLINE
  5
2dc
100
AcDbEntity
  8
0
 62
7
100
AcDbPolyline
 90
10
 70
1
 10
222.174520
 20
274.008628
 30
0.0
 10
211.185501
 20
274.008628
 30
0.0
 10
211.185501
 20
275.462815
 30
0.0
 10
219.670556
 20
288.320871
 30
0.0
 10
211.447930
 20
288.320871
 30
0.0
 10
211.447930
 20
289.993731
 30
0.0
 10
221.933966
 20
289.993731
 30
0.0
 10
221.933966
 20
288.539550
 30
0.0
 10
213.448911
 20
275.692420
 30
0.0
 10
222.174520
 20
275.692420
 30
0.0
  0
SPLINE
  5
2dd
100
AcDbEntity
  8
0
 62
7
100
AcDbSpline
 70
8
 71
3
 72
8
 73
4
 74
0
 40
0
 40
0
 40
0
 40
0
 40
1
 40
1
 40
1
 40
1
 10
250.721680
 20
284.712749
 30
0.0
 10
250.568599
 20
285.186543
 30
0.0
 10
250.397296
 20
285.784253
 30
0.0
 10
250.207769
 20
286.505877
 30
0.0
  0
SPLINE
  5
2de
100
AcDbEntity
  8
0
 62
7
100
AcDbSpline
 70
8
 71
3
 72
8
 73
4
 74
0
 40
0
 40
0
 40
0
 40
0
 40
1
 40
1
 40
1
 40
1
 10
250.207769
 20
286.505877
 30
0.0
 10
250.018240
 20
287.227502
 30
0.0
 10
249.919830
 20
287.661205
 30
0.0
 10
249.912542
 20
287.806987
 30
0.0
  0
SPLINE
  5
2df
100
AcDbEntity
  8
0
 62
7
100
AcDbSpline
 70
8
 71
3
 72
8
 73
4
 74
0
 40
0
 40
0
 40
0
 40
0
 40
1
 40
1
 40
1
 40
1
 10
249.912542
 20
287.806987
 30
0.0
 10
249.752173
 20
286.844821
 30
0.0
 10
249.497037
 20
285.791539
 30
0.0
 10
249.147134
 20
284.647142
 30
0.0
  0
LWPOLYLINE
  5
2e0
100
AcDbEntity
  8
0
 62
7
100
AcDbPolyline
 90
3
 70
0
 10
255.784286
 20
274.008628
 30
0.0
 10
253.947316
 20
274.008628
 30
0.0
 10
250.721680
 20
284.712749
 30
0.0
  0
SPLINE
  5
2e1
100
AcDbEntity
  8
0
 62
7
100
AcDbSpline
 70
8
 71
3
 72
8
 73
4
 74
0
 40
0
 40
0
 40
0
 40
0
 40
1
 40
1
 40
1
 40
1
 10
244.423502
 20
280.120582
 30
0.0
 10
244.773397
 20
278.735640
 30
0.0
 10
245.028531
 20
277.481905
 30
0.0
 10
245.188904
 20
276.359376
 30
0.0
  0
SPLINE
  5
2e2
100
AcDbEntity
  8
0
 62
7
100
AcDbSpline
 70
8
 71
3
 72
8
 73
4
 74
0
 40
0
 40
0
 40
0
 40
0
 40
1
 40
1
 40
1
 40
1
 10
245.188904
 20
276.359376
 30
0.0
 10
245.385722
 20
277.693293
 30
0.0
 10
245.677304
 20
278.998050
 30
0.0
 10
246.063648
 20
280.273649
 30
0.0
  0
LWPOLYLINE
  5
2e3
100
AcDbEntity
  8
0
 62
7
100
AcDbPolyline
 90
6
 70
0
 10
249.147134
 20
284.647142
 30
0.0
 10
246.019913
 20
274.008628
 30
0.0
 10
244.182942
 20
274.008628
 30
0.0
 10
239.929485
 20
289.993731
 30
0.0
 10
241.897667
 20
289.993731
 30
0.0
 10
244.423502
 20
280.120582
 30
0.0
  0
SPLINE
  5
2e4
100
AcDbEntity
  8
0
 62
7
100
AcDbSpline
 70
8
 71
3
 72
8
 73
4
 74
0
 40
0
 40
0
 40
0
 40
0
 40
1
 40
1
 40
1
 40
1
 10
253.903581
 20
280.186183
 30
0.0
 10
254.253476
 20
279.056366
 30
0.0
 10
254.548702
 20
277.780764
 30
0.0
 10
254.789257
 20
276.359376
 30
0.0
  0
SPLINE
  5
2e5
100
AcDbEntity
  8
0
 62
7
100
AcDbSpline
 70
8
 71
3
 72
8
 73
4
 74
0
 40
0
 40
0
 40
0
 40
0
 40
1
 40
1
 40
1
 40
1
 10
254.789257
 20
276.359376
 30
0.0
 10
254.927758
 20
277.394437
 30
0.0
 10
255.190184
 20
278.655461
 30
0.0
 10
255.576536
 20
280.142447
 30
0.0
  0
LWPOLYLINE
  5
2e6
100
AcDbEntity
  8
0
 62
7
100
AcDbPolyline
 90
4
 70
0
 10
246.063648
 20
280.273649
 30
0.0
 10
248.928451
 20
289.993731
 30
0.0
 10
250.896628
 20
289.993731
 30
0.0
 10
253.903581
 20
280.186183
 30
0.0
  0
LWPOLYLINE
  5
2e7
100
AcDbEntity
  8
0
 62
7
100
AcDbPolyline
 90
4
 70
0
 10
255.576536
 20
280.142447
 30
0.0
 10
258.091432
 20
289.993731
 30
0.0
 10
260.059615
 20
289.993731
 30
0.0
 10
255.784286
 20
274.008628
 30
0.0
  0
LWPOLYLINE
  5
2e8
100
AcDbEntity
  8
0
 62
7
100
AcDbPolyline
 90
4
 70
1
 10
315.716047
 20
274.008628
 30
0.0
 10
315.716047
 20
289.993731
 30
0.0
 10
317.574904
 20
289.993731
 30
0.0
 10
317.574904
 20
274.008628
 30
0.0
  0
SPLINE
  5
2e9
100
AcDbEntity
  8
0
 62
7
100
AcDbSpline
 70
8
 71
3
 72
8
 73
4
 74
0
 40
0
 40
0
 40
0
 40
0
 40
1
 40
1
 40
1
 40
1
 10
422.717780
 20
279.650433
 30
0.0
 10
422.717780
 20
277.828142
 30
0.0
 10
422.167420
 20
276.395824
 30
0.0
 10
421.066701
 20
275.353478
 30
0.0
  0
SPLINE
  5
2ea
100
AcDbEntity
  8
0
 62
7
100
AcDbSpline
 70
8
 71
3
 72
8
 73
4
 74
0
 40
0
 40
0
 40
0
 40
0
 40
1
 40
1
 40
1
 40
1
 10
421.066701
 20
275.353478
 30
0.0
 10
419.965981
 20
274.311129
 30
0.0
 10
418.453394
 20
273.789955
 30
0.0
 10
416.528938
 20
273.789955
 30
0.0
  0
SPLINE
  5
2eb
100
AcDbEntity
  8
0
 62
7
100
AcDbSpline
 70
8
 71
3
 72
8
 73
4
 74
0
 40
0
 40
0
 40
0
 40
0
 40
1
 40
1
 40
1
 40
1
 10
416.528938
 20
273.789955
 30
0.0
 10
414.604500
 20
273.789955
 30
0.0
 10
413.113784
 20
274.314773
 30
0.0
 10
412.056792
 20
275.364411
 30
0.0
  0
SPLINE
  5
2ec
100
AcDbEntity
  8
0
 62
7
100
AcDbSpline
 70
8
 71
3
 72
8
 73
4
 74
0
 40
0
 40
0
 40
0
 40
0
 40
1
 40
1
 40
1
 40
1
 10
412.056792
 20
275.364411
 30
0.0
 10
411.007101
 20
276.414048
 30
0.0
 10
410.482256
 20
277.857299
 30
0.0
 10
410.482256
 20
279.694164
 30
0.0
  0
LWPOLYLINE
  5
2ed
100
AcDbEntity
  8
0
 62
7
100
AcDbPolyline
 90
2
 70
0
 10
422.717780
 20
289.993731
 30
0.0
 10
422.717780
 20
279.650433
 30
0.0
  0
SPLINE
  5
2ee
100
AcDbEntity
  8
0
 62
7
100
AcDbSpline
 70
8
 71
3
 72
8
 73
4
 74
0
 40
0
 40
0
 40
0
 40
0
 40
1
 40
1
 40
1
 40
1
 10
412.341086
 20
279.562962
 30
0.0
 10
412.341086
 20
278.229046
 30
0.0
 10
412.705568
 20
277.204920
 30
0.0
 10
413.434530
 20
276.490583
 30
0.0
  0
SPLINE
  5
2ef
100
AcDbEntity
  8
0
 62
7
100
AcDbSpline
 70
8
 71
3
 72
8
 73
4
 74
0
 40
0
 40
0
 40
0
 40
0
 40
1
 40
1
 40
1
 40
1
 10
413.434530
 20
276.490583
 30
0.0
 10
414.163492
 20
275.776247
 30
0.0
 10
415.235055
 20
275.419079
 30
0.0
 10
416.649218
 20
275.419079
 30
0.0
  0
SPLINE
  5
2f0
100
AcDbEntity
  8
0
 62
7
100
AcDbSpline
 70
8
 71
3
 72
8
 73
4
 74
0
 40
0
 40
0
 40
0
 40
0
 40
1
 40
1
 40
1
 40
1
 10
416.649218
 20
275.419079
 30
0.0
 10
417.997799
 20
275.419079
 30
0.0
 10
419.036562
 20
275.776247
 30
0.0
 10
419.765506
 20
276.490583
 30
0.0
  0
SPLINE
  5
2f1
100
AcDbEntity
  8
0
 62
7
100
AcDbSpline
 70
8
 71
3
 72
8
 73
4
 74
0
 40
0
 40
0
 40
0
 40
0
 40
1
 40
1
 40
1
 40
1
 10
419.765506
 20
276.490583
 30
0.0
 10
420.494469
 20
277.212211
 30
0.0
 10
420.858950
 20
278.243626
 30
0.0
 10
420.858950
 20
279.584827
 30
0.0
  0
LWPOLYLINE
  5
2f2
100
AcDbEntity
  8
0
 62
7
100
AcDbPolyline
 90
4
 70
0
 10
410.482256
 20
279.694164
 30
0.0
 10
410.482256
 20
289.993731
 30
0.0
 10
412.341086
 20
289.993731
 30
0.0
 10
412.341086
 20
279.562962
 30
0.0
  0
SPLINE
  5
2f3
100
AcDbEntity
  8
0
 62
7
100
AcDbSpline
 70
8
 71
3
 72
8
 73
4
 74
0
 40
0
 40
0
 40
0
 40
0
 40
1
 40
1
 40
1
 40
1
 10
413.489193
 20
292.934903
 30
0.0
 10
413.489193
 20
293.313938
 30
0.0
 10
413.583958
 20
293.587283
 30
0.0
 10
413.773488
 20
293.754937
 30
0.0
  0
SPLINE
  5
2f4
100
AcDbEntity
  8
0
 62
7
100
AcDbSpline
 70
8
 71
3
 72
8
 73
4
 74
0
 40
0
 40
0
 40
0
 40
0
 40
1
 40
1
 40
1
 40
1
 10
413.773488
 20
293.754937
 30
0.0
 10
413.970302
 20
293.922587
 30
0.0
 10
414.203568
 20
294.006413
 30
0.0
 10
414.473284
 20
294.006413
 30
0.0
  0
SPLINE
  5
2f5
100
AcDbEntity
  8
0
 62
7
100
AcDbSpline
 70
8
 71
3
 72
8
 73
4
 74
0
 40
0
 40
0
 40
0
 40
0
 40
1
 40
1
 40
1
 40
1
 10
414.473284
 20
294.006413
 30
0.0
 10
414.750285
 20
294.006413
 30
0.0
 10
414.987202
 20
293.922587
 30
0.0
 10
415.184034
 20
293.754937
 30
0.0
  0
SPLINE
  5
2f6
100
AcDbEntity
  8
0
 62
7
100
AcDbSpline
 70
8
 71
3
 72
8
 73
4
 74
0
 40
0
 40
0
 40
0
 40
0
 40
1
 40
1
 40
1
 40
1
 10
415.184034
 20
293.754937
 30
0.0
 10
415.388134
 20
293.587283
 30
0.0
 10
415.490184
 20
293.313938
 30
0.0
 10
415.490184
 20
292.934903
 30
0.0
  0
SPLINE
  5
2f7
100
AcDbEntity
  8
0
 62
7
100
AcDbSpline
 70
8
 71
3
 72
8
 73
4
 74
0
 40
0
 40
0
 40
0
 40
0
 40
1
 40
1
 40
1
 40
1
 10
415.490184
 20
292.934903
 30
0.0
 10
415.490184
 20
292.570445
 30
0.0
 10
415.388134
 20
292.297104
 30
0.0
 10
415.184034
 20
292.114880
 30
0.0
  0
SPLINE
  5
2f8
100
AcDbEntity
  8
0
 62
7
100
AcDbSpline
 70
8
 71
3
 72
8
 73
4
 74
0
 40
0
 40
0
 40
0
 40
0
 40
1
 40
1
 40
1
 40
1
 10
415.184034
 20
292.114880
 30
0.0
 10
414.987202
 20
291.939938
 30
0.0
 10
414.750285
 20
291.852466
 30
0.0
 10
414.473284
 20
291.852466
 30
0.0
  0
SPLINE
  5
2f9
100
AcDbEntity
  8
0
 62
7
100
AcDbSpline
 70
8
 71
3
 72
8
 73
4
 74
0
 40
0
 40
0
 40
0
 40
0
 40
1
 40
1
 40
1
 40
1
 10
414.473284
 20
291.852466
 30
0.0
 10
414.203568
 20
291.852466
 30
0.0
 10
413.970302
 20
291.939938
 30
0.0
 10
413.773488
 20
292.114880
 30
0.0
  0
SPLINE
  5
2fa
100
AcDbEntity
  8
0
 62
7
100
AcDbSpline
 70
8
 71
3
 72
8
 73
4
 74
0
 40
0
 40
0
 40
0
 40
0
 40
1
 40
1
 40
1
 40
1
 10
413.773488
 20
292.114880
 30
0.0
 10
413.583958
 20
292.297104
 30
0.0
 10
413.489193
 20
292.570445
 30
0.0
 10
413.489193
 20
292.934903
 30
0.0
  0
LWPOLYLINE
  5
2fb
100
AcDbEntity
  8
0
 62
7
100
AcDbPolyline
 90
3
 70
0
 10
420.858950
 20
279.584827
 30
0.0
 10
420.858950
 20
289.993731
 30
0.0
 10
422.717780
 20
289.993731
 30
0.0
  0
SPLINE
  5
2fc
100
AcDbEntity
  8
0
 62
7
100
AcDbSpline
 70
8
 71
3
 72
8
 73
4
 74
0
 40
0
 40
0
 40
0
 40
0
 40
1
 40
1
 40
1
 40
1
 10
417.655190
 20
292.934903
 30
0.0
 10
417.655190
 20
293.313938
 30
0.0
 10
417.749955
 20
293.587283
 30
0.0
 10
417.939485
 20
293.754937
 30
0.0
  0
SPLINE
  5
2fd
100
AcDbEntity
  8
0
 62
7
100
AcDbSpline
 70
8
 71
3
 72
8
 73
4
 74
0
 40
0
 40
0
 40
0
 40
0
 40
1
 40
1
 40
1
 40
1
 10
417.939485
 20
293.754937
 30
0.0
 10
418.136299
 20
293.922587
 30
0.0
 10
418.369565
 20
294.006413
 30
0.0
 10
418.639281
 20
294.006413
 30
0.0
  0
SPLINE
  5
2fe
100
AcDbEntity
  8
0
 62
7
100
AcDbSpline
 70
8
 71
3
 72
8
 73
4
 74
0
 40
0
 40
0
 40
0
 40
0
 40
1
 40
1
 40
1
 40
1
 10
418.639281
 20
294.006413
 30
0.0
 10
418.908997
 20
294.006413
 30
0.0
 10
419.142263
 20
293.922587
 30
0.0
 10
419.339078
 20
293.754937
 30
0.0
  0
SPLINE
  5
2ff
100
AcDbEntity
  8
0
 62
7
100
AcDbSpline
 70
8
 71
3
 72
8
 73
4
 74
0
 40
0
 40
0
 40
0
 40
0
 40
1
 40
1
 40
1
 40
1
 10
419.339078
 20
293.754937
 30
0.0
 10
419.543177
 20
293.587283
 30
0.0
 10
419.645227
 20
293.313938
 30
0.0
 10
419.645227
 20
292.934903
 30
0.0
  0
SPLINE
  5
300
100
AcDbEntity
  8
0
 62
7
100
AcDbSpline
 70
8
 71
3
 72
8
 73
4
 74
0
 40
0
 40
0
 40
0
 40
0
 40
1
 40
1
 40
1
 40
1
 10
419.645227
 20
292.934903
 30
0.0
 10
419.645227
 20
292.570445
 30
0.0
 10
419.543177
 20
292.297104
 30
0.0
 10
419.339078
 20
292.114880
 30
0.0
  0
SPLINE
  5
301
100
AcDbEntity
  8
0
 62
7
100
AcDbSpline
 70
8
 71
3
 72
8
 73
4
 74
0
 40
0
 40
0
 40
0
 40
0
 40
1
 40
1
 40
1
 40
1
 10
419.339078
 20
292.114880
 30
0.0
 10
419.142263
 20
291.939938
 30
0.0
 10
418.908997
 20
291.852466
 30
0.0
 10
418.639281
 20
291.852466
 30
0.0
  0
SPLINE
  5
302
100
AcDbEntity
  8
0
 62
7
100
AcDbSpline
 70
8
 71
3
 72
8
 73
4
 74
0
 40
0
 40
0
 40
0
 40
0
 40
1
 40
1
 40
1
 40
1
 10
418.639281
 20
291.852466
 30
0.0
 10
418.369565
 20
291.852466
 30
0.0
 10
418.136299
 20
291.939938
 30
0.0
 10
417.939485
 20
292.114880
 30
0.0
  0
SPLINE
  5
303
100
AcDbEntity
  8
0
 62
7
100
AcDbSpline
 70
8
 71
3
 72
8
 73
4
 74
0
 40
0
 40
0
 40
0
 40
0
 40
1
 40
1
 40
1
 40
1
 10
417.939485
 20
292.114880
 30
0.0
 10
417.749955
 20
292.297104
 30
0.0
 10
417.655190
 20
292.570445
 30
0.0
 10
417.655190
 20
292.934903
 30
0.0
  0
LWPOLYLINE
  5
304
100
AcDbEntity
  8
0
 62
7
100
AcDbPolyline
 90
1
 70
1
 10
413.489193
 20
292.934903
 30
0.0
  0
LWPOLYLINE
  5
305
100
AcDbEntity
  8
0
 62
7
100
AcDbPolyline
 90
1
 70
1
 10
417.655190
 20
292.934903
 30
0.0
  0
LWPOLYLINE
  5
306
100
AcDbEntity
  8
0
 62
7
100
AcDbPolyline
 90
10
 70
1
 10
88.894507
 20
242.010459
 30
0.0
 10
77.905494
 20
242.010459
 30
0.0
 10
77.905494
 20
243.464641
 30
0.0
 10
86.390544
 20
256.322703
 30
0.0
 10
78.167918
 20
256.322703
 30
0.0
 10
78.167918
 20
257.995563
 30
0.0
 10
88.653953
 20
257.995563
 30
0.0
 10
88.653953
 20
256.541376
 30
0.0
 10
80.168903
 20
243.694246
 30
0.0
 10
88.894507
 20
243.694246
 30
0.0
  0
SPLINE
  5
307
100
AcDbEntity
  8
0
 62
7
100
AcDbSpline
 70
8
 71
3
 72
8
 73
4
 74
0
 40
0
 40
0
 40
0
 40
0
 40
1
 40
1
 40
1
 40
1
 10
115.697640
 20
247.652254
 30
0.0
 10
116.120434
 20
246.464127
 30
0.0
 10
116.455754
 20
245.308797
 30
0.0
 10
116.703602
 20
244.186265
 30
0.0
  0
SPLINE
  5
308
100
AcDbEntity
  8
0
 62
7
100
AcDbSpline
 70
8
 71
3
 72
8
 73
4
 74
0
 40
0
 40
0
 40
0
 40
0
 40
1
 40
1
 40
1
 40
1
 10
116.703602
 20
244.186265
 30
0.0
 10
116.966026
 20
245.367108
 30
0.0
 10
117.308635
 20
246.544306
 30
0.0
 10
117.731429
 20
247.717860
 30
0.0
  0
LWPOLYLINE
  5
309
100
AcDbEntity
  8
0
 62
7
100
AcDbPolyline
 90
7
 70
0
 10
121.383499
 20
257.995563
 30
0.0
 10
123.384485
 20
257.995563
 30
0.0
 10
117.622087
 20
242.010459
 30
0.0
 10
115.785117
 20
242.010459
 30
0.0
 10
110.055517
 20
257.995563
 30
0.0
 10
112.023700
 20
257.995563
 30
0.0
 10
115.697640
 20
247.652254
 30
0.0
  0
LWPOLYLINE
  5
30a
100
AcDbEntity
  8
0
 62
7
100
AcDbPolyline
 90
2
 70
0
 10
117.731429
 20
247.717860
 30
0.0
 10
121.383499
 20
257.995563
 30
0.0
  0
LWPOLYLINE
  5
30b
100
AcDbEntity
  8
0
 62
7
100
AcDbPolyline
 90
4
 70
1
 10
149.116050
 20
242.010459
 30
0.0
 10
149.116050
 20
257.995563
 30
0.0
 10
150.974891
 20
257.995563
 30
0.0
 10
150.974891
 20
242.010459
 30
0.0
  0
LWPOLYLINE
  5
30c
100
AcDbEntity
  8
0
 62
7
100
AcDbPolyline
 90
12
 70
1
 10
188.242194
 20
242.010459
 30
0.0
 10
179.330699
 20
242.010459
 30
0.0
 10
179.330699
 20
257.995563
 30
0.0
 10
188.242194
 20
257.995563
 30
0.0
 10
188.242194
 20
256.344573
 30
0.0
 10
181.189540
 20
256.344573
 30
0.0
 10
181.189540
 20
251.194782
 30
0.0
 10
187.815754
 20
251.194782
 30
0.0
 10
187.815754
 20
249.554725
 30
0.0
 10
181.189540
 20
249.554725
 30
0.0
 10
181.189540
 20
243.672386
 30
0.0
 10
188.242194
 20
243.672386
 30
0.0
  0
LWPOLYLINE
  5
30d
100
AcDbEntity
  8
0
 62
7
100
AcDbPolyline
 90
4
 70
1
 10
249.076067
 20
242.010459
 30
0.0
 10
249.076067
 20
257.995563
 30
0.0
 10
250.934903
 20
257.995563
 30
0.0
 10
250.934903
 20
242.010459
 30
0.0
  0
LWPOLYLINE
  5
30e
100
AcDbEntity
  8
0
 62
7
100
AcDbPolyline
 90
10
 70
1
 10
281.597867
 20
242.010459
 30
0.0
 10
279.739037
 20
242.010459
 30
0.0
 10
279.739037
 20
257.995563
 30
0.0
 10
288.650521
 20
257.995563
 30
0.0
 10
288.650521
 20
256.344573
 30
0.0
 10
281.597867
 20
256.344573
 30
0.0
 10
281.597867
 20
250.495027
 30
0.0
 10
288.224092
 20
250.495027
 30
0.0
 10
288.224092
 20
248.844033
 30
0.0
 10
281.597867
 20
248.844033
 30
0.0
  0
SPLINE
  5
30f
100
AcDbEntity
  8
0
 62
7
100
AcDbSpline
 70
8
 71
3
 72
8
 73
4
 74
0
 40
0
 40
0
 40
0
 40
0
 40
1
 40
1
 40
1
 40
1
 10
322.757774
 20
247.652254
 30
0.0
 10
322.757774
 20
245.829970
 30
0.0
 10
322.207414
 20
244.397653
 30
0.0
 10
321.106694
 20
243.355304
 30
0.0
  0
SPLINE
  5
310
100
AcDbEntity
  8
0
 62
7
100
AcDbSpline
 70
8
 71
3
 72
8
 73
4
 74
0
 40
0
 40
0
 40
0
 40
0
 40
1
 40
1
 40
1
 40
1
 10
321.106694
 20
243.355304
 30
0.0
 10
320.005957
 20
242.312955
 30
0.0
 10
318.493369
 20
241.791781
 30
0.0
 10
316.568931
 20
241.791781
 30
0.0
  0
SPLINE
  5
311
100
AcDbEntity
  8
0
 62
7
100
AcDbSpline
 70
8
 71
3
 72
8
 73
4
 74
0
 40
0
 40
0
 40
0
 40
0
 40
1
 40
1
 40
1
 40
1
 10
316.568931
 20
241.791781
 30
0.0
 10
314.644493
 20
241.791781
 30
0.0
 10
313.153778
 20
242.316600
 30
0.0
 10
312.096785
 20
243.366237
 30
0.0
  0
SPLINE
  5
312
100
AcDbEntity
  8
0
 62
7
100
AcDbSpline
 70
8
 71
3
 72
8
 73
4
 74
0
 40
0
 40
0
 40
0
 40
0
 40
1
 40
1
 40
1
 40
1
 10
312.096785
 20
243.366237
 30
0.0
 10
311.047095
 20
244.415874
 30
0.0
 10
310.522250
 20
245.859127
 30
0.0
 10
310.522250
 20
247.695995
 30
0.0
  0
LWPOLYLINE
  5
313
100
AcDbEntity
  8
0
 62
7
100
AcDbPolyline
 90
2
 70
0
 10
322.757774
 20
257.995563
 30
0.0
 10
322.757774
 20
247.652254
 30
0.0
  0
SPLINE
  5
314
100
AcDbEntity
  8
0
 62
7
100
AcDbSpline
 70
8
 71
3
 72
8
 73
4
 74
0
 40
0
 40
0
 40
0
 40
0
 40
1
 40
1
 40
1
 40
1
 10
312.381080
 20
247.564788
 30
0.0
 10
312.381080
 20
246.230872
 30
0.0
 10
312.745561
 20
245.206746
 30
0.0
 10
313.474523
 20
244.492409
 30
0.0
  0
SPLINE
  5
315
100
AcDbEntity
  8
0
 62
7
100
AcDbSpline
 70
8
 71
3
 72
8
 73
4
 74
0
 40
0
 40
0
 40
0
 40
0
 40
1
 40
1
 40
1
 40
1
 10
313.474523
 20
244.492409
 30
0.0
 10
314.203468
 20
243.778073
 30
0.0
 10
315.275031
 20
243.420905
 30
0.0
 10
316.689211
 20
243.420905
 30
0.0
  0
SPLINE
  5
316
100
AcDbEntity
  8
0
 62
7
100
AcDbSpline
 70
8
 71
3
 72
8
 73
4
 74
0
 40
0
 40
0
 40
0
 40
0
 40
1
 40
1
 40
1
 40
1
 10
316.689211
 20
243.420905
 30
0.0
 10
318.037774
 20
243.420905
 30
0.0
 10
319.076537
 20
243.778073
 30
0.0
 10
319.805500
 20
244.492409
 30
0.0
  0
SPLINE
  5
317
100
AcDbEntity
  8
0
 62
7
100
AcDbSpline
 70
8
 71
3
 72
8
 73
4
 74
0
 40
0
 40
0
 40
0
 40
0
 40
1
 40
1
 40
1
 40
1
 10
319.805500
 20
244.492409
 30
0.0
 10
320.534462
 20
245.214034
 30
0.0
 10
320.898943
 20
246.245450
 30
0.0
 10
320.898943
 20
247.586659
 30
0.0
  0
LWPOLYLINE
  5
318
100
AcDbEntity
  8
0
 62
7
100
AcDbPolyline
 90
4
 70
0
 10
310.522250
 20
247.695995
 30
0.0
 10
310.522250
 20
257.995563
 30
0.0
 10
312.381080
 20
257.995563
 30
0.0
 10
312.381080
 20
247.564788
 30
0.0
  0
SPLINE
  5
319
100
AcDbEntity
  8
0
 62
7
100
AcDbSpline
 70
8
 71
3
 72
8
 73
4
 74
0
 40
0
 40
0
 40
0
 40
0
 40
1
 40
1
 40
1
 40
1
 10
313.529186
 20
260.936735
 30
0.0
 10
313.529186
 20
261.315770
 30
0.0
 10
313.623951
 20
261.589112
 30
0.0
 10
313.813481
 20
261.756763
 30
0.0
  0
SPLINE
  5
31a
100
AcDbEntity
  8
0
 62
7
100
AcDbSpline
 70
8
 71
3
 72
8
 73
4
 74
0
 40
0
 40
0
 40
0
 40
0
 40
1
 40
1
 40
1
 40
1
 10
313.813481
 20
261.756763
 30
0.0
 10
314.010296
 20
261.924414
 30
0.0
 10
314.243561
 20
262.008239
 30
0.0
 10
314.513278
 20
262.008239
 30
0.0
  0
SPLINE
  5
31b
100
AcDbEntity
  8
0
 62
7
100
AcDbSpline
 70
8
 71
3
 72
8
 73
4
 74
0
 40
0
 40
0
 40
0
 40
0
 40
1
 40
1
 40
1
 40
1
 10
314.513278
 20
262.008239
 30
0.0
 10
314.790279
 20
262.008239
 30
0.0
 10
315.027187
 20
261.924414
 30
0.0
 10
315.224001
 20
261.756763
 30
0.0
  0
SPLINE
  5
31c
100
AcDbEntity
  8
0
 62
7
100
AcDbSpline
 70
8
 71
3
 72
8
 73
4
 74
0
 40
0
 40
0
 40
0
 40
0
 40
1
 40
1
 40
1
 40
1
 10
315.224001
 20
261.756763
 30
0.0
 10
315.428118
 20
261.589112
 30
0.0
 10
315.530177
 20
261.315770
 30
0.0
 10
315.530177
 20
260.936735
 30
0.0
  0
SPLINE
  5
31d
100
AcDbEntity
  8
0
 62
7
100
AcDbSpline
 70
8
 71
3
 72
8
 73
4
 74
0
 40
0
 40
0
 40
0
 40
0
 40
1
 40
1
 40
1
 40
1
 10
315.530177
 20
260.936735
 30
0.0
 10
315.530177
 20
260.572276
 30
0.0
 10
315.428118
 20
260.298932
 30
0.0
 10
315.224001
 20
260.116701
 30
0.0
  0
SPLINE
  5
31e
100
AcDbEntity
  8
0
 62
7
100
AcDbSpline
 70
8
 71
3
 72
8
 73
4
 74
0
 40
0
 40
0
 40
0
 40
0
 40
1
 40
1
 40
1
 40
1
 10
315.224001
 20
260.116701
 30
0.0
 10
315.027187
 20
259.941765
 30
0.0
 10
314.790279
 20
259.854298
 30
0.0
 10
314.513278
 20
259.854298
 30
0.0
  0
SPLINE
  5
31f
100
AcDbEntity
  8
0
 62
7
100
AcDbSpline
 70
8
 71
3
 72
8
 73
4
 74
0
 40
0
 40
0
 40
0
 40
0
 40
1
 40
1
 40
1
 40
1
 10
314.513278
 20
259.854298
 30
0.0
 10
314.243561
 20
259.854298
 30
0.0
 10
314.010296
 20
259.941765
 30
0.0
 10
313.813481
 20
260.116701
 30
0.0
  0
SPLINE
  5
320
100
AcDbEntity
  8
0
 62
7
100
AcDbSpline
 70
8
 71
3
 72
8
 73
4
 74
0
 40
0
 40
0
 40
0
 40
0
 40
1
 40
1
 40
1
 40
1
 10
313.813481
 20
260.116701
 30
0.0
 10
313.623951
 20
260.298932
 30
0.0
 10
313.529186
 20
260.572276
 30
0.0
 10
313.529186
 20
260.936735
 30
0.0
  0
LWPOLYLINE
  5
321
100
AcDbEntity
  8
0
 62
7
100
AcDbPolyline
 90
3
 70
0
 10
320.898943
 20
247.586659
 30
0.0
 10
320.898943
 20
257.995563
 30
0.0
 10
322.757774
 20
257.995563
 30
0.0
  0
SPLINE
  5
322
100
AcDbEntity
  8
0
 62
7
100
AcDbSpline
 70
8
 71
3
 72
8
 73
4
 74
0
 40
0
 40
0
 40
0
 40
0
 40
1
 40
1
 40
1
 40
1
 10
317.695183
 20
260.936735
 30
0.0
 10
317.695183
 20
261.315770
 30
0.0
 10
317.789939
 20
261.589112
 30
0.0
 10
317.979451
 20
261.756763
 30
0.0
  0
SPLINE
  5
323
100
AcDbEntity
  8
0
 62
7
100
AcDbSpline
 70
8
 71
3
 72
8
 73
4
 74
0
 40
0
 40
0
 40
0
 40
0
 40
1
 40
1
 40
1
 40
1
 10
317.979451
 20
261.756763
 30
0.0
 10
318.176284
 20
261.924414
 30
0.0
 10
318.409558
 20
262.008239
 30
0.0
 10
318.679274
 20
262.008239
 30
0.0
  0
SPLINE
  5
324
100
AcDbEntity
  8
0
 62
7
100
AcDbSpline
 70
8
 71
3
 72
8
 73
4
 74
0
 40
0
 40
0
 40
0
 40
0
 40
1
 40
1
 40
1
 40
1
 10
318.679274
 20
262.008239
 30
0.0
 10
318.948973
 20
262.008239
 30
0.0
 10
319.182238
 20
261.924414
 30
0.0
 10
319.379071
 20
261.756763
 30
0.0
  0
SPLINE
  5
325
100
AcDbEntity
  8
0
 62
7
100
AcDbSpline
 70
8
 71
3
 72
8
 73
4
 74
0
 40
0
 40
0
 40
0
 40
0
 40
1
 40
1
 40
1
 40
1
 10
319.379071
 20
261.756763
 30
0.0
 10
319.583170
 20
261.589112
 30
0.0
 10
319.685220
 20
261.315770
 30
0.0
 10
319.685220
 20
260.936735
 30
0.0
  0
SPLINE
  5
326
100
AcDbEntity
  8
0
 62
7
100
AcDbSpline
 70
8
 71
3
 72
8
 73
4
 74
0
 40
0
 40
0
 40
0
 40
0
 40
1
 40
1
 40
1
 40
1
 10
319.685220
 20
260.936735
 30
0.0
 10
319.685220
 20
260.572276
 30
0.0
 10
319.583170
 20
260.298932
 30
0.0
 10
319.379071
 20
260.116701
 30
0.0
  0
SPLINE
  5
327
100
AcDbEntity
  8
0
 62
7
100
AcDbSpline
 70
8
 71
3
 72
8
 73
4
 74
0
 40
0
 40
0
 40
0
 40
0
 40
1
 40
1
 40
1
 40
1
 10
319.379071
 20
260.116701
 30
0.0
 10
319.182238
 20
259.941765
 30
0.0
 10
318.948973
 20
259.854298
 30
0.0
 10
318.679274
 20
259.854298
 30
0.0
  0
SPLINE
  5
328
100
AcDbEntity
  8
0
 62
7
100
AcDbSpline
 70
8
 71
3
 72
8
 73
4
 74
0
 40
0
 40
0
 40
0
 40
0
 40
1
 40
1
 40
1
 40
1
 10
318.679274
 20
259.854298
 30
0.0
 10
318.409558
 20
259.854298
 30
0.0
 10
318.176284
 20
259.941765
 30
0.0
 10
317.979451
 20
260.116701
 30
0.0
  0
SPLINE
  5
329
100
AcDbEntity
  8
0
 62
7
100
AcDbSpline
 70
8
 71
3
 72
8
 73
4
 74
0
 40
0
 40
0
 40
0
 40
0
 40
1
 40
1
 40
1
 40
1
 10
317.979451
 20
260.116701
 30
0.0
 10
317.789939
 20
260.298932
 30
0.0
 10
317.695183
 20
260.572276
 30
0.0
 10
317.695183
 20
260.936735
 30
0.0
  0
LWPOLYLINE
  5
32a
100
AcDbEntity
  8
0
 62
7
100
AcDbPolyline
 90
1
 70
1
 10
313.529186
 20
260.936735
 30
0.0
  0
LWPOLYLINE
  5
32b
100
AcDbEntity
  8
0
 62
7
100
AcDbPolyline
 90
1
 70
1
 10
317.695183
 20
260.936735
 30
0.0
  0
LWPOLYLINE
  5
32c
100
AcDbEntity
  8
0
 62
7
100
AcDbPolyline
 90
10
 70
1
 10
348.237810
 20
242.010459
 30
0.0
 10
346.378980
 20
242.010459
 30
0.0
 10
346.378980
 20
257.995563
 30
0.0
 10
355.290464
 20
257.995563
 30
0.0
 10
355.290464
 20
256.344573
 30
0.0
 10
348.237810
 20
256.344573
 30
0.0
 10
348.237810
 20
250.495027
 30
0.0
 10
354.864035
 20
250.495027
 30
0.0
 10
354.864035
 20
248.844033
 30
0.0
 10
348.237810
 20
248.844033
 30
0.0
  0
LWPOLYLINE
  5
32d
100
AcDbEntity
  8
0
 62
7
100
AcDbPolyline
 90
4
 70
1
 10
382.356069
 20
242.010459
 30
0.0
 10
382.356069
 20
257.995563
 30
0.0
 10
384.214899
 20
257.995563
 30
0.0
 10
384.214899
 20
242.010459
 30
0.0
  0
SPLINE
  5
32e
100
AcDbEntity
  8
0
 62
7
100
AcDbSpline
 70
8
 71
3
 72
8
 73
4
 74
0
 40
0
 40
0
 40
0
 40
0
 40
1
 40
1
 40
1
 40
1
 10
155.148539
 20
214.265478
 30
0.0
 10
155.148539
 20
212.858671
 30
0.0
 10
154.638269
 20
211.761655
 30
0.0
 10
153.617729
 20
210.974432
 30
0.0
  0
SPLINE
  5
32f
100
AcDbEntity
  8
0
 62
7
100
AcDbSpline
 70
8
 71
3
 72
8
 73
4
 74
0
 40
0
 40
0
 40
0
 40
0
 40
1
 40
1
 40
1
 40
1
 10
153.617729
 20
210.974432
 30
0.0
 10
152.597189
 20
210.187208
 30
0.0
 10
151.212171
 20
209.793596
 30
0.0
 10
149.462675
 20
209.793596
 30
0.0
  0
SPLINE
  5
330
100
AcDbEntity
  8
0
 62
7
100
AcDbSpline
 70
8
 71
3
 72
8
 73
4
 74
0
 40
0
 40
0
 40
0
 40
0
 40
1
 40
1
 40
1
 40
1
 10
149.462675
 20
209.793596
 30
0.0
 10
147.567391
 20
209.793596
 30
0.0
 10
146.109478
 20
210.037780
 30
0.0
 10
145.088938
 20
210.526148
 30
0.0
  0
LWPOLYLINE
  5
331
100
AcDbEntity
  8
0
 62
7
100
AcDbPolyline
 90
8
 70
1
 10
417.523983
 20
242.010459
 30
0.0
 10
415.665126
 20
242.010459
 30
0.0
 10
415.665126
 20
256.344573
 30
0.0
 10
410.602536
 20
256.344573
 30
0.0
 10
410.602536
 20
257.995563
 30
0.0
 10
422.586573
 20
257.995563
 30
0.0
 10
422.586573
 20
256.344573
 30
0.0
 10
417.523983
 20
256.344573
 30
0.0
  0
SPLINE
  5
332
100
AcDbEntity
  8
0
 62
7
100
AcDbSpline
 70
8
 71
3
 72
8
 73
4
 74
0
 40
0
 40
0
 40
0
 40
0
 40
1
 40
1
 40
1
 40
1
 10
145.088938
 20
212.319283
 30
0.0
 10
145.744999
 20
212.042299
 30
0.0
 10
146.459376
 20
211.823621
 30
0.0
 10
147.232068
 20
211.663248
 30
0.0
  0
SPLINE
  5
333
100
AcDbEntity
  8
0
 62
7
100
AcDbSpline
 70
8
 71
3
 72
8
 73
4
 74
0
 40
0
 40
0
 40
0
 40
0
 40
1
 40
1
 40
1
 40
1
 10
147.232068
 20
211.663248
 30
0.0
 10
148.004765
 20
211.502893
 30
0.0
 10
148.770169
 20
211.422715
 30
0.0
 10
149.528281
 20
211.422715
 30
0.0
  0
SPLINE
  5
334
100
AcDbEntity
  8
0
 62
7
100
AcDbSpline
 70
8
 71
3
 72
8
 73
4
 74
0
 40
0
 40
0
 40
0
 40
0
 40
1
 40
1
 40
1
 40
1
 10
149.528281
 20
211.422715
 30
0.0
 10
150.767508
 20
211.422715
 30
0.0
 10
151.700574
 20
211.655972
 30
0.0
 10
152.327478
 20
212.122485
 30
0.0
  0
SPLINE
  5
335
100
AcDbEntity
  8
0
 62
7
100
AcDbSpline
 70
8
 71
3
 72
8
 73
4
 74
0
 40
0
 40
0
 40
0
 40
0
 40
1
 40
1
 40
1
 40
1
 10
152.327478
 20
212.122485
 30
0.0
 10
152.954378
 20
212.596266
 30
0.0
 10
153.267828
 20
213.252283
 30
0.0
 10
153.267828
 20
214.090536
 30
0.0
  0
SPLINE
  5
336
100
AcDbEntity
  8
0
 62
7
100
AcDbSpline
 70
8
 71
3
 72
8
 73
4
 74
0
 40
0
 40
0
 40
0
 40
0
 40
1
 40
1
 40
1
 40
1
 10
153.267828
 20
214.090536
 30
0.0
 10
153.267828
 20
214.644520
 30
0.0
 10
153.154840
 20
215.096455
 30
0.0
 10
152.928865
 20
215.446340
 30
0.0
  0
SPLINE
  5
337
100
AcDbEntity
  8
0
 62
7
100
AcDbSpline
 70
8
 71
3
 72
8
 73
4
 74
0
 40
0
 40
0
 40
0
 40
0
 40
1
 40
1
 40
1
 40
1
 10
152.928865
 20
215.446340
 30
0.0
 10
152.710178
 20
215.803492
 30
0.0
 10
152.338410
 20
216.131505
 30
0.0
 10
151.813562
 20
216.430378
 30
0.0
  0
SPLINE
  5
338
100
AcDbEntity
  8
0
 62
7
100
AcDbSpline
 70
8
 71
3
 72
8
 73
4
 74
0
 40
0
 40
0
 40
0
 40
0
 40
1
 40
1
 40
1
 40
1
 10
151.813562
 20
216.430378
 30
0.0
 10
151.296001
 20
216.729216
 30
0.0
 10
150.505084
 20
217.068156
 30
0.0
 10
149.440810
 20
217.447199
 30
0.0
  0
SPLINE
  5
339
100
AcDbEntity
  8
0
 62
7
100
AcDbSpline
 70
8
 71
3
 72
8
 73
4
 74
0
 40
0
 40
0
 40
0
 40
0
 40
1
 40
1
 40
1
 40
1
 10
149.440810
 20
217.447199
 30
0.0
 10
147.953739
 20
217.979311
 30
0.0
 10
146.889461
 20
218.609822
 30
0.0
 10
146.247977
 20
219.338731
 30
0.0
  0
SPLINE
  5
33a
100
AcDbEntity
  8
0
 62
7
100
AcDbSpline
 70
8
 71
3
 72
8
 73
4
 74
0
 40
0
 40
0
 40
0
 40
0
 40
1
 40
1
 40
1
 40
1
 10
146.247977
 20
219.338731
 30
0.0
 10
145.613789
 20
220.067641
 30
0.0
 10
145.296694
 20
221.018880
 30
0.0
 10
145.296694
 20
222.192448
 30
0.0
  0
SPLINE
  5
33b
100
AcDbEntity
  8
0
 62
7
100
AcDbSpline
 70
8
 71
3
 72
8
 73
4
 74
0
 40
0
 40
0
 40
0
 40
0
 40
1
 40
1
 40
1
 40
1
 10
145.296694
 20
222.192448
 30
0.0
 10
145.296694
 20
223.424312
 30
0.0
 10
145.759581
 20
224.404700
 30
0.0
 10
146.685355
 20
225.133609
 30
0.0
  0
SPLINE
  5
33c
100
AcDbEntity
  8
0
 62
7
100
AcDbSpline
 70
8
 71
3
 72
8
 73
4
 74
0
 40
0
 40
0
 40
0
 40
0
 40
1
 40
1
 40
1
 40
1
 10
146.685355
 20
225.133609
 30
0.0
 10
147.611128
 20
225.862518
 30
0.0
 10
148.835775
 20
226.226973
 30
0.0
 10
150.359295
 20
226.226973
 30
0.0
  0
SPLINE
  5
33d
100
AcDbEntity
  8
0
 62
7
100
AcDbSpline
 70
8
 71
3
 72
8
 73
4
 74
0
 40
0
 40
0
 40
0
 40
0
 40
1
 40
1
 40
1
 40
1
 10
150.359295
 20
226.226973
 30
0.0
 10
151.948418
 20
226.226973
 30
0.0
 10
153.409975
 20
225.935411
 30
0.0
 10
154.743965
 20
225.352287
 30
0.0
  0
LWPOLYLINE
  5
33e
100
AcDbEntity
  8
0
 62
7
100
AcDbPolyline
 90
2
 70
0
 10
145.088938
 20
210.526148
 30
0.0
 10
145.088938
 20
212.319283
 30
0.0
  0
SPLINE
  5
33f
100
AcDbEntity
  8
0
 62
7
100
AcDbSpline
 70
8
 71
3
 72
8
 73
4
 74
0
 40
0
 40
0
 40
0
 40
0
 40
1
 40
1
 40
1
 40
1
 10
154.164448
 20
223.734095
 30
0.0
 10
152.845034
 20
224.288062
 30
0.0
 10
151.562070
 20
224.565046
 30
0.0
 10
150.315554
 20
224.565046
 30
0.0
  0
SPLINE
  5
340
100
AcDbEntity
  8
0
 62
7
100
AcDbSpline
 70
8
 71
3
 72
8
 73
4
 74
0
 40
0
 40
0
 40
0
 40
0
 40
1
 40
1
 40
1
 40
1
 10
150.315554
 20
224.565046
 30
0.0
 10
149.331467
 20
224.565046
 30
0.0
 10
148.562418
 20
224.353661
 30
0.0
 10
148.008409
 20
223.930893
 30
0.0
  0
SPLINE
  5
341
100
AcDbEntity
  8
0
 62
7
100
AcDbSpline
 70
8
 71
3
 72
8
 73
4
 74
0
 40
0
 40
0
 40
0
 40
0
 40
1
 40
1
 40
1
 40
1
 10
148.008409
 20
223.930893
 30
0.0
 10
147.454403
 20
223.508124
 30
0.0
 10
147.177400
 20
222.921348
 30
0.0
 10
147.177400
 20
222.170567
 30
0.0
  0
SPLINE
  5
342
100
AcDbEntity
  8
0
 62
7
100
AcDbSpline
 70
8
 71
3
 72
8
 73
4
 74
0
 40
0
 40
0
 40
0
 40
0
 40
1
 40
1
 40
1
 40
1
 10
147.177400
 20
222.170567
 30
0.0
 10
147.177400
 20
221.616600
 30
0.0
 10
147.279453
 20
221.161031
 30
0.0
 10
147.483560
 20
220.803861
 30
0.0
  0
SPLINE
  5
343
100
AcDbEntity
  8
0
 62
7
100
AcDbSpline
 70
8
 71
3
 72
8
 73
4
 74
0
 40
0
 40
0
 40
0
 40
0
 40
1
 40
1
 40
1
 40
1
 10
147.483560
 20
220.803861
 30
0.0
 10
147.687667
 20
220.453976
 30
0.0
 10
148.030276
 20
220.129606
 30
0.0
 10
148.511387
 20
219.830750
 30
0.0
  0
SPLINE
  5
344
100
AcDbEntity
  8
0
 62
7
100
AcDbSpline
 70
8
 71
3
 72
8
 73
4
 74
0
 40
0
 40
0
 40
0
 40
0
 40
1
 40
1
 40
1
 40
1
 10
148.511387
 20
219.830750
 30
0.0
 10
148.999790
 20
219.539180
 30
0.0
 10
149.743326
 20
219.214809
 30
0.0
 10
150.741994
 20
218.857639
 30
0.0
  0
SPLINE
  5
345
100
AcDbEntity
  8
0
 62
7
100
AcDbSpline
 70
8
 71
3
 72
8
 73
4
 74
0
 40
0
 40
0
 40
0
 40
0
 40
1
 40
1
 40
1
 40
1
 10
150.741994
 20
218.857639
 30
0.0
 10
152.418595
 20
218.259928
 30
0.0
 10
153.570347
 20
217.618490
 30
0.0
 10
154.197251
 20
216.933325
 30
0.0
  0
SPLINE
  5
346
100
AcDbEntity
  8
0
 62
7
100
AcDbSpline
 70
8
 71
3
 72
8
 73
4
 74
0
 40
0
 40
0
 40
0
 40
0
 40
1
 40
1
 40
1
 40
1
 10
154.197251
 20
216.933325
 30
0.0
 10
154.831443
 20
216.248142
 30
0.0
 10
155.148539
 20
215.358860
 30
0.0
 10
155.148539
 20
214.265478
 30
0.0
  0
LWPOLYLINE
  5
347
100
AcDbEntity
  8
0
 62
7
100
AcDbPolyline
 90
2
 70
0
 10
154.743965
 20
225.352287
 30
0.0
 10
154.164448
 20
223.734095
 30
0.0
  0
SPLINE
  5
348
100
AcDbEntity
  8
0
 62
7
100
AcDbSpline
 70
8
 71
3
 72
8
 73
4
 74
0
 40
0
 40
0
 40
0
 40
0
 40
1
 40
1
 40
1
 40
1
 10
218.694122
 20
224.565046
 30
0.0
 10
216.937338
 20
224.565046
 30
0.0
 10
215.548674
 20
223.978271
 30
0.0
 10
214.528130
 20
222.804720
 30
0.0
  0
SPLINE
  5
349
100
AcDbEntity
  8
0
 62
7
100
AcDbSpline
 70
8
 71
3
 72
8
 73
4
 74
0
 40
0
 40
0
 40
0
 40
0
 40
1
 40
1
 40
1
 40
1
 10
214.528130
 20
222.804720
 30
0.0
 10
213.514882
 20
221.638454
 30
0.0
 10
213.008258
 20
220.038484
 30
0.0
 10
213.008258
 20
218.004808
 30
0.0
  0
SPLINE
  5
34a
100
AcDbEntity
  8
0
 62
7
100
AcDbSpline
 70
8
 71
3
 72
8
 73
4
 74
0
 40
0
 40
0
 40
0
 40
0
 40
1
 40
1
 40
1
 40
1
 10
213.008258
 20
218.004808
 30
0.0
 10
213.008258
 20
215.912836
 30
0.0
 10
213.496659
 20
214.294644
 30
0.0
 10
214.473462
 20
213.150233
 30
0.0
  0
SPLINE
  5
34b
100
AcDbEntity
  8
0
 62
7
100
AcDbSpline
 70
8
 71
3
 72
8
 73
4
 74
0
 40
0
 40
0
 40
0
 40
0
 40
1
 40
1
 40
1
 40
1
 10
214.473462
 20
213.150233
 30
0.0
 10
215.457553
 20
212.013124
 30
0.0
 10
216.857150
 20
211.444570
 30
0.0
 10
218.672251
 20
211.444570
 30
0.0
  0
SPLINE
  5
34c
100
AcDbEntity
  8
0
 62
7
100
AcDbSpline
 70
8
 71
3
 72
8
 73
4
 74
0
 40
0
 40
0
 40
0
 40
0
 40
1
 40
1
 40
1
 40
1
 10
218.672251
 20
211.444570
 30
0.0
 10
219.787555
 20
211.444570
 30
0.0
 10
221.059583
 20
211.645027
 30
0.0
 10
222.488337
 20
212.045941
 30
0.0
  0
LWPOLYLINE
  5
34d
100
AcDbEntity
  8
0
 62
7
100
AcDbPolyline
 90
1
 70
1
 10
155.148539
 20
214.265478
 30
0.0
  0
SPLINE
  5
34e
100
AcDbEntity
  8
0
 62
7
100
AcDbSpline
 70
8
 71
3
 72
8
 73
4
 74
0
 40
0
 40
0
 40
0
 40
0
 40
1
 40
1
 40
1
 40
1
 10
222.488337
 20
210.416823
 30
0.0
 10
221.380322
 20
210.001338
 30
0.0
 10
220.013528
 20
209.793596
 30
0.0
 10
218.387956
 20
209.793596
 30
0.0
  0
SPLINE
  5
34f
100
AcDbEntity
  8
0
 62
7
100
AcDbSpline
 70
8
 71
3
 72
8
 73
4
 74
0
 40
0
 40
0
 40
0
 40
0
 40
1
 40
1
 40
1
 40
1
 10
218.387956
 20
209.793596
 30
0.0
 10
216.033429
 20
209.793596
 30
0.0
 10
214.214684
 20
210.507936
 30
0.0
 10
212.931719
 20
211.936616
 30
0.0
  0
SPLINE
  5
350
100
AcDbEntity
  8
0
 62
7
100
AcDbSpline
 70
8
 71
3
 72
8
 73
4
 74
0
 40
0
 40
0
 40
0
 40
0
 40
1
 40
1
 40
1
 40
1
 10
212.931719
 20
211.936616
 30
0.0
 10
211.656046
 20
213.365277
 30
0.0
 10
211.018210
 20
215.395302
 30
0.0
 10
211.018210
 20
218.026689
 30
0.0
  0
SPLINE
  5
351
100
AcDbEntity
  8
0
 62
7
100
AcDbSpline
 70
8
 71
3
 72
8
 73
4
 74
0
 40
0
 40
0
 40
0
 40
0
 40
1
 40
1
 40
1
 40
1
 10
211.018210
 20
218.026689
 30
0.0
 10
211.018210
 20
219.674038
 30
0.0
 10
211.324370
 20
221.117287
 30
0.0
 10
211.936690
 20
222.356436
 30
0.0
  0
SPLINE
  5
352
100
AcDbEntity
  8
0
 62
7
100
AcDbSpline
 70
8
 71
3
 72
8
 73
4
 74
0
 40
0
 40
0
 40
0
 40
0
 40
1
 40
1
 40
1
 40
1
 10
211.936690
 20
222.356436
 30
0.0
 10
212.556305
 20
223.595604
 30
0.0
 10
213.445633
 20
224.550485
 30
0.0
 10
214.604674
 20
225.221080
 30
0.0
  0
SPLINE
  5
353
100
AcDbEntity
  8
0
 62
7
100
AcDbSpline
 70
8
 71
3
 72
8
 73
4
 74
0
 40
0
 40
0
 40
0
 40
0
 40
1
 40
1
 40
1
 40
1
 10
214.604674
 20
225.221080
 30
0.0
 10
215.771003
 20
225.891675
 30
0.0
 10
217.141441
 20
226.226973
 30
0.0
 10
218.715987
 20
226.226973
 30
0.0
  0
SPLINE
  5
354
100
AcDbEntity
  8
0
 62
7
100
AcDbSpline
 70
8
 71
3
 72
8
 73
4
 74
0
 40
0
 40
0
 40
0
 40
0
 40
1
 40
1
 40
1
 40
1
 10
218.715987
 20
226.226973
 30
0.0
 10
220.392588
 20
226.226973
 30
0.0
 10
221.857790
 20
225.920833
 30
0.0
 10
223.111594
 20
225.308551
 30
0.0
  0
LWPOLYLINE
  5
355
100
AcDbEntity
  8
0
 62
7
100
AcDbPolyline
 90
2
 70
0
 10
222.488337
 20
212.045941
 30
0.0
 10
222.488337
 20
210.416823
 30
0.0
  0
SPLINE
  5
356
100
AcDbEntity
  8
0
 62
7
100
AcDbSpline
 70
8
 71
3
 72
8
 73
4
 74
0
 40
0
 40
0
 40
0
 40
0
 40
1
 40
1
 40
1
 40
1
 10
222.324321
 20
223.712214
 30
0.0
 10
221.114251
 20
224.280769
 30
0.0
 10
219.904185
 20
224.565046
 30
0.0
 10
218.694122
 20
224.565046
 30
0.0
  0
LWPOLYLINE
  5
357
100
AcDbEntity
  8
0
 62
7
100
AcDbPolyline
 90
2
 70
0
 10
223.111594
 20
225.308551
 30
0.0
 10
222.324321
 20
223.712214
 30
0.0
  0
LWPOLYLINE
  5
358
100
AcDbEntity
  8
0
 62
7
100
AcDbPolyline
 90
1
 70
1
 10
218.694122
 20
224.565046
 30
0.0
  0
SPLINE
  5
359
100
AcDbEntity
  8
0
 62
7
100
AcDbSpline
 70
8
 71
3
 72
8
 73
4
 74
0
 40
0
 40
0
 40
0
 40
0
 40
1
 40
1
 40
1
 40
1
 10
288.428536
 20
214.265478
 30
0.0
 10
288.428536
 20
212.858671
 30
0.0
 10
287.918269
 20
211.761655
 30
0.0
 10
286.897736
 20
210.974432
 30
0.0
  0
SPLINE
  5
35a
100
AcDbEntity
  8
0
 62
7
100
AcDbSpline
 70
8
 71
3
 72
8
 73
4
 74
0
 40
0
 40
0
 40
0
 40
0
 40
1
 40
1
 40
1
 40
1
 10
286.897736
 20
210.974432
 30
0.0
 10
285.877203
 20
210.187208
 30
0.0
 10
284.492188
 20
209.793596
 30
0.0
 10
282.742693
 20
209.793596
 30
0.0
  0
SPLINE
  5
35b
100
AcDbEntity
  8
0
 62
7
100
AcDbSpline
 70
8
 71
3
 72
8
 73
4
 74
0
 40
0
 40
0
 40
0
 40
0
 40
1
 40
1
 40
1
 40
1
 10
282.742693
 20
209.793596
 30
0.0
 10
280.847394
 20
209.793596
 30
0.0
 10
279.389478
 20
210.037780
 30
0.0
 10
278.368945
 20
210.526148
 30
0.0
  0
LWPOLYLINE
  5
35c
100
AcDbEntity
  8
0
 62
7
100
AcDbPolyline
 90
12
 70
1
 10
256.109036
 20
210.012275
 30
0.0
 10
254.250201
 20
210.012275
 30
0.0
 10
254.250201
 20
217.534670
 30
0.0
 10
245.830751
 20
217.534670
 30
0.0
 10
245.830751
 20
210.012275
 30
0.0
 10
243.971911
 20
210.012275
 30
0.0
 10
243.971911
 20
225.997368
 30
0.0
 10
245.830751
 20
225.997368
 30
0.0
 10
245.830751
 20
219.196597
 30
0.0
 10
254.250201
 20
219.196597
 30
0.0
 10
254.250201
 20
225.997368
 30
0.0
 10
256.109036
 20
225.997368
 30
0.0
  0
SPLINE
  5
35d
100
AcDbEntity
  8
0
 62
7
100
AcDbSpline
 70
8
 71
3
 72
8
 73
4
 74
0
 40
0
 40
0
 40
0
 40
0
 40
1
 40
1
 40
1
 40
1
 10
278.368945
 20
212.319283
 30
0.0
 10
279.025006
 20
212.042299
 30
0.0
 10
279.739390
 20
211.823621
 30
0.0
 10
280.512097
 20
211.663248
 30
0.0
  0
SPLINE
  5
35e
100
AcDbEntity
  8
0
 62
7
100
AcDbSpline
 70
8
 71
3
 72
8
 73
4
 74
0
 40
0
 40
0
 40
0
 40
0
 40
1
 40
1
 40
1
 40
1
 10
280.512097
 20
211.663248
 30
0.0
 10
281.284786
 20
211.502893
 30
0.0
 10
282.050181
 20
211.422715
 30
0.0
 10
282.808283
 20
211.422715
 30
0.0
  0
SPLINE
  5
35f
100
AcDbEntity
  8
0
 62
7
100
AcDbSpline
 70
8
 71
3
 72
8
 73
4
 74
0
 40
0
 40
0
 40
0
 40
0
 40
1
 40
1
 40
1
 40
1
 10
282.808283
 20
211.422715
 30
0.0
 10
284.047521
 20
211.422715
 30
0.0
 10
284.980592
 20
211.655972
 30
0.0
 10
285.607495
 20
212.122485
 30
0.0
  0
SPLINE
  5
360
100
AcDbEntity
  8
0
 62
7
100
AcDbSpline
 70
8
 71
3
 72
8
 73
4
 74
0
 40
0
 40
0
 40
0
 40
0
 40
1
 40
1
 40
1
 40
1
 10
285.607495
 20
212.122485
 30
0.0
 10
286.234399
 20
212.596266
 30
0.0
 10
286.547851
 20
213.252283
 30
0.0
 10
286.547851
 20
214.090536
 30
0.0
  0
SPLINE
  5
361
100
AcDbEntity
  8
0
 62
7
100
AcDbSpline
 70
8
 71
3
 72
8
 73
4
 74
0
 40
0
 40
0
 40
0
 40
0
 40
1
 40
1
 40
1
 40
1
 10
286.547851
 20
214.090536
 30
0.0
 10
286.547851
 20
214.644520
 30
0.0
 10
286.434856
 20
215.096455
 30
0.0
 10
286.208867
 20
215.446340
 30
0.0
  0
SPLINE
  5
362
100
AcDbEntity
  8
0
 62
7
100
AcDbSpline
 70
8
 71
3
 72
8
 73
4
 74
0
 40
0
 40
0
 40
0
 40
0
 40
1
 40
1
 40
1
 40
1
 10
286.208867
 20
215.446340
 30
0.0
 10
285.990180
 20
215.803492
 30
0.0
 10
285.618414
 20
216.131505
 30
0.0
 10
285.093569
 20
216.430378
 30
0.0
  0
SPLINE
  5
363
100
AcDbEntity
  8
0
 62
7
100
AcDbSpline
 70
8
 71
3
 72
8
 73
4
 74
0
 40
0
 40
0
 40
0
 40
0
 40
1
 40
1
 40
1
 40
1
 10
285.093569
 20
216.430378
 30
0.0
 10
284.576008
 20
216.729216
 30
0.0
 10
283.785090
 20
217.068156
 30
0.0
 10
282.720812
 20
217.447199
 30
0.0
  0
SPLINE
  5
364
100
AcDbEntity
  8
0
 62
7
100
AcDbSpline
 70
8
 71
3
 72
8
 73
4
 74
0
 40
0
 40
0
 40
0
 40
0
 40
1
 40
1
 40
1
 40
1
 10
282.720812
 20
217.447199
 30
0.0
 10
281.233748
 20
217.979311
 30
0.0
 10
280.169470
 20
218.609822
 30
0.0
 10
279.527979
 20
219.338731
 30
0.0
  0
SPLINE
  5
365
100
AcDbEntity
  8
0
 62
7
100
AcDbSpline
 70
8
 71
3
 72
8
 73
4
 74
0
 40
0
 40
0
 40
0
 40
0
 40
1
 40
1
 40
1
 40
1
 10
279.527979
 20
219.338731
 30
0.0
 10
278.893790
 20
220.067641
 30
0.0
 10
278.576696
 20
221.018880
 30
0.0
 10
278.576696
 20
222.192448
 30
0.0
  0
SPLINE
  5
366
100
AcDbEntity
  8
0
 62
7
100
AcDbSpline
 70
8
 71
3
 72
8
 73
4
 74
0
 40
0
 40
0
 40
0
 40
0
 40
1
 40
1
 40
1
 40
1
 10
278.576696
 20
222.192448
 30
0.0
 10
278.576696
 20
223.424312
 30
0.0
 10
279.039585
 20
224.404700
 30
0.0
 10
279.965362
 20
225.133609
 30
0.0
  0
SPLINE
  5
367
100
AcDbEntity
  8
0
 62
7
100
AcDbSpline
 70
8
 71
3
 72
8
 73
4
 74
0
 40
0
 40
0
 40
0
 40
0
 40
1
 40
1
 40
1
 40
1
 10
279.965362
 20
225.133609
 30
0.0
 10
280.891139
 20
225.862518
 30
0.0
 10
282.115789
 20
226.226973
 30
0.0
 10
283.639313
 20
226.226973
 30
0.0
  0
SPLINE
  5
368
100
AcDbEntity
  8
0
 62
7
100
AcDbSpline
 70
8
 71
3
 72
8
 73
4
 74
0
 40
0
 40
0
 40
0
 40
0
 40
1
 40
1
 40
1
 40
1
 10
283.639313
 20
226.226973
 30
0.0
 10
285.228436
 20
226.226973
 30
0.0
 10
286.689994
 20
225.935411
 30
0.0
 10
288.023988
 20
225.352287
 30
0.0
  0
LWPOLYLINE
  5
369
100
AcDbEntity
  8
0
 62
7
100
AcDbPolyline
 90
2
 70
0
 10
278.368945
 20
210.526148
 30
0.0
 10
278.368945
 20
212.319283
 30
0.0
  0
SPLINE
  5
36a
100
AcDbEntity
  8
0
 62
7
100
AcDbSpline
 70
8
 71
3
 72
8
 73
4
 74
0
 40
0
 40
0
 40
0
 40
0
 40
1
 40
1
 40
1
 40
1
 10
287.444471
 20
223.734095
 30
0.0
 10
286.125047
 20
224.288062
 30
0.0
 10
284.842082
 20
224.565046
 30
0.0
 10
283.595577
 20
224.565046
 30
0.0
  0
SPLINE
  5
36b
100
AcDbEntity
  8
0
 62
7
100
AcDbSpline
 70
8
 71
3
 72
8
 73
4
 74
0
 40
0
 40
0
 40
0
 40
0
 40
1
 40
1
 40
1
 40
1
 10
283.595577
 20
224.565046
 30
0.0
 10
282.611486
 20
224.565046
 30
0.0
 10
281.842430
 20
224.353661
 30
0.0
 10
281.288411
 20
223.930893
 30
0.0
  0
SPLINE
  5
36c
100
AcDbEntity
  8
0
 62
7
100
AcDbSpline
 70
8
 71
3
 72
8
 73
4
 74
0
 40
0
 40
0
 40
0
 40
0
 40
1
 40
1
 40
1
 40
1
 10
281.288411
 20
223.930893
 30
0.0
 10
280.734408
 20
223.508124
 30
0.0
 10
280.457407
 20
222.921348
 30
0.0
 10
280.457407
 20
222.170567
 30
0.0
  0
SPLINE
  5
36d
100
AcDbEntity
  8
0
 62
7
100
AcDbSpline
 70
8
 71
3
 72
8
 73
4
 74
0
 40
0
 40
0
 40
0
 40
0
 40
1
 40
1
 40
1
 40
1
 10
280.457407
 20
222.170567
 30
0.0
 10
280.457407
 20
221.616600
 30
0.0
 10
280.559466
 20
221.161031
 30
0.0
 10
280.763583
 20
220.803861
 30
0.0
  0
SPLINE
  5
36e
100
AcDbEntity
  8
0
 62
7
100
AcDbSpline
 70
8
 71
3
 72
8
 73
4
 74
0
 40
0
 40
0
 40
0
 40
0
 40
1
 40
1
 40
1
 40
1
 10
280.763583
 20
220.803861
 30
0.0
 10
280.967683
 20
220.453976
 30
0.0
 10
281.310292
 20
220.129606
 30
0.0
 10
281.791410
 20
219.830750
 30
0.0
  0
SPLINE
  5
36f
100
AcDbEntity
  8
0
 62
7
100
AcDbSpline
 70
8
 71
3
 72
8
 73
4
 74
0
 40
0
 40
0
 40
0
 40
0
 40
1
 40
1
 40
1
 40
1
 10
281.791410
 20
219.830750
 30
0.0
 10
282.279796
 20
219.539180
 30
0.0
 10
283.023328
 20
219.214809
 30
0.0
 10
284.022006
 20
218.857639
 30
0.0
  0
SPLINE
  5
370
100
AcDbEntity
  8
0
 62
7
100
AcDbSpline
 70
8
 71
3
 72
8
 73
4
 74
0
 40
0
 40
0
 40
0
 40
0
 40
1
 40
1
 40
1
 40
1
 10
284.022006
 20
218.857639
 30
0.0
 10
285.698600
 20
218.259928
 30
0.0
 10
286.850349
 20
217.618490
 30
0.0
 10
287.477253
 20
216.933325
 30
0.0
  0
SPLINE
  5
371
100
AcDbEntity
  8
0
 62
7
100
AcDbSpline
 70
8
 71
3
 72
8
 73
4
 74
0
 40
0
 40
0
 40
0
 40
0
 40
1
 40
1
 40
1
 40
1
 10
287.477253
 20
216.933325
 30
0.0
 10
288.111442
 20
216.248142
 30
0.0
 10
288.428536
 20
215.358860
 30
0.0
 10
288.428536
 20
214.265478
 30
0.0
  0
LWPOLYLINE
  5
372
100
AcDbEntity
  8
0
 62
7
100
AcDbPolyline
 90
2
 70
0
 10
288.023988
 20
225.352287
 30
0.0
 10
287.444471
 20
223.734095
 30
0.0
  0
LWPOLYLINE
  5
373
100
AcDbEntity
  8
0
 62
7
100
AcDbPolyline
 90
1
 70
1
 10
288.428536
 20
214.265478
 30
0.0
  0
LWPOLYLINE
  5
374
100
AcDbEntity
  8
0
 62
7
100
AcDbPolyline
 90
4
 70
1
 10
315.751078
 20
210.012275
 30
0.0
 10
315.751078
 20
225.997368
 30
0.0
 10
317.609908
 20
225.997368
 30
0.0
 10
317.609908
 20
210.012275
 30
0.0
  0
SPLINE
  5
375
100
AcDbEntity
  8
0
 62
7
100
AcDbSpline
 70
8
 71
3
 72
8
 73
4
 74
0
 40
0
 40
0
 40
0
 40
0
 40
1
 40
1
 40
1
 40
1
 10
349.418725
 20
225.997368
 30
0.0
 10
351.539995
 20
225.997368
 30
0.0
 10
353.074446
 20
225.680291
 30
0.0
 10
354.022078
 20
225.046138
 30
0.0
  0
SPLINE
  5
376
100
AcDbEntity
  8
0
 62
7
100
AcDbSpline
 70
8
 71
3
 72
8
 73
4
 74
0
 40
0
 40
0
 40
0
 40
0
 40
1
 40
1
 40
1
 40
1
 10
354.022078
 20
225.046138
 30
0.0
 10
354.969736
 20
224.411984
 30
0.0
 10
355.443552
 20
223.409716
 30
0.0
 10
355.443552
 20
222.039360
 30
0.0
  0
SPLINE
  5
377
100
AcDbEntity
  8
0
 62
7
100
AcDbSpline
 70
8
 71
3
 72
8
 73
4
 74
0
 40
0
 40
0
 40
0
 40
0
 40
1
 40
1
 40
1
 40
1
 10
355.443552
 20
222.039360
 30
0.0
 10
355.443552
 20
221.091781
 30
0.0
 10
355.177487
 20
220.308191
 30
0.0
 10
354.645357
 20
219.688616
 30
0.0
  0
SPLINE
  5
378
100
AcDbEntity
  8
0
 62
7
100
AcDbSpline
 70
8
 71
3
 72
8
 73
4
 74
0
 40
0
 40
0
 40
0
 40
0
 40
1
 40
1
 40
1
 40
1
 10
354.645357
 20
219.688616
 30
0.0
 10
354.120503
 20
219.076317
 30
0.0
 10
353.351439
 20
218.679046
 30
0.0
 10
352.338190
 20
218.496827
 30
0.0
  0
LWPOLYLINE
  5
379
100
AcDbEntity
  8
0
 62
7
100
AcDbPolyline
 90
4
 70
0
 10
346.632768
 20
210.012275
 30
0.0
 10
344.902843
 20
210.012275
 30
0.0
 10
344.902843
 20
225.997368
 30
0.0
 10
349.418725
 20
225.997368
 30
0.0
  0
SPLINE
  5
37a
100
AcDbEntity
  8
0
 62
7
100
AcDbSpline
 70
8
 71
3
 72
8
 73
4
 74
0
 40
0
 40
0
 40
0
 40
0
 40
1
 40
1
 40
1
 40
1
 10
352.338190
 20
218.387501
 30
0.0
 10
354.765610
 20
217.972026
 30
0.0
 10
355.979333
 20
216.696417
 30
0.0
 10
355.979333
 20
214.560700
 30
0.0
  0
SPLINE
  5
37b
100
AcDbEntity
  8
0
 62
7
100
AcDbSpline
 70
8
 71
3
 72
8
 73
4
 74
0
 40
0
 40
0
 40
0
 40
0
 40
1
 40
1
 40
1
 40
1
 10
355.979333
 20
214.560700
 30
0.0
 10
355.979333
 20
213.132030
 30
0.0
 10
355.494590
 20
212.016784
 30
0.0
 10
354.525077
 20
211.214991
 30
0.0
  0
SPLINE
  5
37c
100
AcDbEntity
  8
0
 62
7
100
AcDbSpline
 70
8
 71
3
 72
8
 73
4
 74
0
 40
0
 40
0
 40
0
 40
0
 40
1
 40
1
 40
1
 40
1
 10
354.525077
 20
211.214991
 30
0.0
 10
353.562867
 20
210.413171
 30
0.0
 10
352.214286
 20
210.012275
 30
0.0
 10
350.479360
 20
210.012275
 30
0.0
  0
LWPOLYLINE
  5
37d
100
AcDbEntity
  8
0
 62
7
100
AcDbPolyline
 90
2
 70
0
 10
352.338190
 20
218.496827
 30
0.0
 10
352.338190
 20
218.387501
 30
0.0
  0
SPLINE
  5
37e
100
AcDbEntity
  8
0
 62
7
100
AcDbSpline
 70
8
 71
3
 72
8
 73
4
 74
0
 40
0
 40
0
 40
0
 40
0
 40
1
 40
1
 40
1
 40
1
 10
350.096746
 20
211.597658
 30
0.0
 10
351.386987
 20
211.597658
 30
0.0
 10
352.356499
 20
211.845493
 30
0.0
 10
353.005284
 20
212.341164
 30
0.0
  0
SPLINE
  5
37f
100
AcDbEntity
  8
0
 62
7
100
AcDbSpline
 70
8
 71
3
 72
8
 73
4
 74
0
 40
0
 40
0
 40
0
 40
0
 40
1
 40
1
 40
1
 40
1
 10
353.005284
 20
212.341164
 30
0.0
 10
353.661345
 20
212.844110
 30
0.0
 10
353.989375
 20
213.627674
 30
0.0
 10
353.989375
 20
214.691907
 30
0.0
  0
SPLINE
  5
380
100
AcDbEntity
  8
0
 62
7
100
AcDbSpline
 70
8
 71
3
 72
8
 73
4
 74
0
 40
0
 40
0
 40
0
 40
0
 40
1
 40
1
 40
1
 40
1
 10
353.989375
 20
214.691907
 30
0.0
 10
353.989375
 20
215.683221
 30
0.0
 10
353.654043
 20
216.412149
 30
0.0
 10
352.983403
 20
216.878635
 30
0.0
  0
SPLINE
  5
381
100
AcDbEntity
  8
0
 62
7
100
AcDbSpline
 70
8
 71
3
 72
8
 73
4
 74
0
 40
0
 40
0
 40
0
 40
0
 40
1
 40
1
 40
1
 40
1
 10
352.983403
 20
216.878635
 30
0.0
 10
352.320066
 20
217.345149
 30
0.0
 10
351.306818
 20
217.578405
 30
0.0
 10
349.943658
 20
217.578405
 30
0.0
  0
LWPOLYLINE
  5
382
100
AcDbEntity
  8
0
 62
7
100
AcDbPolyline
 90
4
 70
0
 10
350.479360
 20
210.012275
 30
0.0
 10
348.220268
 20
210.012275
 30
0.0
 10
348.233497
 20
211.597658
 30
0.0
 10
350.096746
 20
211.597658
 30
0.0
  0
SPLINE
  5
383
100
AcDbEntity
  8
0
 62
7
100
AcDbSpline
 70
8
 71
3
 72
8
 73
4
 74
0
 40
0
 40
0
 40
0
 40
0
 40
1
 40
1
 40
1
 40
1
 10
349.823379
 20
219.152861
 30
0.0
 10
351.135500
 20
219.152861
 30
0.0
 10
352.079507
 20
219.356961
 30
0.0
 10
352.655373
 20
219.765160
 30
0.0
  0
SPLINE
  5
384
100
AcDbEntity
  8
0
 62
7
100
AcDbSpline
 70
8
 71
3
 72
8
 73
4
 74
0
 40
0
 40
0
 40
0
 40
0
 40
1
 40
1
 40
1
 40
1
 10
352.655373
 20
219.765160
 30
0.0
 10
353.231238
 20
220.180635
 30
0.0
 10
353.519184
 20
220.876728
 30
0.0
 10
353.519184
 20
221.853490
 30
0.0
  0
SPLINE
  5
385
100
AcDbEntity
  8
0
 62
7
100
AcDbSpline
 70
8
 71
3
 72
8
 73
4
 74
0
 40
0
 40
0
 40
0
 40
0
 40
1
 40
1
 40
1
 40
1
 10
353.519184
 20
221.853490
 30
0.0
 10
353.519184
 20
222.750057
 30
0.0
 10
353.198456
 20
223.395138
 30
0.0
 10
352.556974
 20
223.788758
 30
0.0
  0
SPLINE
  5
386
100
AcDbEntity
  8
0
 62
7
100
AcDbSpline
 70
8
 71
3
 72
8
 73
4
 74
0
 40
0
 40
0
 40
0
 40
0
 40
1
 40
1
 40
1
 40
1
 10
352.556974
 20
223.788758
 30
0.0
 10
351.915492
 20
224.189655
 30
0.0
 10
350.894941
 20
224.390103
 30
0.0
 10
349.495348
 20
224.390103
 30
0.0
  0
LWPOLYLINE
  5
387
100
AcDbEntity
  8
0
 62
7
100
AcDbPolyline
 90
4
 70
0
 10
349.943658
 20
217.578405
 30
0.0
 10
348.349252
 20
217.578405
 30
0.0
 10
348.349252
 20
219.152861
 30
0.0
 10
349.823379
 20
219.152861
 30
0.0
  0
LWPOLYLINE
  5
388
100
AcDbEntity
  8
0
 62
7
100
AcDbPolyline
 90
3
 70
0
 10
349.495348
 20
224.390103
 30
0.0
 10
346.761752
 20
224.390103
 30
0.0
 10
346.632768
 20
210.012275
 30
0.0
  0
SPLINE
  5
389
100
AcDbEntity
  8
0
 62
7
100
AcDbSpline
 70
8
 71
3
 72
8
 73
4
 74
0
 40
0
 40
0
 40
0
 40
0
 40
1
 40
1
 40
1
 40
1
 10
316.099957
 20
321.993294
 30
0.0
 10
318.221228
 20
321.993294
 30
0.0
 10
319.755679
 20
321.676218
 30
0.0
 10
320.703310
 20
321.042064
 30
0.0
  0
SPLINE
  5
38a
100
AcDbEntity
  8
0
 62
7
100
AcDbSpline
 70
8
 71
3
 72
8
 73
4
 74
0
 40
0
 40
0
 40
0
 40
0
 40
1
 40
1
 40
1
 40
1
 10
320.703310
 20
321.042064
 30
0.0
 10
321.650969
 20
320.407911
 30
0.0
 10
322.124784
 20
319.405643
 30
0.0
 10
322.124784
 20
318.035286
 30
0.0
  0
SPLINE
  5
38b
100
AcDbEntity
  8
0
 62
7
100
AcDbSpline
 70
8
 71
3
 72
8
 73
4
 74
0
 40
0
 40
0
 40
0
 40
0
 40
1
 40
1
 40
1
 40
1
 10
322.124784
 20
318.035286
 30
0.0
 10
322.124784
 20
317.087708
 30
0.0
 10
321.858719
 20
316.304118
 30
0.0
 10
321.326589
 20
315.684543
 30
0.0
  0
SPLINE
  5
38c
100
AcDbEntity
  8
0
 62
7
100
AcDbSpline
 70
8
 71
3
 72
8
 73
4
 74
0
 40
0
 40
0
 40
0
 40
0
 40
1
 40
1
 40
1
 40
1
 10
321.326589
 20
315.684543
 30
0.0
 10
320.801735
 20
315.072244
 30
0.0
 10
320.032671
 20
314.674972
 30
0.0
 10
319.019423
 20
314.492754
 30
0.0
  0
LWPOLYLINE
  5
38d
100
AcDbEntity
  8
0
 62
7
100
AcDbPolyline
 90
4
 70
0
 10
313.314001
 20
306.008201
 30
0.0
 10
311.584075
 20
306.008201
 30
0.0
 10
311.584075
 20
321.993294
 30
0.0
 10
316.099957
 20
321.993294
 30
0.0
  0
SPLINE
  5
38e
100
AcDbEntity
  8
0
 62
7
100
AcDbSpline
 70
8
 71
3
 72
8
 73
4
 74
0
 40
0
 40
0
 40
0
 40
0
 40
1
 40
1
 40
1
 40
1
 10
319.019423
 20
314.383428
 30
0.0
 10
321.446843
 20
313.967953
 30
0.0
 10
322.660566
 20
312.692343
 30
0.0
 10
322.660566
 20
310.556627
 30
0.0
  0
SPLINE
  5
38f
100
AcDbEntity
  8
0
 62
7
100
AcDbSpline
 70
8
 71
3
 72
8
 73
4
 74
0
 40
0
 40
0
 40
0
 40
0
 40
1
 40
1
 40
1
 40
1
 10
322.660566
 20
310.556627
 30
0.0
 10
322.660566
 20
309.127956
 30
0.0
 10
322.175822
 20
308.012711
 30
0.0
 10
321.206310
 20
307.210918
 30
0.0
  0
SPLINE
  5
390
100
AcDbEntity
  8
0
 62
7
100
AcDbSpline
 70
8
 71
3
 72
8
 73
4
 74
0
 40
0
 40
0
 40
0
 40
0
 40
1
 40
1
 40
1
 40
1
 10
321.206310
 20
307.210918
 30
0.0
 10
320.244100
 20
306.409098
 30
0.0
 10
318.895518
 20
306.008201
 30
0.0
 10
317.160593
 20
306.008201
 30
0.0
  0
LWPOLYLINE
  5
391
100
AcDbEntity
  8
0
 62
7
100
AcDbPolyline
 90
2
 70
0
 10
319.019423
 20
314.492754
 30
0.0
 10
319.019423
 20
314.383428
 30
0.0
  0
SPLINE
  5
392
100
AcDbEntity
  8
0
 62
7
100
AcDbSpline
 70
8
 71
3
 72
8
 73
4
 74
0
 40
0
 40
0
 40
0
 40
0
 40
1
 40
1
 40
1
 40
1
 10
316.777979
 20
307.593584
 30
0.0
 10
318.068219
 20
307.593584
 30
0.0
 10
319.037732
 20
307.841420
 30
0.0
 10
319.686517
 20
308.337090
 30
0.0
  0
SPLINE
  5
393
100
AcDbEntity
  8
0
 62
7
100
AcDbSpline
 70
8
 71
3
 72
8
 73
4
 74
0
 40
0
 40
0
 40
0
 40
0
 40
1
 40
1
 40
1
 40
1
 10
319.686517
 20
308.337090
 30
0.0
 10
320.342578
 20
308.840037
 30
0.0
 10
320.670608
 20
309.623600
 30
0.0
 10
320.670608
 20
310.687834
 30
0.0
  0
SPLINE
  5
394
100
AcDbEntity
  8
0
 62
7
100
AcDbSpline
 70
8
 71
3
 72
8
 73
4
 74
0
 40
0
 40
0
 40
0
 40
0
 40
1
 40
1
 40
1
 40
1
 10
320.670608
 20
310.687834
 30
0.0
 10
320.670608
 20
311.679148
 30
0.0
 10
320.335275
 20
312.408075
 30
0.0
 10
319.664636
 20
312.874562
 30
0.0
  0
SPLINE
  5
395
100
AcDbEntity
  8
0
 62
7
100
AcDbSpline
 70
8
 71
3
 72
8
 73
4
 74
0
 40
0
 40
0
 40
0
 40
0
 40
1
 40
1
 40
1
 40
1
 10
319.664636
 20
312.874562
 30
0.0
 10
319.001299
 20
313.341075
 30
0.0
 10
317.988050
 20
313.574332
 30
0.0
 10
316.624891
 20
313.574332
 30
0.0
  0
LWPOLYLINE
  5
396
100
AcDbEntity
  8
0
 62
7
100
AcDbPolyline
 90
4
 70
0
 10
317.160593
 20
306.008201
 30
0.0
 10
314.901501
 20
306.008201
 30
0.0
 10
314.914730
 20
307.593584
 30
0.0
 10
316.777979
 20
307.593584
 30
0.0
  0
SPLINE
  5
397
100
AcDbEntity
  8
0
 62
7
100
AcDbSpline
 70
8
 71
3
 72
8
 73
4
 74
0
 40
0
 40
0
 40
0
 40
0
 40
1
 40
1
 40
1
 40
1
 10
316.504611
 20
315.148788
 30
0.0
 10
317.816733
 20
315.148788
 30
0.0
 10
318.760740
 20
315.352888
 30
0.0
 10
319.336605
 20
315.761087
 30
0.0
  0
SPLINE
  5
398
100
AcDbEntity
  8
0
 62
7
100
AcDbSpline
 70
8
 71
3
 72
8
 73
4
 74
0
 40
0
 40
0
 40
0
 40
0
 40
1
 40
1
 40
1
 40
1
 10
319.336605
 20
315.761087
 30
0.0
 10
319.912471
 20
316.176562
 30
0.0
 10
320.200417
 20
316.872654
 30
0.0
 10
320.200417
 20
317.849417
 30
0.0
  0
SPLINE
  5
399
100
AcDbEntity
  8
0
 62
7
100
AcDbSpline
 70
8
 71
3
 72
8
 73
4
 74
0
 40
0
 40
0
 40
0
 40
0
 40
1
 40
1
 40
1
 40
1
 10
320.200417
 20
317.849417
 30
0.0
 10
320.200417
 20
318.745984
 30
0.0
 10
319.879689
 20
319.391064
 30
0.0
 10
319.238207
 20
319.784685
 30
0.0
  0
SPLINE
  5
39a
100
AcDbEntity
  8
0
 62
7
100
AcDbSpline
 70
8
 71
3
 72
8
 73
4
 74
0
 40
0
 40
0
 40
0
 40
0
 40
1
 40
1
 40
1
 40
1
 10
319.238207
 20
319.784685
 30
0.0
 10
318.596724
 20
320.185582
 30
0.0
 10
317.576174
 20
320.386030
 30
0.0
 10
316.176581
 20
320.386030
 30
0.0
  0
LWPOLYLINE
  5
39b
100
AcDbEntity
  8
0
 62
7
100
AcDbPolyline
 90
4
 70
0
 10
316.624891
 20
313.574332
 30
0.0
 10
315.030485
 20
313.574332
 30
0.0
 10
315.030485
 20
315.148788
 30
0.0
 10
316.504611
 20
315.148788
 30
0.0
  0
LWPOLYLINE
  5
39c
100
AcDbEntity
  8
0
 62
7
100
AcDbPolyline
 90
3
 70
0
 10
316.176581
 20
320.386030
 30
0.0
 10
313.442985
 20
320.386030
 30
0.0
 10
313.314001
 20
306.008201
 30
0.0
  0
SPLINE
  5
39d
100
AcDbEntity
  8
0
 62
7
100
AcDbSpline
 70
8
 71
3
 72
8
 73
4
 74
0
 40
0
 40
0
 40
0
 40
0
 40
1
 40
1
 40
1
 40
1
 10
149.499071
 20
321.990844
 30
0.0
 10
151.620342
 20
321.990844
 30
0.0
 10
153.154793
 20
321.673768
 30
0.0
 10
154.102424
 20
321.039614
 30
0.0
  0
SPLINE
  5
39e
100
AcDbEntity
  8
0
 62
7
100
AcDbSpline
 70
8
 71
3
 72
8
 73
4
 74
0
 40
0
 40
0
 40
0
 40
0
 40
1
 40
1
 40
1
 40
1
 10
154.102424
 20
321.039614
 30
0.0
 10
155.050083
 20
320.405461
 30
0.0
 10
155.523898
 20
319.403193
 30
0.0
 10
155.523898
 20
318.032836
 30
0.0
  0
SPLINE
  5
39f
100
AcDbEntity
  8
0
 62
7
100
AcDbSpline
 70
8
 71
3
 72
8
 73
4
 74
0
 40
0
 40
0
 40
0
 40
0
 40
1
 40
1
 40
1
 40
1
 10
155.523898
 20
318.032836
 30
0.0
 10
155.523898
 20
317.085258
 30
0.0
 10
155.257833
 20
316.301668
 30
0.0
 10
154.725703
 20
315.682093
 30
0.0
  0
SPLINE
  5
3a0
100
AcDbEntity
  8
0
 62
7
100
AcDbSpline
 70
8
 71
3
 72
8
 73
4
 74
0
 40
0
 40
0
 40
0
 40
0
 40
1
 40
1
 40
1
 40
1
 10
154.725703
 20
315.682093
 30
0.0
 10
154.200849
 20
315.069794
 30
0.0
 10
153.431785
 20
314.672522
 30
0.0
 10
152.418537
 20
314.490304
 30
0.0
  0
LWPOLYLINE
  5
3a1
100
AcDbEntity
  8
0
 62
7
100
AcDbPolyline
 90
4
 70
0
 10
146.713115
 20
306.005751
 30
0.0
 10
144.983189
 20
306.005751
 30
0.0
 10
144.983189
 20
321.990844
 30
0.0
 10
149.499071
 20
321.990844
 30
0.0
  0
SPLINE
  5
3a2
100
AcDbEntity
  8
0
 62
7
100
AcDbSpline
 70
8
 71
3
 72
8
 73
4
 74
0
 40
0
 40
0
 40
0
 40
0
 40
1
 40
1
 40
1
 40
1
 10
152.418537
 20
314.380978
 30
0.0
 10
154.845956
 20
313.965503
 30
0.0
 10
156.059680
 20
312.689893
 30
0.0
 10
156.059680
 20
310.554177
 30
0.0
  0
SPLINE
  5
3a3
100
AcDbEntity
  8
0
 62
7
100
AcDbSpline
 70
8
 71
3
 72
8
 73
4
 74
0
 40
0
 40
0
 40
0
 40
0
 40
1
 40
1
 40
1
 40
1
 10
156.059680
 20
310.554177
 30
0.0
 10
156.059680
 20
309.125506
 30
0.0
 10
155.574936
 20
308.010261
 30
0.0
 10
154.605424
 20
307.208468
 30
0.0
  0
SPLINE
  5
3a4
100
AcDbEntity
  8
0
 62
7
100
AcDbSpline
 70
8
 71
3
 72
8
 73
4
 74
0
 40
0
 40
0
 40
0
 40
0
 40
1
 40
1
 40
1
 40
1
 10
154.605424
 20
307.208468
 30
0.0
 10
153.643214
 20
306.406648
 30
0.0
 10
152.294632
 20
306.005751
 30
0.0
 10
150.559706
 20
306.005751
 30
0.0
  0
LWPOLYLINE
  5
3a5
100
AcDbEntity
  8
0
 62
7
100
AcDbPolyline
 90
2
 70
0
 10
152.418537
 20
314.490304
 30
0.0
 10
152.418537
 20
314.380978
 30
0.0
  0
SPLINE
  5
3a6
100
AcDbEntity
  8
0
 62
7
100
AcDbSpline
 70
8
 71
3
 72
8
 73
4
 74
0
 40
0
 40
0
 40
0
 40
0
 40
1
 40
1
 40
1
 40
1
 10
150.177093
 20
307.591134
 30
0.0
 10
151.467333
 20
307.591134
 30
0.0
 10
152.436846
 20
307.838970
 30
0.0
 10
153.085631
 20
308.334640
 30
0.0
  0
SPLINE
  5
3a7
100
AcDbEntity
  8
0
 62
7
100
AcDbSpline
 70
8
 71
3
 72
8
 73
4
 74
0
 40
0
 40
0
 40
0
 40
0
 40
1
 40
1
 40
1
 40
1
 10
153.085631
 20
308.334640
 30
0.0
 10
153.741691
 20
308.837587
 30
0.0
 10
154.069722
 20
309.621150
 30
0.0
 10
154.069722
 20
310.685384
 30
0.0
  0
SPLINE
  5
3a8
100
AcDbEntity
  8
0
 62
7
100
AcDbSpline
 70
8
 71
3
 72
8
 73
4
 74
0
 40
0
 40
0
 40
0
 40
0
 40
1
 40
1
 40
1
 40
1
 10
154.069722
 20
310.685384
 30
0.0
 10
154.069722
 20
311.676698
 30
0.0
 10
153.734389
 20
312.405625
 30
0.0
 10
153.063750
 20
312.872112
 30
0.0
  0
SPLINE
  5
3a9
100
AcDbEntity
  8
0
 62
7
100
AcDbSpline
 70
8
 71
3
 72
8
 73
4
 74
0
 40
0
 40
0
 40
0
 40
0
 40
1
 40
1
 40
1
 40
1
 10
153.063750
 20
312.872112
 30
0.0
 10
152.400413
 20
313.338625
 30
0.0
 10
151.387164
 20
313.571882
 30
0.0
 10
150.024005
 20
313.571882
 30
0.0
  0
LWPOLYLINE
  5
3aa
100
AcDbEntity
  8
0
 62
7
100
AcDbPolyline
 90
4
 70
0
 10
150.559706
 20
306.005751
 30
0.0
 10
148.300615
 20
306.005751
 30
0.0
 10
148.313844
 20
307.591134
 30
0.0
 10
150.177093
 20
307.591134
 30
0.0
  0
SPLINE
  5
3ab
100
AcDbEntity
  8
0
 62
7
100
AcDbSpline
 70
8
 71
3
 72
8
 73
4
 74
0
 40
0
 40
0
 40
0
 40
0
 40
1
 40
1
 40
1
 40
1
 10
149.903725
 20
315.146338
 30
0.0
 10
151.215847
 20
315.146338
 30
0.0
 10
152.159854
 20
315.350438
 30
0.0
 10
152.735719
 20
315.758637
 30
0.0
  0
SPLINE
  5
3ac
100
AcDbEntity
  8
0
 62
7
100
AcDbSpline
 70
8
 71
3
 72
8
 73
4
 74
0
 40
0
 40
0
 40
0
 40
0
 40
1
 40
1
 40
1
 40
1
 10
152.735719
 20
315.758637
 30
0.0
 10
153.311585
 20
316.174112
 30
0.0
 10
153.599531
 20
316.870204
 30
0.0
 10
153.599531
 20
317.846967
 30
0.0
  0
SPLINE
  5
3ad
100
AcDbEntity
  8
0
 62
7
100
AcDbSpline
 70
8
 71
3
 72
8
 73
4
 74
0
 40
0
 40
0
 40
0
 40
0
 40
1
 40
1
 40
1
 40
1
 10
153.599531
 20
317.846967
 30
0.0
 10
153.599531
 20
318.743534
 30
0.0
 10
153.278803
 20
319.388614
 30
0.0
 10
152.637321
 20
319.782235
 30
0.0
  0
SPLINE
  5
3ae
100
AcDbEntity
  8
0
 62
7
100
AcDbSpline
 70
8
 71
3
 72
8
 73
4
 74
0
 40
0
 40
0
 40
0
 40
0
 40
1
 40
1
 40
1
 40
1
 10
152.637321
 20
319.782235
 30
0.0
 10
151.995838
 20
320.183132
 30
0.0
 10
150.975288
 20
320.383580
 30
0.0
 10
149.575695
 20
320.383580
 30
0.0
  0
LWPOLYLINE
  5
3af
100
AcDbEntity
  8
0
 62
7
100
AcDbPolyline
 90
4
 70
0
 10
150.024005
 20
313.571882
 30
0.0
 10
148.429599
 20
313.571882
 30
0.0
 10
148.429599
 20
315.146338
 30
0.0
 10
149.903725
 20
315.146338
 30
0.0
  0
LWPOLYLINE
  5
3b0
100
AcDbEntity
  8
0
 62
7
100
AcDbPolyline
 90
3
 70
0
 10
149.575695
 20
320.383580
 30
0.0
 10
146.842099
 20
320.383580
 30
0.0
 10
146.713115
 20
306.005751
 30
0.0
  0
SPLINE
  5
3b1
100
AcDbEntity
  8
0
 62
7
100
AcDbSpline
 70
8
 71
3
 72
8
 73
4
 74
0
 40
0
 40
0
 40
0
 40
0
 40
1
 40
1
 40
1
 40
1
 10
149.501868
 20
98.009070
 30
0.0
 10
151.623138
 20
98.009070
 30
0.0
 10
153.157589
 20
97.691993
 30
0.0
 10
154.105221
 20
97.057840
 30
0.0
  0
SPLINE
  5
3b2
100
AcDbEntity
  8
0
 62
7
100
AcDbSpline
 70
8
 71
3
 72
8
 73
4
 74
0
 40
0
 40
0
 40
0
 40
0
 40
1
 40
1
 40
1
 40
1
 10
154.105221
 20
97.057840
 30
0.0
 10
155.052879
 20
96.423686
 30
0.0
 10
155.526695
 20
95.421418
 30
0.0
 10
155.526695
 20
94.051062
 30
0.0
  0
SPLINE
  5
3b3
100
AcDbEntity
  8
0
 62
7
100
AcDbSpline
 70
8
 71
3
 72
8
 73
4
 74
0
 40
0
 40
0
 40
0
 40
0
 40
1
 40
1
 40
1
 40
1
 10
155.526695
 20
94.051062
 30
0.0
 10
155.526695
 20
93.103483
 30
0.0
 10
155.260630
 20
92.319893
 30
0.0
 10
154.728500
 20
91.700318
 30
0.0
  0
SPLINE
  5
3b4
100
AcDbEntity
  8
0
 62
7
100
AcDbSpline
 70
8
 71
3
 72
8
 73
4
 74
0
 40
0
 40
0
 40
0
 40
0
 40
1
 40
1
 40
1
 40
1
 10
154.728500
 20
91.700318
 30
0.0
 10
154.203646
 20
91.088019
 30
0.0
 10
153.434582
 20
90.690747
 30
0.0
 10
152.421333
 20
90.508529
 30
0.0
  0
LWPOLYLINE
  5
3b5
100
AcDbEntity
  8
0
 62
7
100
AcDbPolyline
 90
4
 70
0
 10
146.715911
 20
82.023976
 30
0.0
 10
144.985986
 20
82.023976
 30
0.0
 10
144.985986
 20
98.009070
 30
0.0
 10
149.501868
 20
98.009070
 30
0.0
  0
SPLINE
  5
3b6
100
AcDbEntity
  8
0
 62
7
100
AcDbSpline
 70
8
 71
3
 72
8
 73
4
 74
0
 40
0
 40
0
 40
0
 40
0
 40
1
 40
1
 40
1
 40
1
 10
152.421333
 20
90.399203
 30
0.0
 10
154.848753
 20
89.983728
 30
0.0
 10
156.062476
 20
88.708119
 30
0.0
 10
156.062476
 20
86.572402
 30
0.0
  0
SPLINE
  5
3b7
100
AcDbEntity
  8
0
 62
7
100
AcDbSpline
 70
8
 71
3
 72
8
 73
4
 74
0
 40
0
 40
0
 40
0
 40
0
 40
1
 40
1
 40
1
 40
1
 10
156.062476
 20
86.572402
 30
0.0
 10
156.062476
 20
85.143731
 30
0.0
 10
155.577733
 20
84.028486
 30
0.0
 10
154.608220
 20
83.226693
 30
0.0
  0
SPLINE
  5
3b8
100
AcDbEntity
  8
0
 62
7
100
AcDbSpline
 70
8
 71
3
 72
8
 73
4
 74
0
 40
0
 40
0
 40
0
 40
0
 40
1
 40
1
 40
1
 40
1
 10
154.608220
 20
83.226693
 30
0.0
 10
153.646010
 20
82.424873
 30
0.0
 10
152.297429
 20
82.023976
 30
0.0
 10
150.562503
 20
82.023976
 30
0.0
  0
LWPOLYLINE
  5
3b9
100
AcDbEntity
  8
0
 62
7
100
AcDbPolyline
 90
2
 70
0
 10
152.421333
 20
90.508529
 30
0.0
 10
152.421333
 20
90.399203
 30
0.0
  0
SPLINE
  5
3ba
100
AcDbEntity
  8
0
 62
7
100
AcDbSpline
 70
8
 71
3
 72
8
 73
4
 74
0
 40
0
 40
0
 40
0
 40
0
 40
1
 40
1
 40
1
 40
1
 10
150.179889
 20
83.609360
 30
0.0
 10
151.470130
 20
83.609360
 30
0.0
 10
152.439643
 20
83.857195
 30
0.0
 10
153.088427
 20
84.352865
 30
0.0
  0
SPLINE
  5
3bb
100
AcDbEntity
  8
0
 62
7
100
AcDbSpline
 70
8
 71
3
 72
8
 73
4
 74
0
 40
0
 40
0
 40
0
 40
0
 40
1
 40
1
 40
1
 40
1
 10
153.088427
 20
84.352865
 30
0.0
 10
153.744488
 20
84.855812
 30
0.0
 10
154.072519
 20
85.639375
 30
0.0
 10
154.072519
 20
86.703609
 30
0.0
  0
SPLINE
  5
3bc
100
AcDbEntity
  8
0
 62
7
100
AcDbSpline
 70
8
 71
3
 72
8
 73
4
 74
0
 40
0
 40
0
 40
0
 40
0
 40
1
 40
1
 40
1
 40
1
 10
154.072519
 20
86.703609
 30
0.0
 10
154.072519
 20
87.694923
 30
0.0
 10
153.737186
 20
88.423850
 30
0.0
 10
153.066546
 20
88.890337
 30
0.0
  0
SPLINE
  5
3bd
100
AcDbEntity
  8
0
 62
7
100
AcDbSpline
 70
8
 71
3
 72
8
 73
4
 74
0
 40
0
 40
0
 40
0
 40
0
 40
1
 40
1
 40
1
 40
1
 10
153.066546
 20
88.890337
 30
0.0
 10
152.403209
 20
89.356851
 30
0.0
 10
151.389961
 20
89.590107
 30
0.0
 10
150.026801
 20
89.590107
 30
0.0
  0
LWPOLYLINE
  5
3be
100
AcDbEntity
  8
0
 62
7
100
AcDbPolyline
 90
4
 70
0
 10
150.562503
 20
82.023976
 30
0.0
 10
148.303411
 20
82.023976
 30
0.0
 10
148.316640
 20
83.609360
 30
0.0
 10
150.179889
 20
83.609360
 30
0.0
  0
SPLINE
  5
3bf
100
AcDbEntity
  8
0
 62
7
100
AcDbSpline
 70
8
 71
3
 72
8
 73
4
 74
0
 40
0
 40
0
 40
0
 40
0
 40
1
 40
1
 40
1
 40
1
 10
149.906522
 20
91.164563
 30
0.0
 10
151.218643
 20
91.164563
 30
0.0
 10
152.162650
 20
91.368663
 30
0.0
 10
152.738516
 20
91.776862
 30
0.0
  0
SPLINE
  5
3c0
100
AcDbEntity
  8
0
 62
7
100
AcDbSpline
 70
8
 71
3
 72
8
 73
4
 74
0
 40
0
 40
0
 40
0
 40
0
 40
1
 40
1
 40
1
 40
1
 10
152.738516
 20
91.776862
 30
0.0
 10
153.314381
 20
92.192337
 30
0.0
 10
153.602328
 20
92.888430
 30
0.0
 10
153.602328
 20
93.865192
 30
0.0
  0
SPLINE
  5
3c1
100
AcDbEntity
  8
0
 62
7
100
AcDbSpline
 70
8
 71
3
 72
8
 73
4
 74
0
 40
0
 40
0
 40
0
 40
0
 40
1
 40
1
 40
1
 40
1
 10
153.602328
 20
93.865192
 30
0.0
 10
153.602328
 20
94.761759
 30
0.0
 10
153.281600
 20
95.406840
 30
0.0
 10
152.640117
 20
95.800460
 30
0.0
  0
SPLINE
  5
3c2
100
AcDbEntity
  8
0
 62
7
100
AcDbSpline
 70
8
 71
3
 72
8
 73
4
 74
0
 40
0
 40
0
 40
0
 40
0
 40
1
 40
1
 40
1
 40
1
 10
152.640117
 20
95.800460
 30
0.0
 10
151.998635
 20
96.201357
 30
0.0
 10
150.978084
 20
96.401805
 30
0.0
 10
149.578491
 20
96.401805
 30
0.0
  0
LWPOLYLINE
  5
3c3
100
AcDbEntity
  8
0
 62
7
100
AcDbPolyline
 90
4
 70
0
 10
150.026801
 20
89.590107
 30
0.0
 10
148.432396
 20
89.590107
 30
0.0
 10
148.432396
 20
91.164563
 30
0.0
 10
149.906522
 20
91.164563
 30
0.0
  0
LWPOLYLINE
  5
3c4
100
AcDbEntity
  8
0
 62
7
100
AcDbPolyline
 90
3
 70
0
 10
149.578491
 20
96.401805
 30
0.0
 10
146.844896
 20
96.401805
 30
0.0
 10
146.715911
 20
82.023976
 30
0.0
  0
SPLINE
  5
3c5
100
AcDbEntity
  8
0
 62
7
100
AcDbSpline
 70
8
 71
3
 72
8
 73
4
 74
0
 40
0
 40
0
 40
0
 40
0
 40
1
 40
1
 40
1
 40
1
 10
378.578242
 20
223.427946
 30
0.0
 10
378.694888
 20
221.853499
 30
0.0
 10
378.753211
 20
220.410250
 30
0.0
 10
378.753211
 20
219.098199
 30
0.0
  0
LWPOLYLINE
  5
3c6
100
AcDbEntity
  8
0
 62
7
100
AcDbPolyline
 90
4
 70
0
 10
389.523526
 20
210.012275
 30
0.0
 10
387.402255
 20
210.012275
 30
0.0
 10
378.665714
 20
223.427946
 30
0.0
 10
378.578242
 20
223.427946
 30
0.0
  0
SPLINE
  5
3c7
100
AcDbEntity
  8
0
 62
7
100
AcDbSpline
 70
8
 71
3
 72
8
 73
4
 74
0
 40
0
 40
0
 40
0
 40
0
 40
1
 40
1
 40
1
 40
1
 10
387.938036
 20
212.636359
 30
0.0
 10
387.923396
 20
212.833174
 30
0.0
 10
387.890597
 20
213.463685
 30
0.0
 10
387.839638
 20
214.527892
 30
0.0
  0
SPLINE
  5
3c8
100
AcDbEntity
  8
0
 62
7
100
AcDbSpline
 70
8
 71
3
 72
8
 73
4
 74
0
 40
0
 40
0
 40
0
 40
0
 40
1
 40
1
 40
1
 40
1
 10
387.839638
 20
214.527892
 30
0.0
 10
387.788609
 20
215.599401
 30
0.0
 10
387.770388
 20
216.364762
 30
0.0
 10
387.784975
 20
216.823973
 30
0.0
  0
LWPOLYLINE
  5
3c9
100
AcDbEntity
  8
0
 62
7
100
AcDbPolyline
 90
7
 70
0
 10
378.753211
 20
219.098199
 30
0.0
 10
378.753211
 20
210.012275
 30
0.0
 10
377.036515
 20
210.012275
 30
0.0
 10
377.036515
 20
225.997368
 30
0.0
 10
379.135905
 20
225.997368
 30
0.0
 10
387.850565
 20
212.636359
 30
0.0
 10
387.938036
 20
212.636359
 30
0.0
  0
LWPOLYLINE
  5
3ca
100
AcDbEntity
  8
0
 62
7
100
AcDbPolyline
 90
4
 70
0
 10
387.784975
 20
216.823973
 30
0.0
 10
387.784975
 20
225.997368
 30
0.0
 10
389.523526
 20
225.997368
 30
0.0
 10
389.523526
 20
210.012275
 30
0.0
  0
SPLINE
  5
3cb
100
AcDbEntity
  8
0
 62
7
100
AcDbSpline
 70
8
 71
3
 72
8
 73
4
 74
0
 40
0
 40
0
 40
0
 40
0
 40
1
 40
1
 40
1
 40
1
 10
118.699121
 20
192.566893
 30
0.0
 10
116.942334
 20
192.566893
 30
0.0
 10
115.553672
 20
191.980109
 30
0.0
 10
114.533135
 20
190.806541
 30
0.0
  0
SPLINE
  5
3cc
100
AcDbEntity
  8
0
 62
7
100
AcDbSpline
 70
8
 71
3
 72
8
 73
4
 74
0
 40
0
 40
0
 40
0
 40
0
 40
1
 40
1
 40
1
 40
1
 10
114.533135
 20
190.806541
 30
0.0
 10
113.519883
 20
189.640275
 30
0.0
 10
113.013257
 20
188.040313
 30
0.0
 10
113.013257
 20
186.006655
 30
0.0
  0
SPLINE
  5
3cd
100
AcDbEntity
  8
0
 62
7
100
AcDbSpline
 70
8
 71
3
 72
8
 73
4
 74
0
 40
0
 40
0
 40
0
 40
0
 40
1
 40
1
 40
1
 40
1
 10
113.013257
 20
186.006655
 30
0.0
 10
113.013257
 20
183.914665
 30
0.0
 10
113.501659
 20
182.296474
 30
0.0
 10
114.478461
 20
181.152080
 30
0.0
  0
SPLINE
  5
3ce
100
AcDbEntity
  8
0
 62
7
100
AcDbSpline
 70
8
 71
3
 72
8
 73
4
 74
0
 40
0
 40
0
 40
0
 40
0
 40
1
 40
1
 40
1
 40
1
 10
114.478461
 20
181.152080
 30
0.0
 10
115.462553
 20
180.014972
 30
0.0
 10
116.862149
 20
179.446417
 30
0.0
 10
118.677251
 20
179.446417
 30
0.0
  0
SPLINE
  5
3cf
100
AcDbEntity
  8
0
 62
7
100
AcDbSpline
 70
8
 71
3
 72
8
 73
4
 74
0
 40
0
 40
0
 40
0
 40
0
 40
1
 40
1
 40
1
 40
1
 10
118.677251
 20
179.446417
 30
0.0
 10
119.792554
 20
179.446417
 30
0.0
 10
121.064583
 20
179.646866
 30
0.0
 10
122.493336
 20
180.047762
 30
0.0
  0
LWPOLYLINE
  5
3d0
100
AcDbEntity
  8
0
 62
7
100
AcDbPolyline
 90
4
 70
1
 10
415.676080
 20
210.012275
 30
0.0
 10
415.676080
 20
225.997368
 30
0.0
 10
417.534910
 20
225.997368
 30
0.0
 10
417.534910
 20
210.012275
 30
0.0
  0
SPLINE
  5
3d1
100
AcDbEntity
  8
0
 62
7
100
AcDbSpline
 70
8
 71
3
 72
8
 73
4
 74
0
 40
0
 40
0
 40
0
 40
0
 40
1
 40
1
 40
1
 40
1
 10
122.493336
 20
178.418643
 30
0.0
 10
121.385321
 20
178.003159
 30
0.0
 10
120.018528
 20
177.795417
 30
0.0
 10
118.392956
 20
177.795417
 30
0.0
  0
SPLINE
  5
3d2
100
AcDbEntity
  8
0
 62
7
100
AcDbSpline
 70
8
 71
3
 72
8
 73
4
 74
0
 40
0
 40
0
 40
0
 40
0
 40
1
 40
1
 40
1
 40
1
 10
118.392956
 20
177.795417
 30
0.0
 10
116.038429
 20
177.795417
 30
0.0
 10
114.219683
 20
178.509757
 30
0.0
 10
112.936718
 20
179.938436
 30
0.0
  0
SPLINE
  5
3d3
100
AcDbEntity
  8
0
 62
7
100
AcDbSpline
 70
8
 71
3
 72
8
 73
4
 74
0
 40
0
 40
0
 40
0
 40
0
 40
1
 40
1
 40
1
 40
1
 10
112.936718
 20
179.938436
 30
0.0
 10
111.661046
 20
181.367098
 30
0.0
 10
111.023209
 20
183.397123
 30
0.0
 10
111.023209
 20
186.028510
 30
0.0
  0
SPLINE
  5
3d4
100
AcDbEntity
  8
0
 62
7
100
AcDbSpline
 70
8
 71
3
 72
8
 73
4
 74
0
 40
0
 40
0
 40
0
 40
0
 40
1
 40
1
 40
1
 40
1
 10
111.023209
 20
186.028510
 30
0.0
 10
111.023209
 20
187.675859
 30
0.0
 10
111.329371
 20
189.119108
 30
0.0
 10
111.941695
 20
190.358257
 30
0.0
  0
SPLINE
  5
3d5
100
AcDbEntity
  8
0
 62
7
100
AcDbSpline
 70
8
 71
3
 72
8
 73
4
 74
0
 40
0
 40
0
 40
0
 40
0
 40
1
 40
1
 40
1
 40
1
 10
111.941695
 20
190.358257
 30
0.0
 10
112.561306
 20
191.597425
 30
0.0
 10
113.450633
 20
192.552306
 30
0.0
 10
114.609674
 20
193.222901
 30
0.0
  0
SPLINE
  5
3d6
100
AcDbEntity
  8
0
 62
7
100
AcDbSpline
 70
8
 71
3
 72
8
 73
4
 74
0
 40
0
 40
0
 40
0
 40
0
 40
1
 40
1
 40
1
 40
1
 10
114.609674
 20
193.222901
 30
0.0
 10
115.776003
 20
193.893514
 30
0.0
 10
117.146440
 20
194.228820
 30
0.0
 10
118.720986
 20
194.228820
 30
0.0
  0
SPLINE
  5
3d7
100
AcDbEntity
  8
0
 62
7
100
AcDbSpline
 70
8
 71
3
 72
8
 73
4
 74
0
 40
0
 40
0
 40
0
 40
0
 40
1
 40
1
 40
1
 40
1
 10
118.720986
 20
194.228820
 30
0.0
 10
120.397587
 20
194.228820
 30
0.0
 10
121.862792
 20
193.922671
 30
0.0
 10
123.116599
 20
193.310372
 30
0.0
  0
LWPOLYLINE
  5
3d8
100
AcDbEntity
  8
0
 62
7
100
AcDbPolyline
 90
2
 70
0
 10
122.493336
 20
180.047762
 30
0.0
 10
122.493336
 20
178.418643
 30
0.0
  0
SPLINE
  5
3d9
100
AcDbEntity
  8
0
 62
7
100
AcDbSpline
 70
8
 71
3
 72
8
 73
4
 74
0
 40
0
 40
0
 40
0
 40
0
 40
1
 40
1
 40
1
 40
1
 10
122.329321
 20
191.714062
 30
0.0
 10
121.119254
 20
192.282616
 30
0.0
 10
119.909188
 20
192.566893
 30
0.0
 10
118.699121
 20
192.566893
 30
0.0
  0
LWPOLYLINE
  5
3da
100
AcDbEntity
  8
0
 62
7
100
AcDbPolyline
 90
2
 70
0
 10
123.116599
 20
193.310372
 30
0.0
 10
122.329321
 20
191.714062
 30
0.0
  0
LWPOLYLINE
  5
3db
100
AcDbEntity
  8
0
 62
7
100
AcDbPolyline
 90
1
 70
1
 10
118.699121
 20
192.566893
 30
0.0
  0
LWPOLYLINE
  5
3dc
100
AcDbEntity
  8
0
 62
7
100
AcDbPolyline
 90
12
 70
1
 10
156.114036
 20
178.014095
 30
0.0
 10
154.255195
 20
178.014095
 30
0.0
 10
154.255195
 20
185.536491
 30
0.0
 10
145.835751
 20
185.536491
 30
0.0
 10
145.835751
 20
178.014095
 30
0.0
 10
143.976910
 20
178.014095
 30
0.0
 10
143.976910
 20
193.999189
 30
0.0
 10
145.835751
 20
193.999189
 30
0.0
 10
145.835751
 20
187.198418
 30
0.0
 10
154.255195
 20
187.198418
 30
0.0
 10
154.255195
 20
193.999189
 30
0.0
 10
156.114036
 20
193.999189
 30
0.0
  0
LWPOLYLINE
  5
3dd
100
AcDbEntity
  8
0
 62
7
100
AcDbPolyline
 90
8
 70
1
 10
184.283959
 20
178.014095
 30
0.0
 10
182.425123
 20
178.014095
 30
0.0
 10
182.425123
 20
192.348215
 30
0.0
 10
177.362522
 20
192.348215
 30
0.0
 10
177.362522
 20
193.999189
 30
0.0
 10
189.346560
 20
193.999189
 30
0.0
 10
189.346560
 20
192.348215
 30
0.0
 10
184.283959
 20
192.348215
 30
0.0
  0
LWPOLYLINE
  5
3de
100
AcDbEntity
  8
0
 62
7
100
AcDbPolyline
 90
4
 70
1
 10
215.756061
 20
178.014095
 30
0.0
 10
215.756061
 20
193.999189
 30
0.0
 10
217.614897
 20
193.999189
 30
0.0
 10
217.614897
 20
178.014095
 30
0.0
  0
SPLINE
  5
3df
100
AcDbEntity
  8
0
 62
7
100
AcDbSpline
 70
8
 71
3
 72
8
 73
4
 74
0
 40
0
 40
0
 40
0
 40
0
 40
1
 40
1
 40
1
 40
1
 10
245.298246
 20
191.429767
 30
0.0
 10
245.414878
 20
189.855320
 30
0.0
 10
245.473194
 20
188.412070
 30
0.0
 10
245.473194
 20
187.100019
 30
0.0
  0
LWPOLYLINE
  5
3e0
100
AcDbEntity
  8
0
 62
7
100
AcDbPolyline
 90
4
 70
0
 10
256.243529
 20
178.014095
 30
0.0
 10
254.122264
 20
178.014095
 30
0.0
 10
245.385722
 20
191.429767
 30
0.0
 10
245.298246
 20
191.429767
 30
0.0
  0
SPLINE
  5
3e1
100
AcDbEntity
  8
0
 62
7
100
AcDbSpline
 70
8
 71
3
 72
8
 73
4
 74
0
 40
0
 40
0
 40
0
 40
0
 40
1
 40
1
 40
1
 40
1
 10
254.658050
 20
180.638180
 30
0.0
 10
254.643481
 20
180.834995
 30
0.0
 10
254.610676
 20
181.465506
 30
0.0
 10
254.559636
 20
182.529713
 30
0.0
  0
SPLINE
  5
3e2
100
AcDbEntity
  8
0
 62
7
100
AcDbSpline
 70
8
 71
3
 72
8
 73
4
 74
0
 40
0
 40
0
 40
0
 40
0
 40
1
 40
1
 40
1
 40
1
 10
254.559636
 20
182.529713
 30
0.0
 10
254.508610
 20
183.601222
 30
0.0
 10
254.490388
 20
184.366582
 30
0.0
 10
254.504968
 20
184.825793
 30
0.0
  0
LWPOLYLINE
  5
3e3
100
AcDbEntity
  8
0
 62
7
100
AcDbPolyline
 90
7
 70
0
 10
245.473194
 20
187.100019
 30
0.0
 10
245.473194
 20
178.014095
 30
0.0
 10
243.756503
 20
178.014095
 30
0.0
 10
243.756503
 20
193.999189
 30
0.0
 10
245.855897
 20
193.999189
 30
0.0
 10
254.570574
 20
180.638180
 30
0.0
 10
254.658050
 20
180.638180
 30
0.0
  0
LWPOLYLINE
  5
3e4
100
AcDbEntity
  8
0
 62
7
100
AcDbPolyline
 90
4
 70
0
 10
254.504968
 20
184.825793
 30
0.0
 10
254.504968
 20
193.999189
 30
0.0
 10
256.243529
 20
193.999189
 30
0.0
 10
256.243529
 20
178.014095
 30
0.0
  0
SPLINE
  5
3e5
100
AcDbEntity
  8
0
 62
7
100
AcDbSpline
 70
8
 71
3
 72
8
 73
4
 74
0
 40
0
 40
0
 40
0
 40
0
 40
1
 40
1
 40
1
 40
1
 10
289.437789
 20
183.655885
 30
0.0
 10
289.437789
 20
181.833612
 30
0.0
 10
288.887429
 20
180.401299
 30
0.0
 10
287.786710
 20
179.358946
 30
0.0
  0
SPLINE
  5
3e6
100
AcDbEntity
  8
0
 62
7
100
AcDbSpline
 70
8
 71
3
 72
8
 73
4
 74
0
 40
0
 40
0
 40
0
 40
0
 40
1
 40
1
 40
1
 40
1
 10
287.786710
 20
179.358946
 30
0.0
 10
286.685990
 20
178.316594
 30
0.0
 10
285.173411
 20
177.795417
 30
0.0
 10
283.248973
 20
177.795417
 30
0.0
  0
SPLINE
  5
3e7
100
AcDbEntity
  8
0
 62
7
100
AcDbSpline
 70
8
 71
3
 72
8
 73
4
 74
0
 40
0
 40
0
 40
0
 40
0
 40
1
 40
1
 40
1
 40
1
 10
283.248973
 20
177.795417
 30
0.0
 10
281.324517
 20
177.795417
 30
0.0
 10
279.833802
 20
178.320236
 30
0.0
 10
278.776827
 20
179.369873
 30
0.0
  0
SPLINE
  5
3e8
100
AcDbEntity
  8
0
 62
7
100
AcDbSpline
 70
8
 71
3
 72
8
 73
4
 74
0
 40
0
 40
0
 40
0
 40
0
 40
1
 40
1
 40
1
 40
1
 10
278.776827
 20
179.369873
 30
0.0
 10
277.727119
 20
180.419511
 30
0.0
 10
277.202265
 20
181.862760
 30
0.0
 10
277.202265
 20
183.699621
 30
0.0
  0
LWPOLYLINE
  5
3e9
100
AcDbEntity
  8
0
 62
7
100
AcDbPolyline
 90
2
 70
0
 10
289.437789
 20
193.999189
 30
0.0
 10
289.437789
 20
183.655885
 30
0.0
  0
SPLINE
  5
3ea
100
AcDbEntity
  8
0
 62
7
100
AcDbSpline
 70
8
 71
3
 72
8
 73
4
 74
0
 40
0
 40
0
 40
0
 40
0
 40
1
 40
1
 40
1
 40
1
 10
279.061122
 20
183.568440
 30
0.0
 10
279.061122
 20
182.234517
 30
0.0
 10
279.425594
 20
181.210386
 30
0.0
 10
280.154539
 20
180.496046
 30
0.0
  0
SPLINE
  5
3eb
100
AcDbEntity
  8
0
 62
7
100
AcDbSpline
 70
8
 71
3
 72
8
 73
4
 74
0
 40
0
 40
0
 40
0
 40
0
 40
1
 40
1
 40
1
 40
1
 10
280.154539
 20
180.496046
 30
0.0
 10
280.883501
 20
179.781706
 30
0.0
 10
281.955072
 20
179.424536
 30
0.0
 10
283.369253
 20
179.424536
 30
0.0
  0
SPLINE
  5
3ec
100
AcDbEntity
  8
0
 62
7
100
AcDbSpline
 70
8
 71
3
 72
8
 73
4
 74
0
 40
0
 40
0
 40
0
 40
0
 40
1
 40
1
 40
1
 40
1
 10
283.369253
 20
179.424536
 30
0.0
 10
284.717816
 20
179.424536
 30
0.0
 10
285.756570
 20
179.781706
 30
0.0
 10
286.485515
 20
180.496046
 30
0.0
  0
SPLINE
  5
3ed
100
AcDbEntity
  8
0
 62
7
100
AcDbSpline
 70
8
 71
3
 72
8
 73
4
 74
0
 40
0
 40
0
 40
0
 40
0
 40
1
 40
1
 40
1
 40
1
 10
286.485515
 20
180.496046
 30
0.0
 10
287.214478
 20
181.217670
 30
0.0
 10
287.578959
 20
182.249087
 30
0.0
 10
287.578959
 20
183.590295
 30
0.0
  0
LWPOLYLINE
  5
3ee
100
AcDbEntity
  8
0
 62
7
100
AcDbPolyline
 90
4
 70
0
 10
277.202265
 20
183.699621
 30
0.0
 10
277.202265
 20
193.999189
 30
0.0
 10
279.061122
 20
193.999189
 30
0.0
 10
279.061122
 20
183.568440
 30
0.0
  0
SPLINE
  5
3ef
100
AcDbEntity
  8
0
 62
7
100
AcDbSpline
 70
8
 71
3
 72
8
 73
4
 74
0
 40
0
 40
0
 40
0
 40
0
 40
1
 40
1
 40
1
 40
1
 10
280.209228
 20
196.940376
 30
0.0
 10
280.209228
 20
197.319401
 30
0.0
 10
280.303984
 20
197.592742
 30
0.0
 10
280.493496
 20
197.760399
 30
0.0
  0
SPLINE
  5
3f0
100
AcDbEntity
  8
0
 62
7
100
AcDbSpline
 70
8
 71
3
 72
8
 73
4
 74
0
 40
0
 40
0
 40
0
 40
0
 40
1
 40
1
 40
1
 40
1
 10
280.493496
 20
197.760399
 30
0.0
 10
280.690329
 20
197.928057
 30
0.0
 10
280.923594
 20
198.011886
 30
0.0
 10
281.193293
 20
198.011886
 30
0.0
  0
SPLINE
  5
3f1
100
AcDbEntity
  8
0
 62
7
100
AcDbSpline
 70
8
 71
3
 72
8
 73
4
 74
0
 40
0
 40
0
 40
0
 40
0
 40
1
 40
1
 40
1
 40
1
 10
281.193293
 20
198.011886
 30
0.0
 10
281.470312
 20
198.011886
 30
0.0
 10
281.707228
 20
197.928057
 30
0.0
 10
281.904043
 20
197.760399
 30
0.0
  0
SPLINE
  5
3f2
100
AcDbEntity
  8
0
 62
7
100
AcDbSpline
 70
8
 71
3
 72
8
 73
4
 74
0
 40
0
 40
0
 40
0
 40
0
 40
1
 40
1
 40
1
 40
1
 10
281.904043
 20
197.760399
 30
0.0
 10
282.108143
 20
197.592742
 30
0.0
 10
282.210193
 20
197.319401
 30
0.0
 10
282.210193
 20
196.940376
 30
0.0
  0
SPLINE
  5
3f3
100
AcDbEntity
  8
0
 62
7
100
AcDbSpline
 70
8
 71
3
 72
8
 73
4
 74
0
 40
0
 40
0
 40
0
 40
0
 40
1
 40
1
 40
1
 40
1
 10
282.210193
 20
196.940376
 30
0.0
 10
282.210193
 20
196.575922
 30
0.0
 10
282.108143
 20
196.302580
 30
0.0
 10
281.904043
 20
196.120353
 30
0.0
  0
SPLINE
  5
3f4
100
AcDbEntity
  8
0
 62
7
100
AcDbSpline
 70
8
 71
3
 72
8
 73
4
 74
0
 40
0
 40
0
 40
0
 40
0
 40
1
 40
1
 40
1
 40
1
 10
281.904043
 20
196.120353
 30
0.0
 10
281.707228
 20
195.945411
 30
0.0
 10
281.470312
 20
195.857939
 30
0.0
 10
281.193293
 20
195.857939
 30
0.0
  0
SPLINE
  5
3f5
100
AcDbEntity
  8
0
 62
7
100
AcDbSpline
 70
8
 71
3
 72
8
 73
4
 74
0
 40
0
 40
0
 40
0
 40
0
 40
1
 40
1
 40
1
 40
1
 10
281.193293
 20
195.857939
 30
0.0
 10
280.923594
 20
195.857939
 30
0.0
 10
280.690329
 20
195.945411
 30
0.0
 10
280.493496
 20
196.120353
 30
0.0
  0
SPLINE
  5
3f6
100
AcDbEntity
  8
0
 62
7
100
AcDbSpline
 70
8
 71
3
 72
8
 73
4
 74
0
 40
0
 40
0
 40
0
 40
0
 40
1
 40
1
 40
1
 40
1
 10
280.493496
 20
196.120353
 30
0.0
 10
280.303984
 20
196.302580
 30
0.0
 10
280.209228
 20
196.575922
 30
0.0
 10
280.209228
 20
196.940376
 30
0.0
  0
LWPOLYLINE
  5
3f7
100
AcDbEntity
  8
0
 62
7
100
AcDbPolyline
 90
3
 70
0
 10
287.578959
 20
183.590295
 30
0.0
 10
287.578959
 20
193.999189
 30
0.0
 10
289.437789
 20
193.999189
 30
0.0
  0
SPLINE
  5
3f8
100
AcDbEntity
  8
0
 62
7
100
AcDbSpline
 70
8
 71
3
 72
8
 73
4
 74
0
 40
0
 40
0
 40
0
 40
0
 40
1
 40
1
 40
1
 40
1
 10
284.375199
 20
196.940376
 30
0.0
 10
284.375199
 20
197.319401
 30
0.0
 10
284.469963
 20
197.592742
 30
0.0
 10
284.659493
 20
197.760399
 30
0.0
  0
SPLINE
  5
3f9
100
AcDbEntity
  8
0
 62
7
100
AcDbSpline
 70
8
 71
3
 72
8
 73
4
 74
0
 40
0
 40
0
 40
0
 40
0
 40
1
 40
1
 40
1
 40
1
 10
284.659493
 20
197.760399
 30
0.0
 10
284.856308
 20
197.928057
 30
0.0
 10
285.089574
 20
198.011886
 30
0.0
 10
285.359290
 20
198.011886
 30
0.0
  0
SPLINE
  5
3fa
100
AcDbEntity
  8
0
 62
7
100
AcDbSpline
 70
8
 71
3
 72
8
 73
4
 74
0
 40
0
 40
0
 40
0
 40
0
 40
1
 40
1
 40
1
 40
1
 10
285.359290
 20
198.011886
 30
0.0
 10
285.629006
 20
198.011886
 30
0.0
 10
285.862272
 20
197.928057
 30
0.0
 10
286.059086
 20
197.760399
 30
0.0
  0
SPLINE
  5
3fb
100
AcDbEntity
  8
0
 62
7
100
AcDbSpline
 70
8
 71
3
 72
8
 73
4
 74
0
 40
0
 40
0
 40
0
 40
0
 40
1
 40
1
 40
1
 40
1
 10
286.059086
 20
197.760399
 30
0.0
 10
286.263203
 20
197.592742
 30
0.0
 10
286.365262
 20
197.319401
 30
0.0
 10
286.365262
 20
196.940376
 30
0.0
  0
SPLINE
  5
3fc
100
AcDbEntity
  8
0
 62
7
100
AcDbSpline
 70
8
 71
3
 72
8
 73
4
 74
0
 40
0
 40
0
 40
0
 40
0
 40
1
 40
1
 40
1
 40
1
 10
286.365262
 20
196.940376
 30
0.0
 10
286.365262
 20
196.575922
 30
0.0
 10
286.263203
 20
196.302580
 30
0.0
 10
286.059086
 20
196.120353
 30
0.0
  0
SPLINE
  5
3fd
100
AcDbEntity
  8
0
 62
7
100
AcDbSpline
 70
8
 71
3
 72
8
 73
4
 74
0
 40
0
 40
0
 40
0
 40
0
 40
1
 40
1
 40
1
 40
1
 10
286.059086
 20
196.120353
 30
0.0
 10
285.862272
 20
195.945411
 30
0.0
 10
285.629006
 20
195.857939
 30
0.0
 10
285.359290
 20
195.857939
 30
0.0
  0
SPLINE
  5
3fe
100
AcDbEntity
  8
0
 62
7
100
AcDbSpline
 70
8
 71
3
 72
8
 73
4
 74
0
 40
0
 40
0
 40
0
 40
0
 40
1
 40
1
 40
1
 40
1
 10
285.359290
 20
195.857939
 30
0.0
 10
285.089574
 20
195.857939
 30
0.0
 10
284.856308
 20
195.945411
 30
0.0
 10
284.659493
 20
196.120353
 30
0.0
  0
SPLINE
  5
3ff
100
AcDbEntity
  8
0
 62
7
100
AcDbSpline
 70
8
 71
3
 72
8
 73
4
 74
0
 40
0
 40
0
 40
0
 40
0
 40
1
 40
1
 40
1
 40
1
 10
284.659493
 20
196.120353
 30
0.0
 10
284.469963
 20
196.302580
 30
0.0
 10
284.375199
 20
196.575922
 30
0.0
 10
284.375199
 20
196.940376
 30
0.0
  0
LWPOLYLINE
  5
400
100
AcDbEntity
  8
0
 62
7
100
AcDbPolyline
 90
1
 70
1
 10
280.209228
 20
196.940376
 30
0.0
  0
LWPOLYLINE
  5
401
100
AcDbEntity
  8
0
 62
7
100
AcDbPolyline
 90
1
 70
1
 10
284.375199
 20
196.940376
 30
0.0
  0
SPLINE
  5
402
100
AcDbEntity
  8
0
 62
7
100
AcDbSpline
 70
8
 71
3
 72
8
 73
4
 74
0
 40
0
 40
0
 40
0
 40
0
 40
1
 40
1
 40
1
 40
1
 10
311.938247
 20
191.429767
 30
0.0
 10
312.054875
 20
189.855320
 30
0.0
 10
312.113189
 20
188.412070
 30
0.0
 10
312.113189
 20
187.100019
 30
0.0
  0
LWPOLYLINE
  5
403
100
AcDbEntity
  8
0
 62
7
100
AcDbPolyline
 90
4
 70
0
 10
322.883530
 20
178.014095
 30
0.0
 10
320.762260
 20
178.014095
 30
0.0
 10
312.025718
 20
191.429767
 30
0.0
 10
311.938247
 20
191.429767
 30
0.0
  0
SPLINE
  5
404
100
AcDbEntity
  8
0
 62
7
100
AcDbSpline
 70
8
 71
3
 72
8
 73
4
 74
0
 40
0
 40
0
 40
0
 40
0
 40
1
 40
1
 40
1
 40
1
 10
321.298041
 20
180.638180
 30
0.0
 10
321.283401
 20
180.834995
 30
0.0
 10
321.250601
 20
181.465506
 30
0.0
 10
321.199642
 20
182.529713
 30
0.0
  0
SPLINE
  5
405
100
AcDbEntity
  8
0
 62
7
100
AcDbSpline
 70
8
 71
3
 72
8
 73
4
 74
0
 40
0
 40
0
 40
0
 40
0
 40
1
 40
1
 40
1
 40
1
 10
321.199642
 20
182.529713
 30
0.0
 10
321.148613
 20
183.601222
 30
0.0
 10
321.130383
 20
184.366582
 30
0.0
 10
321.144953
 20
184.825793
 30
0.0
  0
LWPOLYLINE
  5
406
100
AcDbEntity
  8
0
 62
7
100
AcDbPolyline
 90
7
 70
0
 10
312.113189
 20
187.100019
 30
0.0
 10
312.113189
 20
178.014095
 30
0.0
 10
310.396493
 20
178.014095
 30
0.0
 10
310.396493
 20
193.999189
 30
0.0
 10
312.495882
 20
193.999189
 30
0.0
 10
321.210570
 20
180.638180
 30
0.0
 10
321.298041
 20
180.638180
 30
0.0
  0
LWPOLYLINE
  5
407
100
AcDbEntity
  8
0
 62
7
100
AcDbPolyline
 90
4
 70
0
 10
321.144953
 20
184.825793
 30
0.0
 10
321.144953
 20
193.999189
 30
0.0
 10
322.883530
 20
193.999189
 30
0.0
 10
322.883530
 20
178.014095
 30
0.0
  0
LWPOLYLINE
  5
408
100
AcDbEntity
  8
0
 62
7
100
AcDbPolyline
 90
4
 70
1
 10
349.036031
 20
178.014095
 30
0.0
 10
349.036031
 20
193.999189
 30
0.0
 10
350.894862
 20
193.999189
 30
0.0
 10
350.894862
 20
178.014095
 30
0.0
  0
SPLINE
  5
409
100
AcDbEntity
  8
0
 62
7
100
AcDbSpline
 70
8
 71
3
 72
8
 73
4
 74
0
 40
0
 40
0
 40
0
 40
0
 40
1
 40
1
 40
1
 40
1
 10
85.379115
 20
160.568687
 30
0.0
 10
83.622332
 20
160.568688
 30
0.0
 10
82.233669
 20
159.981912
 30
0.0
 10
81.213129
 20
158.808362
 30
0.0
  0
SPLINE
  5
40a
100
AcDbEntity
  8
0
 62
7
100
AcDbSpline
 70
8
 71
3
 72
8
 73
4
 74
0
 40
0
 40
0
 40
0
 40
0
 40
1
 40
1
 40
1
 40
1
 10
81.213129
 20
158.808362
 30
0.0
 10
80.199881
 20
157.642096
 30
0.0
 10
79.693257
 20
156.042125
 30
0.0
 10
79.693257
 20
154.008450
 30
0.0
  0
SPLINE
  5
40b
100
AcDbEntity
  8
0
 62
7
100
AcDbSpline
 70
8
 71
3
 72
8
 73
4
 74
0
 40
0
 40
0
 40
0
 40
0
 40
1
 40
1
 40
1
 40
1
 10
79.693257
 20
154.008450
 30
0.0
 10
79.693257
 20
151.916477
 30
0.0
 10
80.181658
 20
150.298286
 30
0.0
 10
81.158461
 20
149.153875
 30
0.0
  0
SPLINE
  5
40c
100
AcDbEntity
  8
0
 62
7
100
AcDbSpline
 70
8
 71
3
 72
8
 73
4
 74
0
 40
0
 40
0
 40
0
 40
0
 40
1
 40
1
 40
1
 40
1
 10
81.158461
 20
149.153875
 30
0.0
 10
82.142552
 20
148.016784
 30
0.0
 10
83.542149
 20
147.448238
 30
0.0
 10
85.357250
 20
147.448238
 30
0.0
  0
SPLINE
  5
40d
100
AcDbEntity
  8
0
 62
7
100
AcDbSpline
 70
8
 71
3
 72
8
 73
4
 74
0
 40
0
 40
0
 40
0
 40
0
 40
1
 40
1
 40
1
 40
1
 10
85.357250
 20
147.448238
 30
0.0
 10
86.472554
 20
147.448238
 30
0.0
 10
87.744582
 20
147.648686
 30
0.0
 10
89.173336
 20
148.049583
 30
0.0
  0
LWPOLYLINE
  5
40e
100
AcDbEntity
  8
0
 62
7
100
AcDbPolyline
 90
10
 70
1
 10
414.877859
 20
178.014095
 30
0.0
 10
413.019028
 20
178.014095
 30
0.0
 10
413.019028
 20
193.999189
 30
0.0
 10
421.930513
 20
193.999189
 30
0.0
 10
421.930513
 20
192.348215
 30
0.0
 10
414.877859
 20
192.348215
 30
0.0
 10
414.877859
 20
186.498674
 30
0.0
 10
421.504084
 20
186.498674
 30
0.0
 10
421.504084
 20
184.847674
 30
0.0
 10
414.877859
 20
184.847674
 30
0.0
  0
SPLINE
  5
40f
100
AcDbEntity
  8
0
 62
7
100
AcDbSpline
 70
8
 71
3
 72
8
 73
4
 74
0
 40
0
 40
0
 40
0
 40
0
 40
1
 40
1
 40
1
 40
1
 10
89.173336
 20
146.420464
 30
0.0
 10
88.065321
 20
146.004980
 30
0.0
 10
86.698527
 20
145.797238
 30
0.0
 10
85.072956
 20
145.797238
 30
0.0
  0
SPLINE
  5
410
100
AcDbEntity
  8
0
 62
7
100
AcDbSpline
 70
8
 71
3
 72
8
 73
4
 74
0
 40
0
 40
0
 40
0
 40
0
 40
1
 40
1
 40
1
 40
1
 10
85.072956
 20
145.797238
 30
0.0
 10
82.718425
 20
145.797238
 30
0.0
 10
80.899679
 20
146.511569
 30
0.0
 10
79.616718
 20
147.940231
 30
0.0
  0
SPLINE
  5
411
100
AcDbEntity
  8
0
 62
7
100
AcDbSpline
 70
8
 71
3
 72
8
 73
4
 74
0
 40
0
 40
0
 40
0
 40
0
 40
1
 40
1
 40
1
 40
1
 10
79.616718
 20
147.940231
 30
0.0
 10
78.341045
 20
149.368910
 30
0.0
 10
77.703209
 20
151.398944
 30
0.0
 10
77.703209
 20
154.030331
 30
0.0
  0
SPLINE
  5
412
100
AcDbEntity
  8
0
 62
7
100
AcDbSpline
 70
8
 71
3
 72
8
 73
4
 74
0
 40
0
 40
0
 40
0
 40
0
 40
1
 40
1
 40
1
 40
1
 10
77.703209
 20
154.030331
 30
0.0
 10
77.703209
 20
155.677679
 30
0.0
 10
78.009369
 20
157.120929
 30
0.0
 10
78.621689
 20
158.360078
 30
0.0
  0
SPLINE
  5
413
100
AcDbEntity
  8
0
 62
7
100
AcDbSpline
 70
8
 71
3
 72
8
 73
4
 74
0
 40
0
 40
0
 40
0
 40
0
 40
1
 40
1
 40
1
 40
1
 10
78.621689
 20
158.360078
 30
0.0
 10
79.241304
 20
159.599228
 30
0.0
 10
80.130632
 20
160.554109
 30
0.0
 10
81.289673
 20
161.224722
 30
0.0
  0
SPLINE
  5
414
100
AcDbEntity
  8
0
 62
7
100
AcDbSpline
 70
8
 71
3
 72
8
 73
4
 74
0
 40
0
 40
0
 40
0
 40
0
 40
1
 40
1
 40
1
 40
1
 10
81.289673
 20
161.224722
 30
0.0
 10
82.456002
 20
161.895317
 30
0.0
 10
83.826440
 20
162.230615
 30
0.0
 10
85.400986
 20
162.230615
 30
0.0
  0
SPLINE
  5
415
100
AcDbEntity
  8
0
 62
7
100
AcDbSpline
 70
8
 71
3
 72
8
 73
4
 74
0
 40
0
 40
0
 40
0
 40
0
 40
1
 40
1
 40
1
 40
1
 10
85.400986
 20
162.230615
 30
0.0
 10
87.077587
 20
162.230615
 30
0.0
 10
88.542790
 20
161.924474
 30
0.0
 10
89.796594
 20
161.312193
 30
0.0
  0
LWPOLYLINE
  5
416
100
AcDbEntity
  8
0
 62
7
100
AcDbPolyline
 90
2
 70
0
 10
89.173336
 20
148.049583
 30
0.0
 10
89.173336
 20
146.420464
 30
0.0
  0
SPLINE
  5
417
100
AcDbEntity
  8
0
 62
7
100
AcDbSpline
 70
8
 71
3
 72
8
 73
4
 74
0
 40
0
 40
0
 40
0
 40
0
 40
1
 40
1
 40
1
 40
1
 10
89.009321
 20
159.715856
 30
0.0
 10
87.799254
 20
160.284410
 30
0.0
 10
86.589186
 20
160.568688
 30
0.0
 10
85.379115
 20
160.568688
 30
0.0
  0
LWPOLYLINE
  5
418
100
AcDbEntity
  8
0
 62
7
100
AcDbPolyline
 90
2
 70
0
 10
89.796594
 20
161.312193
 30
0.0
 10
89.009321
 20
159.715856
 30
0.0
  0
LWPOLYLINE
  5
419
100
AcDbEntity
  8
0
 62
7
100
AcDbPolyline
 90
1
 70
1
 10
85.379115
 20
160.568688
 30
0.0
  0
LWPOLYLINE
  5
41a
100
AcDbEntity
  8
0
 62
7
100
AcDbPolyline
 90
10
 70
1
 10
155.475485
 20
146.015916
 30
0.0
 10
144.486466
 20
146.015916
 30
0.0
 10
144.486466
 20
147.470093
 30
0.0
 10
152.971516
 20
160.328155
 30
0.0
 10
144.748890
 20
160.328155
 30
0.0
 10
144.748890
 20
162.001009
 30
0.0
 10
155.234931
 20
162.001009
 30
0.0
 10
155.234931
 20
160.546833
 30
0.0
 10
146.749876
 20
147.699698
 30
0.0
 10
155.475485
 20
147.699698
 30
0.0
  0
SPLINE
  5
41b
100
AcDbEntity
  8
0
 62
7
100
AcDbSpline
 70
8
 71
3
 72
8
 73
4
 74
0
 40
0
 40
0
 40
0
 40
0
 40
1
 40
1
 40
1
 40
1
 10
211.919211
 20
159.431588
 30
0.0
 10
212.035847
 20
157.857123
 30
0.0
 10
212.094165
 20
156.413874
 30
0.0
 10
212.094165
 20
155.101840
 30
0.0
  0
LWPOLYLINE
  5
41c
100
AcDbEntity
  8
0
 62
7
100
AcDbPolyline
 90
4
 70
0
 10
222.864490
 20
146.015916
 30
0.0
 10
220.743230
 20
146.015916
 30
0.0
 10
212.006683
 20
159.431588
 30
0.0
 10
211.919211
 20
159.431588
 30
0.0
  0
SPLINE
  5
41d
100
AcDbEntity
  8
0
 62
7
100
AcDbSpline
 70
8
 71
3
 72
8
 73
4
 74
0
 40
0
 40
0
 40
0
 40
0
 40
1
 40
1
 40
1
 40
1
 10
221.279011
 20
148.640001
 30
0.0
 10
221.264441
 20
148.836816
 30
0.0
 10
221.231638
 20
149.467326
 30
0.0
 10
221.180602
 20
150.531534
 30
0.0
  0
SPLINE
  5
41e
100
AcDbEntity
  8
0
 62
7
100
AcDbSpline
 70
8
 71
3
 72
8
 73
4
 74
0
 40
0
 40
0
 40
0
 40
0
 40
1
 40
1
 40
1
 40
1
 10
221.180602
 20
150.531534
 30
0.0
 10
221.129576
 20
151.603043
 30
0.0
 10
221.111352
 20
152.368403
 30
0.0
 10
221.125928
 20
152.827614
 30
0.0
  0
LWPOLYLINE
  5
41f
100
AcDbEntity
  8
0
 62
7
100
AcDbPolyline
 90
7
 70
0
 10
212.094165
 20
155.101840
 30
0.0
 10
212.094165
 20
146.015916
 30
0.0
 10
210.377463
 20
146.015916
 30
0.0
 10
210.377463
 20
162.001009
 30
0.0
 10
212.476863
 20
162.001009
 30
0.0
 10
221.191534
 20
148.640001
 30
0.0
 10
221.279011
 20
148.640001
 30
0.0
  0
LWPOLYLINE
  5
420
100
AcDbEntity
  8
0
 62
7
100
AcDbPolyline
 90
4
 70
0
 10
221.125928
 20
152.827614
 30
0.0
 10
221.125928
 20
162.001009
 30
0.0
 10
222.864489
 20
162.001009
 30
0.0
 10
222.864490
 20
146.015916
 30
0.0
  0
LWPOLYLINE
  5
421
100
AcDbEntity
  8
0
 62
7
100
AcDbPolyline
 90
4
 70
1
 10
249.017033
 20
146.015916
 30
0.0
 10
249.017033
 20
162.001009
 30
0.0
 10
250.875869
 20
162.001009
 30
0.0
 10
250.875869
 20
146.015916
 30
0.0
  0
LWPOLYLINE
  5
422
100
AcDbEntity
  8
0
 62
7
100
AcDbPolyline
 90
12
 70
1
 10
321.485763
 20
146.015916
 30
0.0
 10
312.574279
 20
146.015916
 30
0.0
 10
312.574279
 20
162.001009
 30
0.0
 10
321.485763
 20
162.001009
 30
0.0
 10
321.485763
 20
160.350009
 30
0.0
 10
314.433109
 20
160.350009
 30
0.0
 10
314.433109
 20
155.200239
 30
0.0
 10
321.059334
 20
155.200239
 30
0.0
 10
321.059334
 20
153.560166
 30
0.0
 10
314.433109
 20
153.560166
 30
0.0
 10
314.433109
 20
147.677844
 30
0.0
 10
321.485763
 20
147.677844
 30
0.0
  0
SPLINE
  5
423
100
AcDbEntity
  8
0
 62
7
100
AcDbSpline
 70
8
 71
3
 72
8
 73
4
 74
0
 40
0
 40
0
 40
0
 40
0
 40
1
 40
1
 40
1
 40
1
 10
356.041351
 20
151.657706
 30
0.0
 10
356.041351
 20
149.835415
 30
0.0
 10
355.490992
 20
148.403102
 30
0.0
 10
354.390272
 20
147.360767
 30
0.0
  0
SPLINE
  5
424
100
AcDbEntity
  8
0
 62
7
100
AcDbSpline
 70
8
 71
3
 72
8
 73
4
 74
0
 40
0
 40
0
 40
0
 40
0
 40
1
 40
1
 40
1
 40
1
 10
354.390272
 20
147.360767
 30
0.0
 10
353.289553
 20
146.318414
 30
0.0
 10
351.776974
 20
145.797238
 30
0.0
 10
349.852536
 20
145.797238
 30
0.0
  0
SPLINE
  5
425
100
AcDbEntity
  8
0
 62
7
100
AcDbSpline
 70
8
 71
3
 72
8
 73
4
 74
0
 40
0
 40
0
 40
0
 40
0
 40
1
 40
1
 40
1
 40
1
 10
349.852536
 20
145.797238
 30
0.0
 10
347.928080
 20
145.797238
 30
0.0
 10
346.437365
 20
146.322057
 30
0.0
 10
345.380389
 20
147.371694
 30
0.0
  0
SPLINE
  5
426
100
AcDbEntity
  8
0
 62
7
100
AcDbSpline
 70
8
 71
3
 72
8
 73
4
 74
0
 40
0
 40
0
 40
0
 40
0
 40
1
 40
1
 40
1
 40
1
 10
345.380389
 20
147.371694
 30
0.0
 10
344.330681
 20
148.421332
 30
0.0
 10
343.805828
 20
149.864581
 30
0.0
 10
343.805828
 20
151.701442
 30
0.0
  0
LWPOLYLINE
  5
427
100
AcDbEntity
  8
0
 62
7
100
AcDbPolyline
 90
2
 70
0
 10
356.041351
 20
162.001009
 30
0.0
 10
356.041351
 20
151.657706
 30
0.0
  0
SPLINE
  5
428
100
AcDbEntity
  8
0
 62
7
100
AcDbSpline
 70
8
 71
3
 72
8
 73
4
 74
0
 40
0
 40
0
 40
0
 40
0
 40
1
 40
1
 40
1
 40
1
 10
345.664684
 20
151.570235
 30
0.0
 10
345.664684
 20
150.236329
 30
0.0
 10
346.029157
 20
149.212206
 30
0.0
 10
346.758101
 20
148.497867
 30
0.0
  0
SPLINE
  5
429
100
AcDbEntity
  8
0
 62
7
100
AcDbSpline
 70
8
 71
3
 72
8
 73
4
 74
0
 40
0
 40
0
 40
0
 40
0
 40
1
 40
1
 40
1
 40
1
 10
346.758101
 20
148.497867
 30
0.0
 10
347.487064
 20
147.783527
 30
0.0
 10
348.558635
 20
147.426357
 30
0.0
 10
349.972815
 20
147.426357
 30
0.0
  0
SPLINE
  5
42a
100
AcDbEntity
  8
0
 62
7
100
AcDbSpline
 70
8
 71
3
 72
8
 73
4
 74
0
 40
0
 40
0
 40
0
 40
0
 40
1
 40
1
 40
1
 40
1
 10
349.972815
 20
147.426357
 30
0.0
 10
351.321379
 20
147.426357
 30
0.0
 10
352.360133
 20
147.783527
 30
0.0
 10
353.089078
 20
148.497867
 30
0.0
  0
SPLINE
  5
42b
100
AcDbEntity
  8
0
 62
7
100
AcDbSpline
 70
8
 71
3
 72
8
 73
4
 74
0
 40
0
 40
0
 40
0
 40
0
 40
1
 40
1
 40
1
 40
1
 10
353.089078
 20
148.497867
 30
0.0
 10
353.818040
 20
149.219491
 30
0.0
 10
354.182521
 20
150.250908
 30
0.0
 10
354.182521
 20
151.592116
 30
0.0
  0
LWPOLYLINE
  5
42c
100
AcDbEntity
  8
0
 62
7
100
AcDbPolyline
 90
4
 70
0
 10
343.805828
 20
151.701442
 30
0.0
 10
343.805828
 20
162.001009
 30
0.0
 10
345.664684
 20
162.001009
 30
0.0
 10
345.664684
 20
151.570235
 30
0.0
  0
LWPOLYLINE
  5
42d
100
AcDbEntity
  8
0
 62
7
100
AcDbPolyline
 90
3
 70
0
 10
354.182521
 20
151.592116
 30
0.0
 10
354.182521
 20
162.001009
 30
0.0
 10
356.041351
 20
162.001009
 30
0.0
  0
LWPOLYLINE
  5
42e
100
AcDbEntity
  8
0
 62
7
100
AcDbPolyline
 90
10
 70
1
 10
381.521414
 20
146.015916
 30
0.0
 10
379.662584
 20
146.015916
 30
0.0
 10
379.662584
 20
162.001009
 30
0.0
 10
388.574068
 20
162.001009
 30
0.0
 10
388.574068
 20
160.350009
 30
0.0
 10
381.521414
 20
160.350009
 30
0.0
 10
381.521414
 20
154.500469
 30
0.0
 10
388.147639
 20
154.500469
 30
0.0
 10
388.147639
 20
152.849495
 30
0.0
 10
381.521414
 20
152.849495
 30
0.0
  0
LWPOLYLINE
  5
42f
100
AcDbEntity
  8
0
 62
7
100
AcDbPolyline
 90
4
 70
1
 10
415.639594
 20
146.015916
 30
0.0
 10
415.639594
 20
162.001009
 30
0.0
 10
417.498424
 20
162.001009
 30
0.0
 10
417.498424
 20
146.015916
 30
0.0
  0
LWPOLYLINE
  5
430
100
AcDbEntity
  8
0
 62
7
100
AcDbPolyline
 90
12
 70
1
 10
123.592241
 20
114.017711
 30
0.0
 10
121.405370
 20
114.017711
 30
0.0
 10
115.577366
 20
121.769711
 30
0.0
 10
113.904411
 20
120.282726
 30
0.0
 10
113.904411
 20
114.017711
 30
0.0
 10
112.045570
 20
114.017711
 30
0.0
 10
112.045570
 20
130.002804
 30
0.0
 10
113.904411
 20
130.002804
 30
0.0
 10
113.904411
 20
122.075861
 30
0.0
 10
121.153878
 20
130.002804
 30
0.0
 10
123.351682
 20
130.002804
 30
0.0
 10
116.922285
 20
123.059899
 30
0.0
  0
SPLINE
  5
431
100
AcDbEntity
  8
0
 62
7
100
AcDbSpline
 70
8
 71
3
 72
8
 73
4
 74
0
 40
0
 40
0
 40
0
 40
0
 40
1
 40
1
 40
1
 40
1
 10
156.551408
 20
114.619056
 30
0.0
 10
155.705817
 20
114.349357
 30
0.0
 10
154.845648
 20
114.145257
 30
0.0
 10
153.970900
 20
114.006757
 30
0.0
  0
SPLINE
  5
432
100
AcDbEntity
  8
0
 62
7
100
AcDbSpline
 70
8
 71
3
 72
8
 73
4
 74
0
 40
0
 40
0
 40
0
 40
0
 40
1
 40
1
 40
1
 40
1
 10
153.970900
 20
114.006757
 30
0.0
 10
153.096152
 20
113.868274
 30
0.0
 10
152.082904
 20
113.799032
 30
0.0
 10
150.931155
 20
113.799032
 30
0.0
  0
SPLINE
  5
433
100
AcDbEntity
  8
0
 62
7
100
AcDbSpline
 70
8
 71
3
 72
8
 73
4
 74
0
 40
0
 40
0
 40
0
 40
0
 40
1
 40
1
 40
1
 40
1
 10
150.931155
 20
113.799032
 30
0.0
 10
148.511015
 20
113.799032
 30
0.0
 10
146.626663
 20
114.517015
 30
0.0
 10
145.278099
 20
115.952979
 30
0.0
  0
SPLINE
  5
434
100
AcDbEntity
  8
0
 62
7
100
AcDbSpline
 70
8
 71
3
 72
8
 73
4
 74
0
 40
0
 40
0
 40
0
 40
0
 40
1
 40
1
 40
1
 40
1
 10
145.278099
 20
115.952979
 30
0.0
 10
143.929529
 20
117.396228
 30
0.0
 10
143.255243
 20
119.415316
 30
0.0
 10
143.255243
 20
122.010244
 30
0.0
  0
SPLINE
  5
435
100
AcDbEntity
  8
0
 62
7
100
AcDbSpline
 70
8
 71
3
 72
8
 73
4
 74
0
 40
0
 40
0
 40
0
 40
0
 40
1
 40
1
 40
1
 40
1
 10
143.255243
 20
122.010244
 30
0.0
 10
143.255243
 20
123.672180
 30
0.0
 10
143.586918
 20
125.126365
 30
0.0
 10
144.250267
 20
126.372800
 30
0.0
  0
SPLINE
  5
436
100
AcDbEntity
  8
0
 62
7
100
AcDbSpline
 70
8
 71
3
 72
8
 73
4
 74
0
 40
0
 40
0
 40
0
 40
0
 40
1
 40
1
 40
1
 40
1
 10
144.250267
 20
126.372800
 30
0.0
 10
144.920905
 20
127.626537
 30
0.0
 10
145.883127
 20
128.581418
 30
0.0
 10
147.136935
 20
129.237444
 30
0.0
  0
SPLINE
  5
437
100
AcDbEntity
  8
0
 62
7
100
AcDbSpline
 70
8
 71
3
 72
8
 73
4
 74
0
 40
0
 40
0
 40
0
 40
0
 40
1
 40
1
 40
1
 40
1
 10
147.136935
 20
129.237444
 30
0.0
 10
148.390742
 20
129.900754
 30
0.0
 10
149.859589
 20
130.232409
 30
0.0
 10
151.543475
 20
130.232409
 30
0.0
  0
SPLINE
  5
438
100
AcDbEntity
  8
0
 62
7
100
AcDbSpline
 70
8
 71
3
 72
8
 73
4
 74
0
 40
0
 40
0
 40
0
 40
0
 40
1
 40
1
 40
1
 40
1
 10
151.543475
 20
130.232409
 30
0.0
 10
153.249233
 20
130.232409
 30
0.0
 10
154.838359
 20
129.918975
 30
0.0
 10
156.310854
 20
129.292106
 30
0.0
  0
LWPOLYLINE
  5
439
100
AcDbEntity
  8
0
 62
7
100
AcDbPolyline
 90
3
 70
0
 10
151.117035
 20
122.392937
 30
0.0
 10
156.551408
 20
122.392937
 30
0.0
 10
156.551408
 20
114.619056
 30
0.0
  0
SPLINE
  5
43a
100
AcDbEntity
  8
0
 62
7
100
AcDbSpline
 70
8
 71
3
 72
8
 73
4
 74
0
 40
0
 40
0
 40
0
 40
0
 40
1
 40
1
 40
1
 40
1
 10
155.589182
 20
127.652060
 30
0.0
 10
154.145848
 20
128.264341
 30
0.0
 10
152.757187
 20
128.570482
 30
0.0
 10
151.423201
 20
128.570482
 30
0.0
  0
SPLINE
  5
43b
100
AcDbEntity
  8
0
 62
7
100
AcDbSpline
 70
8
 71
3
 72
8
 73
4
 74
0
 40
0
 40
0
 40
0
 40
0
 40
1
 40
1
 40
1
 40
1
 10
151.423201
 20
128.570482
 30
0.0
 10
149.476887
 20
128.570482
 30
0.0
 10
147.957011
 20
127.991000
 30
0.0
 10
146.863573
 20
126.832037
 30
0.0
  0
SPLINE
  5
43c
100
AcDbEntity
  8
0
 62
7
100
AcDbSpline
 70
8
 71
3
 72
8
 73
4
 74
0
 40
0
 40
0
 40
0
 40
0
 40
1
 40
1
 40
1
 40
1
 10
146.863573
 20
126.832037
 30
0.0
 10
145.770138
 20
125.673056
 30
0.0
 10
145.223421
 20
124.065792
 30
0.0
 10
145.223421
 20
122.010244
 30
0.0
  0
SPLINE
  5
43d
100
AcDbEntity
  8
0
 62
7
100
AcDbSpline
 70
8
 71
3
 72
8
 73
4
 74
0
 40
0
 40
0
 40
0
 40
0
 40
1
 40
1
 40
1
 40
1
 10
145.223421
 20
122.010244
 30
0.0
 10
145.223421
 20
119.852655
 30
0.0
 10
145.748271
 20
118.216242
 30
0.0
 10
146.797972
 20
117.101006
 30
0.0
  0
SPLINE
  5
43e
100
AcDbEntity
  8
0
 62
7
100
AcDbSpline
 70
8
 71
3
 72
8
 73
4
 74
0
 40
0
 40
0
 40
0
 40
0
 40
1
 40
1
 40
1
 40
1
 10
146.797972
 20
117.101006
 30
0.0
 10
147.854958
 20
115.985770
 30
0.0
 10
149.403989
 20
115.428151
 30
0.0
 10
151.445066
 20
115.428151
 30
0.0
  0
SPLINE
  5
43f
100
AcDbEntity
  8
0
 62
7
100
AcDbSpline
 70
8
 71
3
 72
8
 73
4
 74
0
 40
0
 40
0
 40
0
 40
0
 40
1
 40
1
 40
1
 40
1
 10
151.445066
 20
115.428151
 30
0.0
 10
152.553081
 20
115.428151
 30
0.0
 10
153.635581
 20
115.555707
 30
0.0
 10
154.692567
 20
115.810818
 30
0.0
  0
LWPOLYLINE
  5
440
100
AcDbEntity
  8
0
 62
7
100
AcDbPolyline
 90
2
 70
0
 10
156.310854
 20
129.292106
 30
0.0
 10
155.589182
 20
127.652060
 30
0.0
  0
LWPOLYLINE
  5
441
100
AcDbEntity
  8
0
 62
7
100
AcDbPolyline
 90
4
 70
0
 10
154.692567
 20
115.810818
 30
0.0
 10
154.692567
 20
120.731010
 30
0.0
 10
151.117035
 20
120.731010
 30
0.0
 10
151.117035
 20
122.392937
 30
0.0
  0
LWPOLYLINE
  5
442
100
AcDbEntity
  8
0
 62
7
100
AcDbPolyline
 90
10
 70
1
 10
188.854514
 20
114.017711
 30
0.0
 10
177.865495
 20
114.017711
 30
0.0
 10
177.865495
 20
115.471887
 30
0.0
 10
186.350550
 20
128.329949
 30
0.0
 10
178.127925
 20
128.329949
 30
0.0
 10
178.127925
 20
130.002804
 30
0.0
 10
188.613960
 20
130.002804
 30
0.0
 10
188.613960
 20
128.548627
 30
0.0
 10
180.128910
 20
115.701493
 30
0.0
 10
188.854514
 20
115.701493
 30
0.0
  0
SPLINE
  5
443
100
AcDbEntity
  8
0
 62
7
100
AcDbSpline
 70
8
 71
3
 72
8
 73
4
 74
0
 40
0
 40
0
 40
0
 40
0
 40
1
 40
1
 40
1
 40
1
 10
217.401680
 20
124.721826
 30
0.0
 10
217.248595
 20
125.195624
 30
0.0
 10
217.077290
 20
125.793336
 30
0.0
 10
216.887764
 20
126.514960
 30
0.0
  0
SPLINE
  5
444
100
AcDbEntity
  8
0
 62
7
100
AcDbSpline
 70
8
 71
3
 72
8
 73
4
 74
0
 40
0
 40
0
 40
0
 40
0
 40
1
 40
1
 40
1
 40
1
 10
216.887764
 20
126.514960
 30
0.0
 10
216.698234
 20
127.236585
 30
0.0
 10
216.599825
 20
127.670290
 30
0.0
 10
216.592536
 20
127.816075
 30
0.0
  0
SPLINE
  5
445
100
AcDbEntity
  8
0
 62
7
100
AcDbSpline
 70
8
 71
3
 72
8
 73
4
 74
0
 40
0
 40
0
 40
0
 40
0
 40
1
 40
1
 40
1
 40
1
 10
216.592536
 20
127.816075
 30
0.0
 10
216.432167
 20
126.853892
 30
0.0
 10
216.177033
 20
125.800603
 30
0.0
 10
215.827134
 20
124.656210
 30
0.0
  0
LWPOLYLINE
  5
446
100
AcDbEntity
  8
0
 62
7
100
AcDbPolyline
 90
3
 70
0
 10
222.464281
 20
114.017711
 30
0.0
 10
220.627310
 20
114.017711
 30
0.0
 10
217.401680
 20
124.721826
 30
0.0
  0
SPLINE
  5
447
100
AcDbEntity
  8
0
 62
7
100
AcDbSpline
 70
8
 71
3
 72
8
 73
4
 74
0
 40
0
 40
0
 40
0
 40
0
 40
1
 40
1
 40
1
 40
1
 10
211.103496
 20
120.129665
 30
0.0
 10
211.453395
 20
118.744712
 30
0.0
 10
211.708529
 20
117.490975
 30
0.0
 10
211.868898
 20
116.368454
 30
0.0
  0
SPLINE
  5
448
100
AcDbEntity
  8
0
 62
7
100
AcDbSpline
 70
8
 71
3
 72
8
 73
4
 74
0
 40
0
 40
0
 40
0
 40
0
 40
1
 40
1
 40
1
 40
1
 10
211.868898
 20
116.368454
 30
0.0
 10
212.065720
 20
117.702360
 30
0.0
 10
212.357303
 20
119.007117
 30
0.0
 10
212.743648
 20
120.282726
 30
0.0
  0
LWPOLYLINE
  5
449
100
AcDbEntity
  8
0
 62
7
100
AcDbPolyline
 90
6
 70
0
 10
215.827134
 20
124.656210
 30
0.0
 10
212.699907
 20
114.017711
 30
0.0
 10
210.862942
 20
114.017711
 30
0.0
 10
206.609479
 20
130.002804
 30
0.0
 10
208.577662
 20
130.002804
 30
0.0
 10
211.103496
 20
120.129665
 30
0.0
  0
SPLINE
  5
44a
100
AcDbEntity
  8
0
 62
7
100
AcDbSpline
 70
8
 71
3
 72
8
 73
4
 74
0
 40
0
 40
0
 40
0
 40
0
 40
1
 40
1
 40
1
 40
1
 10
220.583575
 20
120.195255
 30
0.0
 10
220.933474
 20
119.065431
 30
0.0
 10
221.228700
 20
117.789831
 30
0.0
 10
221.469252
 20
116.368454
 30
0.0
  0
SPLINE
  5
44b
100
AcDbEntity
  8
0
 62
7
100
AcDbSpline
 70
8
 71
3
 72
8
 73
4
 74
0
 40
0
 40
0
 40
0
 40
0
 40
1
 40
1
 40
1
 40
1
 10
221.469252
 20
116.368454
 30
0.0
 10
221.607756
 20
117.403504
 30
0.0
 10
221.870182
 20
118.664526
 30
0.0
 10
222.256530
 20
120.151520
 30
0.0
  0
LWPOLYLINE
  5
44c
100
AcDbEntity
  8
0
 62
7
100
AcDbPolyline
 90
4
 70
0
 10
212.743648
 20
120.282726
 30
0.0
 10
215.608445
 20
130.002804
 30
0.0
 10
217.576628
 20
130.002804
 30
0.0
 10
220.583575
 20
120.195255
 30
0.0
  0
SPLINE
  5
44d
100
AcDbEntity
  8
0
 62
7
100
AcDbSpline
 70
8
 71
3
 72
8
 73
4
 74
0
 40
0
 40
0
 40
0
 40
0
 40
1
 40
1
 40
1
 40
1
 10
246.987600
 20
132.943965
 30
0.0
 10
246.987600
 20
133.323007
 30
0.0
 10
247.082365
 20
133.596357
 30
0.0
 10
247.271895
 20
133.764015
 30
0.0
  0
SPLINE
  5
44e
100
AcDbEntity
  8
0
 62
7
100
AcDbSpline
 70
8
 71
3
 72
8
 73
4
 74
0
 40
0
 40
0
 40
0
 40
0
 40
1
 40
1
 40
1
 40
1
 10
247.271895
 20
133.764015
 30
0.0
 10
247.468716
 20
133.931655
 30
0.0
 10
247.701984
 20
134.015475
 30
0.0
 10
247.971696
 20
134.015475
 30
0.0
  0
SPLINE
  5
44f
100
AcDbEntity
  8
0
 62
7
100
AcDbSpline
 70
8
 71
3
 72
8
 73
4
 74
0
 40
0
 40
0
 40
0
 40
0
 40
1
 40
1
 40
1
 40
1
 10
247.971696
 20
134.015475
 30
0.0
 10
248.248697
 20
134.015475
 30
0.0
 10
248.485609
 20
133.931655
 30
0.0
 10
248.682431
 20
133.764015
 30
0.0
  0
SPLINE
  5
450
100
AcDbEntity
  8
0
 62
7
100
AcDbSpline
 70
8
 71
3
 72
8
 73
4
 74
0
 40
0
 40
0
 40
0
 40
0
 40
1
 40
1
 40
1
 40
1
 10
248.682431
 20
133.764015
 30
0.0
 10
248.886534
 20
133.596357
 30
0.0
 10
248.988585
 20
133.323007
 30
0.0
 10
248.988585
 20
132.943965
 30
0.0
  0
SPLINE
  5
451
100
AcDbEntity
  8
0
 62
7
100
AcDbSpline
 70
8
 71
3
 72
8
 73
4
 74
0
 40
0
 40
0
 40
0
 40
0
 40
1
 40
1
 40
1
 40
1
 10
248.988585
 20
132.943965
 30
0.0
 10
248.988585
 20
132.579510
 30
0.0
 10
248.886534
 20
132.306169
 30
0.0
 10
248.682431
 20
132.123942
 30
0.0
  0
SPLINE
  5
452
100
AcDbEntity
  8
0
 62
7
100
AcDbSpline
 70
8
 71
3
 72
8
 73
4
 74
0
 40
0
 40
0
 40
0
 40
0
 40
1
 40
1
 40
1
 40
1
 10
248.682431
 20
132.123942
 30
0.0
 10
248.485609
 20
131.948999
 30
0.0
 10
248.248697
 20
131.861528
 30
0.0
 10
247.971696
 20
131.861528
 30
0.0
  0
SPLINE
  5
453
100
AcDbEntity
  8
0
 62
7
100
AcDbSpline
 70
8
 71
3
 72
8
 73
4
 74
0
 40
0
 40
0
 40
0
 40
0
 40
1
 40
1
 40
1
 40
1
 10
247.971696
 20
131.861528
 30
0.0
 10
247.701984
 20
131.861528
 30
0.0
 10
247.468716
 20
131.948999
 30
0.0
 10
247.271895
 20
132.123942
 30
0.0
  0
SPLINE
  5
454
100
AcDbEntity
  8
0
 62
7
100
AcDbSpline
 70
8
 71
3
 72
8
 73
4
 74
0
 40
0
 40
0
 40
0
 40
0
 40
1
 40
1
 40
1
 40
1
 10
247.271895
 20
132.123942
 30
0.0
 10
247.082365
 20
132.306169
 30
0.0
 10
246.987600
 20
132.579510
 30
0.0
 10
246.987600
 20
132.943965
 30
0.0
  0
LWPOLYLINE
  5
455
100
AcDbEntity
  8
0
 62
7
100
AcDbPolyline
 90
4
 70
0
 10
222.256530
 20
120.151520
 30
0.0
 10
224.771426
 20
130.002804
 30
0.0
 10
226.739609
 20
130.002804
 30
0.0
 10
222.464281
 20
114.017711
 30
0.0
  0
SPLINE
  5
456
100
AcDbEntity
  8
0
 62
7
100
AcDbSpline
 70
8
 71
3
 72
8
 73
4
 74
0
 40
0
 40
0
 40
0
 40
0
 40
1
 40
1
 40
1
 40
1
 10
251.153591
 20
132.943965
 30
0.0
 10
251.153591
 20
133.323007
 30
0.0
 10
251.248354
 20
133.596357
 30
0.0
 10
251.437881
 20
133.764015
 30
0.0
  0
SPLINE
  5
457
100
AcDbEntity
  8
0
 62
7
100
AcDbSpline
 70
8
 71
3
 72
8
 73
4
 74
0
 40
0
 40
0
 40
0
 40
0
 40
1
 40
1
 40
1
 40
1
 10
251.437881
 20
133.764015
 30
0.0
 10
251.634699
 20
133.931655
 30
0.0
 10
251.867966
 20
134.015475
 30
0.0
 10
252.137683
 20
134.015475
 30
0.0
  0
SPLINE
  5
458
100
AcDbEntity
  8
0
 62
7
100
AcDbSpline
 70
8
 71
3
 72
8
 73
4
 74
0
 40
0
 40
0
 40
0
 40
0
 40
1
 40
1
 40
1
 40
1
 10
252.137683
 20
134.015475
 30
0.0
 10
252.407395
 20
134.015475
 30
0.0
 10
252.640661
 20
133.931655
 30
0.0
 10
252.837479
 20
133.764015
 30
0.0
  0
SPLINE
  5
459
100
AcDbEntity
  8
0
 62
7
100
AcDbSpline
 70
8
 71
3
 72
8
 73
4
 74
0
 40
0
 40
0
 40
0
 40
0
 40
1
 40
1
 40
1
 40
1
 10
252.837479
 20
133.764015
 30
0.0
 10
253.041586
 20
133.596357
 30
0.0
 10
253.143639
 20
133.323007
 30
0.0
 10
253.143639
 20
132.943965
 30
0.0
  0
SPLINE
  5
45a
100
AcDbEntity
  8
0
 62
7
100
AcDbSpline
 70
8
 71
3
 72
8
 73
4
 74
0
 40
0
 40
0
 40
0
 40
0
 40
1
 40
1
 40
1
 40
1
 10
253.143639
 20
132.943965
 30
0.0
 10
253.143639
 20
132.579510
 30
0.0
 10
253.041586
 20
132.306169
 30
0.0
 10
252.837479
 20
132.123942
 30
0.0
  0
SPLINE
  5
45b
100
AcDbEntity
  8
0
 62
7
100
AcDbSpline
 70
8
 71
3
 72
8
 73
4
 74
0
 40
0
 40
0
 40
0
 40
0
 40
1
 40
1
 40
1
 40
1
 10
252.837479
 20
132.123942
 30
0.0
 10
252.640661
 20
131.948999
 30
0.0
 10
252.407395
 20
131.861528
 30
0.0
 10
252.137683
 20
131.861528
 30
0.0
  0
SPLINE
  5
45c
100
AcDbEntity
  8
0
 62
7
100
AcDbSpline
 70
8
 71
3
 72
8
 73
4
 74
0
 40
0
 40
0
 40
0
 40
0
 40
1
 40
1
 40
1
 40
1
 10
252.137683
 20
131.861528
 30
0.0
 10
251.867966
 20
131.861528
 30
0.0
 10
251.634699
 20
131.948999
 30
0.0
 10
251.437881
 20
132.123942
 30
0.0
  0
SPLINE
  5
45d
100
AcDbEntity
  8
0
 62
7
100
AcDbSpline
 70
8
 71
3
 72
8
 73
4
 74
0
 40
0
 40
0
 40
0
 40
0
 40
1
 40
1
 40
1
 40
1
 10
251.437881
 20
132.123942
 30
0.0
 10
251.248354
 20
132.306169
 30
0.0
 10
251.153591
 20
132.579510
 30
0.0
 10
251.153591
 20
132.943965
 30
0.0
  0
LWPOLYLINE
  5
45e
100
AcDbEntity
  8
0
 62
7
100
AcDbPolyline
 90
1
 70
1
 10
246.987600
 20
132.943965
 30
0.0
  0
SPLINE
  5
45f
100
AcDbEntity
  8
0
 62
7
100
AcDbSpline
 70
8
 71
3
 72
8
 73
4
 74
0
 40
0
 40
0
 40
0
 40
0
 40
1
 40
1
 40
1
 40
1
 10
248.934340
 20
113.921826
 30
0.0
 10
246.953987
 20
113.945109
 30
0.0
 10
245.819401
 20
114.639799
 30
0.0
 10
244.536436
 20
116.075772
 30
0.0
  0
SPLINE
  5
460
100
AcDbEntity
  8
0
 62
7
100
AcDbSpline
 70
8
 71
3
 72
8
 73
4
 74
0
 40
0
 40
0
 40
0
 40
0
 40
1
 40
1
 40
1
 40
1
 10
244.536436
 20
116.075772
 30
0.0
 10
243.260748
 20
117.519021
 30
0.0
 10
242.622917
 20
119.552688
 30
0.0
 10
242.622917
 20
122.176799
 30
0.0
  0
SPLINE
  5
461
100
AcDbEntity
  8
0
 62
7
100
AcDbSpline
 70
8
 71
3
 72
8
 73
4
 74
0
 40
0
 40
0
 40
0
 40
0
 40
1
 40
1
 40
1
 40
1
 10
242.622917
 20
122.176799
 30
0.0
 10
242.622917
 20
124.779003
 30
0.0
 10
243.264399
 20
126.794466
 30
0.0
 10
244.547364
 20
128.223137
 30
0.0
  0
SPLINE
  5
462
100
AcDbEntity
  8
0
 62
7
100
AcDbSpline
 70
8
 71
3
 72
8
 73
4
 74
0
 40
0
 40
0
 40
0
 40
0
 40
1
 40
1
 40
1
 40
1
 10
244.547364
 20
128.223137
 30
0.0
 10
245.830328
 20
129.659110
 30
0.0
 10
247.652725
 20
130.377083
 30
0.0
 10
250.014528
 20
130.377083
 30
0.0
  0
SPLINE
  5
463
100
AcDbEntity
  8
0
 62
7
100
AcDbSpline
 70
8
 71
3
 72
8
 73
4
 74
0
 40
0
 40
0
 40
0
 40
0
 40
1
 40
1
 40
1
 40
1
 10
250.014528
 20
130.377083
 30
0.0
 10
252.310741
 20
130.377083
 30
0.0
 10
254.103981
 20
129.648156
 30
0.0
 10
255.394222
 20
128.190329
 30
0.0
  0
SPLINE
  5
464
100
AcDbEntity
  8
0
 62
7
100
AcDbSpline
 70
8
 71
3
 72
8
 73
4
 74
0
 40
0
 40
0
 40
0
 40
0
 40
1
 40
1
 40
1
 40
1
 10
255.394222
 20
128.190329
 30
0.0
 10
256.684489
 20
126.732501
 30
0.0
 10
257.329623
 20
124.720689
 30
0.0
 10
257.329623
 20
122.154918
 30
0.0
  0
SPLINE
  5
465
100
AcDbEntity
  8
0
 62
7
100
AcDbSpline
 70
8
 71
3
 72
8
 73
4
 74
0
 40
0
 40
0
 40
0
 40
0
 40
1
 40
1
 40
1
 40
1
 10
257.329623
 20
122.154918
 30
0.0
 10
257.329623
 20
119.596424
 30
0.0
 10
256.680838
 20
117.584611
 30
0.0
 10
255.383295
 20
116.119508
 30
0.0
  0
SPLINE
  5
466
100
AcDbEntity
  8
0
 62
7
100
AcDbSpline
 70
8
 71
3
 72
8
 73
4
 74
0
 40
0
 40
0
 40
0
 40
0
 40
1
 40
1
 40
1
 40
1
 10
255.383295
 20
116.119508
 30
0.0
 10
254.093054
 20
114.654378
 30
0.0
 10
252.933544
 20
113.898436
 30
0.0
 10
251.051007
 20
113.921826
 30
0.0
  0
LWPOLYLINE
  5
467
100
AcDbEntity
  8
0
 62
7
100
AcDbPolyline
 90
1
 70
1
 10
251.153591
 20
132.943965
 30
0.0
  0
SPLINE
  5
468
100
AcDbEntity
  8
0
 62
7
100
AcDbSpline
 70
8
 71
3
 72
8
 73
4
 74
0
 40
0
 40
0
 40
0
 40
0
 40
1
 40
1
 40
1
 40
1
 10
251.051007
 20
115.550945
 30
0.0
 10
252.144160
 20
115.621112
 30
0.0
 10
253.101660
 20
116.108580
 30
0.0
 10
254.005556
 20
117.223799
 30
0.0
  0
SPLINE
  5
469
100
AcDbEntity
  8
0
 62
7
100
AcDbSpline
 70
8
 71
3
 72
8
 73
4
 74
0
 40
0
 40
0
 40
0
 40
0
 40
1
 40
1
 40
1
 40
1
 10
254.005556
 20
117.223799
 30
0.0
 10
254.909479
 20
118.339044
 30
0.0
 10
255.361440
 20
119.982742
 30
0.0
 10
255.361440
 20
122.154918
 30
0.0
  0
SPLINE
  5
46a
100
AcDbEntity
  8
0
 62
7
100
AcDbSpline
 70
8
 71
3
 72
8
 73
4
 74
0
 40
0
 40
0
 40
0
 40
0
 40
1
 40
1
 40
1
 40
1
 10
255.361440
 20
122.154918
 30
0.0
 10
255.361440
 20
124.305213
 30
0.0
 10
254.909479
 20
125.934332
 30
0.0
 10
254.005556
 20
127.042301
 30
0.0
  0
SPLINE
  5
46b
100
AcDbEntity
  8
0
 62
7
100
AcDbSpline
 70
8
 71
3
 72
8
 73
4
 74
0
 40
0
 40
0
 40
0
 40
0
 40
1
 40
1
 40
1
 40
1
 10
254.005556
 20
127.042301
 30
0.0
 10
253.108963
 20
128.157547
 30
0.0
 10
251.778611
 20
128.715156
 30
0.0
 10
250.014528
 20
128.715156
 30
0.0
  0
SPLINE
  5
46c
100
AcDbEntity
  8
0
 62
7
100
AcDbSpline
 70
8
 71
3
 72
8
 73
4
 74
0
 40
0
 40
0
 40
0
 40
0
 40
1
 40
1
 40
1
 40
1
 10
250.014528
 20
128.715156
 30
0.0
 10
248.243169
 20
128.715156
 30
0.0
 10
246.894615
 20
128.153895
 30
0.0
 10
245.968838
 20
127.031374
 30
0.0
  0
SPLINE
  5
46d
100
AcDbEntity
  8
0
 62
7
100
AcDbSpline
 70
8
 71
3
 72
8
 73
4
 74
0
 40
0
 40
0
 40
0
 40
0
 40
1
 40
1
 40
1
 40
1
 10
245.968838
 20
127.031374
 30
0.0
 10
245.050336
 20
125.916129
 30
0.0
 10
244.591099
 20
124.290635
 30
0.0
 10
244.591099
 20
122.154918
 30
0.0
  0
SPLINE
  5
46e
100
AcDbEntity
  8
0
 62
7
100
AcDbSpline
 70
8
 71
3
 72
8
 73
4
 74
0
 40
0
 40
0
 40
0
 40
0
 40
1
 40
1
 40
1
 40
1
 10
244.591099
 20
122.154918
 30
0.0
 10
244.591099
 20
119.990044
 30
0.0
 10
245.050336
 20
118.346347
 30
0.0
 10
245.968838
 20
117.223799
 30
0.0
  0
SPLINE
  5
46f
100
AcDbEntity
  8
0
 62
7
100
AcDbSpline
 70
8
 71
3
 72
8
 73
4
 74
0
 40
0
 40
0
 40
0
 40
0
 40
1
 40
1
 40
1
 40
1
 10
245.968838
 20
117.223799
 30
0.0
 10
246.894615
 20
116.108580
 30
0.0
 10
248.019464
 20
115.574334
 30
0.0
 10
248.934340
 20
115.550945
 30
0.0
  0
LWPOLYLINE
  5
470
100
AcDbEntity
  8
0
 62
7
100
AcDbPolyline
 90
2
 70
0
 10
251.051007
 20
113.921826
 30
0.0
 10
251.051007
 20
115.550945
 30
0.0
  0
SPLINE
  5
471
100
AcDbEntity
  8
0
 62
7
100
AcDbSpline
 70
8
 71
3
 72
8
 73
4
 74
0
 40
0
 40
0
 40
0
 40
0
 40
1
 40
1
 40
1
 40
1
 10
280.358162
 20
292.917293
 30
0.0
 10
280.358162
 20
293.296335
 30
0.0
 10
280.452927
 20
293.569684
 30
0.0
 10
280.642457
 20
293.737342
 30
0.0
  0
SPLINE
  5
472
100
AcDbEntity
  8
0
 62
7
100
AcDbSpline
 70
8
 71
3
 72
8
 73
4
 74
0
 40
0
 40
0
 40
0
 40
0
 40
1
 40
1
 40
1
 40
1
 10
280.642457
 20
293.737342
 30
0.0
 10
280.839289
 20
293.904982
 30
0.0
 10
281.072564
 20
293.988802
 30
0.0
 10
281.342280
 20
293.988802
 30
0.0
  0
SPLINE
  5
473
100
AcDbEntity
  8
0
 62
7
100
AcDbSpline
 70
8
 71
3
 72
8
 73
4
 74
0
 40
0
 40
0
 40
0
 40
0
 40
1
 40
1
 40
1
 40
1
 10
281.342280
 20
293.988802
 30
0.0
 10
281.619281
 20
293.988802
 30
0.0
 10
281.856189
 20
293.904982
 30
0.0
 10
282.053004
 20
293.737342
 30
0.0
  0
SPLINE
  5
474
100
AcDbEntity
  8
0
 62
7
100
AcDbSpline
 70
8
 71
3
 72
8
 73
4
 74
0
 40
0
 40
0
 40
0
 40
0
 40
1
 40
1
 40
1
 40
1
 10
282.053004
 20
293.737342
 30
0.0
 10
282.257103
 20
293.569684
 30
0.0
 10
282.359153
 20
293.296335
 30
0.0
 10
282.359153
 20
292.917293
 30
0.0
  0
SPLINE
  5
475
100
AcDbEntity
  8
0
 62
7
100
AcDbSpline
 70
8
 71
3
 72
8
 73
4
 74
0
 40
0
 40
0
 40
0
 40
0
 40
1
 40
1
 40
1
 40
1
 10
282.359153
 20
292.917293
 30
0.0
 10
282.359153
 20
292.552838
 30
0.0
 10
282.257103
 20
292.279497
 30
0.0
 10
282.053004
 20
292.097269
 30
0.0
  0
SPLINE
  5
476
100
AcDbEntity
  8
0
 62
7
100
AcDbSpline
 70
8
 71
3
 72
8
 73
4
 74
0
 40
0
 40
0
 40
0
 40
0
 40
1
 40
1
 40
1
 40
1
 10
282.053004
 20
292.097269
 30
0.0
 10
281.856189
 20
291.922327
 30
0.0
 10
281.619281
 20
291.834856
 30
0.0
 10
281.342280
 20
291.834856
 30
0.0
  0
SPLINE
  5
477
100
AcDbEntity
  8
0
 62
7
100
AcDbSpline
 70
8
 71
3
 72
8
 73
4
 74
0
 40
0
 40
0
 40
0
 40
0
 40
1
 40
1
 40
1
 40
1
 10
281.342280
 20
291.834856
 30
0.0
 10
281.072564
 20
291.834856
 30
0.0
 10
280.839289
 20
291.922327
 30
0.0
 10
280.642457
 20
292.097269
 30
0.0
  0
SPLINE
  5
478
100
AcDbEntity
  8
0
 62
7
100
AcDbSpline
 70
8
 71
3
 72
8
 73
4
 74
0
 40
0
 40
0
 40
0
 40
0
 40
1
 40
1
 40
1
 40
1
 10
280.642457
 20
292.097269
 30
0.0
 10
280.452927
 20
292.279497
 30
0.0
 10
280.358162
 20
292.552838
 30
0.0
 10
280.358162
 20
292.917293
 30
0.0
  0
LWPOLYLINE
  5
479
100
AcDbEntity
  8
0
 62
7
100
AcDbPolyline
 90
2
 70
0
 10
248.934340
 20
115.550945
 30
0.0
 10
248.934340
 20
113.921826
 30
0.0
  0
SPLINE
  5
47a
100
AcDbEntity
  8
0
 62
7
100
AcDbSpline
 70
8
 71
3
 72
8
 73
4
 74
0
 40
0
 40
0
 40
0
 40
0
 40
1
 40
1
 40
1
 40
1
 10
284.524159
 20
292.917293
 30
0.0
 10
284.524159
 20
293.296335
 30
0.0
 10
284.618924
 20
293.569684
 30
0.0
 10
284.808454
 20
293.737342
 30
0.0
  0
SPLINE
  5
47b
100
AcDbEntity
  8
0
 62
7
100
AcDbSpline
 70
8
 71
3
 72
8
 73
4
 74
0
 40
0
 40
0
 40
0
 40
0
 40
1
 40
1
 40
1
 40
1
 10
284.808454
 20
293.737342
 30
0.0
 10
285.005268
 20
293.904982
 30
0.0
 10
285.238534
 20
293.988802
 30
0.0
 10
285.508250
 20
293.988802
 30
0.0
  0
SPLINE
  5
47c
100
AcDbEntity
  8
0
 62
7
100
AcDbSpline
 70
8
 71
3
 72
8
 73
4
 74
0
 40
0
 40
0
 40
0
 40
0
 40
1
 40
1
 40
1
 40
1
 10
285.508250
 20
293.988802
 30
0.0
 10
285.777966
 20
293.988802
 30
0.0
 10
286.011232
 20
293.904982
 30
0.0
 10
286.208047
 20
293.737342
 30
0.0
  0
SPLINE
  5
47d
100
AcDbEntity
  8
0
 62
7
100
AcDbSpline
 70
8
 71
3
 72
8
 73
4
 74
0
 40
0
 40
0
 40
0
 40
0
 40
1
 40
1
 40
1
 40
1
 10
286.208047
 20
293.737342
 30
0.0
 10
286.412164
 20
293.569684
 30
0.0
 10
286.514223
 20
293.296335
 30
0.0
 10
286.514223
 20
292.917293
 30
0.0
  0
SPLINE
  5
47e
100
AcDbEntity
  8
0
 62
7
100
AcDbSpline
 70
8
 71
3
 72
8
 73
4
 74
0
 40
0
 40
0
 40
0
 40
0
 40
1
 40
1
 40
1
 40
1
 10
286.514223
 20
292.917293
 30
0.0
 10
286.514223
 20
292.552838
 30
0.0
 10
286.412164
 20
292.279497
 30
0.0
 10
286.208047
 20
292.097269
 30
0.0
  0
SPLINE
  5
47f
100
AcDbEntity
  8
0
 62
7
100
AcDbSpline
 70
8
 71
3
 72
8
 73
4
 74
0
 40
0
 40
0
 40
0
 40
0
 40
1
 40
1
 40
1
 40
1
 10
286.208047
 20
292.097269
 30
0.0
 10
286.011232
 20
291.922327
 30
0.0
 10
285.777966
 20
291.834856
 30
0.0
 10
285.508250
 20
291.834856
 30
0.0
  0
SPLINE
  5
480
100
AcDbEntity
  8
0
 62
7
100
AcDbSpline
 70
8
 71
3
 72
8
 73
4
 74
0
 40
0
 40
0
 40
0
 40
0
 40
1
 40
1
 40
1
 40
1
 10
285.508250
 20
291.834856
 30
0.0
 10
285.238534
 20
291.834856
 30
0.0
 10
285.005268
 20
291.922327
 30
0.0
 10
284.808454
 20
292.097269
 30
0.0
  0
SPLINE
  5
481
100
AcDbEntity
  8
0
 62
7
100
AcDbSpline
 70
8
 71
3
 72
8
 73
4
 74
0
 40
0
 40
0
 40
0
 40
0
 40
1
 40
1
 40
1
 40
1
 10
284.808454
 20
292.097269
 30
0.0
 10
284.618924
 20
292.279497
 30
0.0
 10
284.524159
 20
292.552838
 30
0.0
 10
284.524159
 20
292.917293
 30
0.0
  0
LWPOLYLINE
  5
482
100
AcDbEntity
  8
0
 62
7
100
AcDbPolyline
 90
1
 70
1
 10
280.358162
 20
292.917293
 30
0.0
  0
SPLINE
  5
483
100
AcDbEntity
  8
0
 62
7
100
AcDbSpline
 70
8
 71
3
 72
8
 73
4
 74
0
 40
0
 40
0
 40
0
 40
0
 40
1
 40
1
 40
1
 40
1
 10
282.304913
 20
273.895153
 30
0.0
 10
280.324560
 20
273.918436
 30
0.0
 10
279.189974
 20
274.613126
 30
0.0
 10
277.907009
 20
276.049100
 30
0.0
  0
SPLINE
  5
484
100
AcDbEntity
  8
0
 62
7
100
AcDbSpline
 70
8
 71
3
 72
8
 73
4
 74
0
 40
0
 40
0
 40
0
 40
0
 40
1
 40
1
 40
1
 40
1
 10
277.907009
 20
276.049100
 30
0.0
 10
276.631321
 20
277.492349
 30
0.0
 10
275.993490
 20
279.526016
 30
0.0
 10
275.993490
 20
282.150127
 30
0.0
  0
SPLINE
  5
485
100
AcDbEntity
  8
0
 62
7
100
AcDbSpline
 70
8
 71
3
 72
8
 73
4
 74
0
 40
0
 40
0
 40
0
 40
0
 40
1
 40
1
 40
1
 40
1
 10
275.993490
 20
282.150127
 30
0.0
 10
275.993490
 20
284.752330
 30
0.0
 10
276.634972
 20
286.767794
 30
0.0
 10
277.917936
 20
288.196464
 30
0.0
  0
SPLINE
  5
486
100
AcDbEntity
  8
0
 62
7
100
AcDbSpline
 70
8
 71
3
 72
8
 73
4
 74
0
 40
0
 40
0
 40
0
 40
0
 40
1
 40
1
 40
1
 40
1
 10
277.917936
 20
288.196464
 30
0.0
 10
279.200901
 20
289.632437
 30
0.0
 10
281.023298
 20
290.350411
 30
0.0
 10
283.385101
 20
290.350411
 30
0.0
  0
SPLINE
  5
487
100
AcDbEntity
  8
0
 62
7
100
AcDbSpline
 70
8
 71
3
 72
8
 73
4
 74
0
 40
0
 40
0
 40
0
 40
0
 40
1
 40
1
 40
1
 40
1
 10
283.385101
 20
290.350411
 30
0.0
 10
285.681314
 20
290.350411
 30
0.0
 10
287.474554
 20
289.621484
 30
0.0
 10
288.764795
 20
288.163656
 30
0.0
  0
SPLINE
  5
488
100
AcDbEntity
  8
0
 62
7
100
AcDbSpline
 70
8
 71
3
 72
8
 73
4
 74
0
 40
0
 40
0
 40
0
 40
0
 40
1
 40
1
 40
1
 40
1
 10
288.764795
 20
288.163656
 30
0.0
 10
290.055062
 20
286.705828
 30
0.0
 10
290.700195
 20
284.694016
 30
0.0
 10
290.700195
 20
282.128246
 30
0.0
  0
SPLINE
  5
489
100
AcDbEntity
  8
0
 62
7
100
AcDbSpline
 70
8
 71
3
 72
8
 73
4
 74
0
 40
0
 40
0
 40
0
 40
0
 40
1
 40
1
 40
1
 40
1
 10
290.700195
 20
282.128246
 30
0.0
 10
290.700195
 20
279.569751
 30
0.0
 10
290.051411
 20
277.557939
 30
0.0
 10
288.753868
 20
276.092835
 30
0.0
  0
SPLINE
  5
48a
100
AcDbEntity
  8
0
 62
7
100
AcDbSpline
 70
8
 71
3
 72
8
 73
4
 74
0
 40
0
 40
0
 40
0
 40
0
 40
1
 40
1
 40
1
 40
1
 10
288.753868
 20
276.092835
 30
0.0
 10
287.463627
 20
274.627705
 30
0.0
 10
286.304117
 20
273.871764
 30
0.0
 10
284.421580
 20
273.895153
 30
0.0
  0
LWPOLYLINE
  5
48b
100
AcDbEntity
  8
0
 62
7
100
AcDbPolyline
 90
1
 70
1
 10
284.524159
 20
292.917293
 30
0.0
  0
SPLINE
  5
48c
100
AcDbEntity
  8
0
 62
7
100
AcDbSpline
 70
8
 71
3
 72
8
 73
4
 74
0
 40
0
 40
0
 40
0
 40
0
 40
1
 40
1
 40
1
 40
1
 10
284.421580
 20
275.524272
 30
0.0
 10
285.514732
 20
275.594440
 30
0.0
 10
286.472233
 20
276.081908
 30
0.0
 10
287.376129
 20
277.197127
 30
0.0
  0
SPLINE
  5
48d
100
AcDbEntity
  8
0
 62
7
100
AcDbSpline
 70
8
 71
3
 72
8
 73
4
 74
0
 40
0
 40
0
 40
0
 40
0
 40
1
 40
1
 40
1
 40
1
 10
287.376129
 20
277.197127
 30
0.0
 10
288.280052
 20
278.312372
 30
0.0
 10
288.732013
 20
279.956069
 30
0.0
 10
288.732013
 20
282.128246
 30
0.0
  0
SPLINE
  5
48e
100
AcDbEntity
  8
0
 62
7
100
AcDbSpline
 70
8
 71
3
 72
8
 73
4
 74
0
 40
0
 40
0
 40
0
 40
0
 40
1
 40
1
 40
1
 40
1
 10
288.732013
 20
282.128246
 30
0.0
 10
288.732013
 20
284.278541
 30
0.0
 10
288.280052
 20
285.907660
 30
0.0
 10
287.376129
 20
287.015629
 30
0.0
  0
SPLINE
  5
48f
100
AcDbEntity
  8
0
 62
7
100
AcDbSpline
 70
8
 71
3
 72
8
 73
4
 74
0
 40
0
 40
0
 40
0
 40
0
 40
1
 40
1
 40
1
 40
1
 10
287.376129
 20
287.015629
 30
0.0
 10
286.479536
 20
288.130874
 30
0.0
 10
285.149184
 20
288.688484
 30
0.0
 10
283.385101
 20
288.688484
 30
0.0
  0
SPLINE
  5
490
100
AcDbEntity
  8
0
 62
7
100
AcDbSpline
 70
8
 71
3
 72
8
 73
4
 74
0
 40
0
 40
0
 40
0
 40
0
 40
1
 40
1
 40
1
 40
1
 10
283.385101
 20
288.688484
 30
0.0
 10
281.613742
 20
288.688484
 30
0.0
 10
280.265188
 20
288.127223
 30
0.0
 10
279.339410
 20
287.004702
 30
0.0
  0
SPLINE
  5
491
100
AcDbEntity
  8
0
 62
7
100
AcDbSpline
 70
8
 71
3
 72
8
 73
4
 74
0
 40
0
 40
0
 40
0
 40
0
 40
1
 40
1
 40
1
 40
1
 10
279.339410
 20
287.004702
 30
0.0
 10
278.420909
 20
285.889456
 30
0.0
 10
277.961672
 20
284.263962
 30
0.0
 10
277.961672
 20
282.128246
 30
0.0
  0
SPLINE
  5
492
100
AcDbEntity
  8
0
 62
7
100
AcDbSpline
 70
8
 71
3
 72
8
 73
4
 74
0
 40
0
 40
0
 40
0
 40
0
 40
1
 40
1
 40
1
 40
1
 10
277.961672
 20
282.128246
 30
0.0
 10
277.961672
 20
279.963372
 30
0.0
 10
278.420909
 20
278.319674
 30
0.0
 10
279.339410
 20
277.197127
 30
0.0
  0
SPLINE
  5
493
100
AcDbEntity
  8
0
 62
7
100
AcDbSpline
 70
8
 71
3
 72
8
 73
4
 74
0
 40
0
 40
0
 40
0
 40
0
 40
1
 40
1
 40
1
 40
1
 10
279.339410
 20
277.197127
 30
0.0
 10
280.265188
 20
276.081908
 30
0.0
 10
281.390037
 20
275.547661
 30
0.0
 10
282.304913
 20
275.524272
 30
0.0
  0
LWPOLYLINE
  5
494
100
AcDbEntity
  8
0
 62
7
100
AcDbPolyline
 90
2
 70
0
 10
284.421580
 20
273.895153
 30
0.0
 10
284.421580
 20
275.524272
 30
0.0
  0
LWPOLYLINE
  5
495
100
AcDbEntity
  8
0
 62
7
100
AcDbPolyline
 90
2
 70
0
 10
282.304913
 20
275.524272
 30
0.0
 10
282.304913
 20
273.895153
 30
0.0
  0
SPLINE
  5
496
100
AcDbEntity
  8
0
 62
7
100
AcDbSpline
 70
8
 71
3
 72
8
 73
4
 74
0
 40
0
 40
0
 40
0
 40
0
 40
1
 40
1
 40
1
 40
1
 10
289.437789
 20
119.659500
 30
0.0
 10
289.437789
 20
117.837209
 30
0.0
 10
288.887429
 20
116.404896
 30
0.0
 10
287.786710
 20
115.362561
 30
0.0
  0
SPLINE
  5
497
100
AcDbEntity
  8
0
 62
7
100
AcDbSpline
 70
8
 71
3
 72
8
 73
4
 74
0
 40
0
 40
0
 40
0
 40
0
 40
1
 40
1
 40
1
 40
1
 10
287.786710
 20
115.362561
 30
0.0
 10
286.685990
 20
114.320209
 30
0.0
 10
285.173411
 20
113.799033
 30
0.0
 10
283.248973
 20
113.799033
 30
0.0
  0
SPLINE
  5
498
100
AcDbEntity
  8
0
 62
7
100
AcDbSpline
 70
8
 71
3
 72
8
 73
4
 74
0
 40
0
 40
0
 40
0
 40
0
 40
1
 40
1
 40
1
 40
1
 10
283.248973
 20
113.799033
 30
0.0
 10
281.324517
 20
113.799033
 30
0.0
 10
279.833802
 20
114.323851
 30
0.0
 10
278.776827
 20
115.373489
 30
0.0
  0
SPLINE
  5
499
100
AcDbEntity
  8
0
 62
7
100
AcDbSpline
 70
8
 71
3
 72
8
 73
4
 74
0
 40
0
 40
0
 40
0
 40
0
 40
1
 40
1
 40
1
 40
1
 10
278.776827
 20
115.373489
 30
0.0
 10
277.727119
 20
116.423126
 30
0.0
 10
277.202265
 20
117.866375
 30
0.0
 10
277.202265
 20
119.703236
 30
0.0
  0
LWPOLYLINE
  5
49a
100
AcDbEntity
  8
0
 62
7
100
AcDbPolyline
 90
2
 70
0
 10
289.437789
 20
130.002804
 30
0.0
 10
289.437789
 20
119.659500
 30
0.0
  0
SPLINE
  5
49b
100
AcDbEntity
  8
0
 62
7
100
AcDbSpline
 70
8
 71
3
 72
8
 73
4
 74
0
 40
0
 40
0
 40
0
 40
0
 40
1
 40
1
 40
1
 40
1
 10
279.061122
 20
119.572029
 30
0.0
 10
279.061122
 20
118.238123
 30
0.0
 10
279.425594
 20
117.214001
 30
0.0
 10
280.154539
 20
116.499661
 30
0.0
  0
SPLINE
  5
49c
100
AcDbEntity
  8
0
 62
7
100
AcDbSpline
 70
8
 71
3
 72
8
 73
4
 74
0
 40
0
 40
0
 40
0
 40
0
 40
1
 40
1
 40
1
 40
1
 10
280.154539
 20
116.499661
 30
0.0
 10
280.883501
 20
115.785321
 30
0.0
 10
281.955072
 20
115.428151
 30
0.0
 10
283.369253
 20
115.428151
 30
0.0
  0
SPLINE
  5
49d
100
AcDbEntity
  8
0
 62
7
100
AcDbSpline
 70
8
 71
3
 72
8
 73
4
 74
0
 40
0
 40
0
 40
0
 40
0
 40
1
 40
1
 40
1
 40
1
 10
283.369253
 20
115.428151
 30
0.0
 10
284.717816
 20
115.428151
 30
0.0
 10
285.756570
 20
115.785321
 30
0.0
 10
286.485515
 20
116.499661
 30
0.0
  0
SPLINE
  5
49e
100
AcDbEntity
  8
0
 62
7
100
AcDbSpline
 70
8
 71
3
 72
8
 73
4
 74
0
 40
0
 40
0
 40
0
 40
0
 40
1
 40
1
 40
1
 40
1
 10
286.485515
 20
116.499661
 30
0.0
 10
287.214478
 20
117.221286
 30
0.0
 10
287.578959
 20
118.252702
 30
0.0
 10
287.578959
 20
119.593910
 30
0.0
  0
LWPOLYLINE
  5
49f
100
AcDbEntity
  8
0
 62
7
100
AcDbPolyline
 90
4
 70
0
 10
277.202265
 20
119.703236
 30
0.0
 10
277.202265
 20
130.002804
 30
0.0
 10
279.061122
 20
130.002804
 30
0.0
 10
279.061122
 20
119.572029
 30
0.0
  0
LWPOLYLINE
  5
4a0
100
AcDbEntity
  8
0
 62
7
100
AcDbPolyline
 90
3
 70
0
 10
287.578959
 20
119.593910
 30
0.0
 10
287.578959
 20
130.002804
 30
0.0
 10
289.437789
 20
130.002804
 30
0.0
  0
LWPOLYLINE
  5
4a1
100
AcDbEntity
  8
0
 62
7
100
AcDbPolyline
 90
10
 70
1
 10
314.917852
 20
114.017711
 30
0.0
 10
313.059022
 20
114.017711
 30
0.0
 10
313.059022
 20
130.002804
 30
0.0
 10
321.970506
 20
130.002804
 30
0.0
 10
321.970506
 20
128.351804
 30
0.0
 10
314.917852
 20
128.351804
 30
0.0
 10
314.917852
 20
122.502263
 30
0.0
 10
321.544077
 20
122.502263
 30
0.0
 10
321.544077
 20
120.851290
 30
0.0
 10
314.917852
 20
120.851290
 30
0.0
  0
LWPOLYLINE
  5
4a2
100
AcDbEntity
  8
0
 62
7
100
AcDbPolyline
 90
4
 70
1
 10
349.036031
 20
114.017711
 30
0.0
 10
349.036031
 20
130.002804
 30
0.0
 10
350.894862
 20
130.002804
 30
0.0
 10
350.894862
 20
114.017711
 30
0.0
  0
LWPOLYLINE
  5
4a3
100
AcDbEntity
  8
0
 62
7
100
AcDbPolyline
 90
12
 70
1
 10
422.974744
 20
114.017711
 30
0.0
 10
420.864427
 20
114.017711
 30
0.0
 10
416.567223
 20
121.048087
 30
0.0
 10
412.193475
 20
114.017711
 30
0.0
 10
410.225293
 20
114.017711
 30
0.0
 10
415.539396
 20
122.371056
 30
0.0
 10
410.586132
 20
130.002804
 30
0.0
 10
412.641785
 20
130.002804
 30
0.0
 10
416.610959
 20
123.672171
 30
0.0
 10
420.612914
 20
130.002804
 30
0.0
 10
422.592050
 20
130.002804
 30
0.0
 10
417.638786
 20
122.436673
 30
0.0
  0
LWPOLYLINE
  5
4a4
100
AcDbEntity
  8
0
 62
7
100
AcDbPolyline
 90
12
 70
1
 10
289.619902
 20
146.005730
 30
0.0
 10
287.509585
 20
146.005730
 30
0.0
 10
283.212381
 20
153.036132
 30
0.0
 10
278.838634
 20
146.005730
 30
0.0
 10
276.870451
 20
146.005730
 30
0.0
 10
282.184554
 20
154.359102
 30
0.0
 10
277.231290
 20
161.990849
 30
0.0
 10
279.286944
 20
161.990849
 30
0.0
 10
283.256117
 20
155.660217
 30
0.0
 10
287.258072
 20
161.990849
 30
0.0
 10
289.237208
 20
161.990849
 30
0.0
 10
284.283944
 20
154.424719
 30
0.0
  0
LWPOLYLINE
  5
4a5
100
AcDbEntity
  8
0
 62
7
100
AcDbPolyline
 90
6
 70
1
 10
79.786200
 20
82.019505
 30
0.0
 10
79.786200
 20
98.004598
 30
0.0
 10
81.645040
 20
98.004598
 30
0.0
 10
81.645040
 20
83.703287
 30
0.0
 10
88.697689
 20
83.703287
 30
0.0
 10
88.697689
 20
82.019505
 30
0.0
  0
LWPOLYLINE
  5
4a6
100
AcDbEntity
  8
0
 62
7
100
AcDbPolyline
 90
9
 70
1
 10
116.714535
 20
90.012038
 30
0.0
 10
120.978930
 20
98.004598
 30
0.0
 10
122.990848
 20
98.004598
 30
0.0
 10
117.654890
 20
88.218931
 30
0.0
 10
117.654890
 20
82.019505
 30
0.0
 10
115.774179
 20
82.019505
 30
0.0
 10
115.774179
 20
88.131459
 30
0.0
 10
110.449154
 20
98.004598
 30
0.0
 10
112.482942
 20
98.004598
 30
0.0
  0
SPLINE
  5
4a7
100
AcDbEntity
  8
0
 62
7
100
AcDbSpline
 70
8
 71
3
 72
8
 73
4
 74
0
 40
0
 40
0
 40
0
 40
0
 40
1
 40
1
 40
1
 40
1
 10
249.600910
 20
98.004598
 30
0.0
 10
253.595592
 20
98.004598
 30
0.0
 10
255.592935
 20
96.452023
 30
0.0
 10
255.592935
 20
93.346847
 30
0.0
  0
SPLINE
  5
4a8
100
AcDbEntity
  8
0
 62
7
100
AcDbSpline
 70
8
 71
3
 72
8
 73
4
 74
0
 40
0
 40
0
 40
0
 40
0
 40
1
 40
1
 40
1
 40
1
 10
255.592935
 20
93.346847
 30
0.0
 10
255.592935
 20
91.728655
 30
0.0
 10
255.038929
 20
90.482203
 30
0.0
 10
253.930917
 20
89.607490
 30
0.0
  0
SPLINE
  5
4a9
100
AcDbEntity
  8
0
 62
7
100
AcDbSpline
 70
8
 71
3
 72
8
 73
4
 74
0
 40
0
 40
0
 40
0
 40
0
 40
1
 40
1
 40
1
 40
1
 10
253.930917
 20
89.607490
 30
0.0
 10
252.830190
 20
88.740107
 30
0.0
 10
251.251998
 20
88.306402
 30
0.0
 10
249.196341
 20
88.306402
 30
0.0
  0
LWPOLYLINE
  5
4aa
100
AcDbEntity
  8
0
 62
7
100
AcDbPolyline
 90
4
 70
0
 10
247.315635
 20
82.019505
 30
0.0
 10
245.456795
 20
82.019505
 30
0.0
 10
245.456795
 20
98.004598
 30
0.0
 10
249.600910
 20
98.004598
 30
0.0
  0
SPLINE
  5
4ab
100
AcDbEntity
  8
0
 62
7
100
AcDbSpline
 70
8
 71
3
 72
8
 73
4
 74
0
 40
0
 40
0
 40
0
 40
0
 40
1
 40
1
 40
1
 40
1
 10
248.988585
 20
89.902712
 30
0.0
 10
250.636029
 20
89.902712
 30
0.0
 10
251.827874
 20
90.168777
 30
0.0
 10
252.564117
 20
90.700881
 30
0.0
  0
SPLINE
  5
4ac
100
AcDbEntity
  8
0
 62
7
100
AcDbSpline
 70
8
 71
3
 72
8
 73
4
 74
0
 40
0
 40
0
 40
0
 40
0
 40
1
 40
1
 40
1
 40
1
 10
252.564117
 20
90.700881
 30
0.0
 10
253.300365
 20
91.232985
 30
0.0
 10
253.668488
 20
92.085816
 30
0.0
 10
253.668488
 20
93.259375
 30
0.0
  0
SPLINE
  5
4ad
100
AcDbEntity
  8
0
 62
7
100
AcDbSpline
 70
8
 71
3
 72
8
 73
4
 74
0
 40
0
 40
0
 40
0
 40
0
 40
1
 40
1
 40
1
 40
1
 10
253.668488
 20
93.259375
 30
0.0
 10
253.668488
 20
94.316306
 30
0.0
 10
253.322235
 20
95.103521
 30
0.0
 10
252.629728
 20
95.621046
 30
0.0
  0
SPLINE
  5
4ae
100
AcDbEntity
  8
0
 62
7
100
AcDbSpline
 70
8
 71
3
 72
8
 73
4
 74
0
 40
0
 40
0
 40
0
 40
0
 40
1
 40
1
 40
1
 40
1
 10
252.629728
 20
95.621046
 30
0.0
 10
251.937218
 20
96.138571
 30
0.0
 10
250.858361
 20
96.397334
 30
0.0
 10
249.393160
 20
96.397334
 30
0.0
  0
LWPOLYLINE
  5
4af
100
AcDbEntity
  8
0
 62
7
100
AcDbPolyline
 90
4
 70
0
 10
249.196341
 20
88.306402
 30
0.0
 10
248.903135
 20
88.306402
 30
0.0
 10
248.903135
 20
89.902712
 30
0.0
 10
248.988585
 20
89.902712
 30
0.0
  0
LWPOLYLINE
  5
4b0
100
AcDbEntity
  8
0
 62
7
100
AcDbPolyline
 90
3
 70
0
 10
249.393160
 20
96.397334
 30
0.0
 10
247.315635
 20
96.397334
 30
0.0
 10
247.315635
 20
82.019505
 30
0.0
  0
SPLINE
  5
4b1
100
AcDbEntity
  8
0
 62
7
100
AcDbSpline
 70
8
 71
3
 72
8
 73
4
 74
0
 40
0
 40
0
 40
0
 40
0
 40
1
 40
1
 40
1
 40
1
 10
343.612602
 20
96.189609
 30
0.0
 10
343.714643
 20
95.067070
 30
0.0
 10
343.765664
 20
93.733156
 30
0.0
 10
343.765664
 20
92.187866
 30
0.0
  0
LWPOLYLINE
  5
4b2
100
AcDbEntity
  8
0
 62
7
100
AcDbPolyline
 90
3
 70
0
 10
349.123503
 20
82.019505
 30
0.0
 10
343.700074
 20
96.189609
 30
0.0
 10
343.612602
 20
96.189609
 30
0.0
  0
SPLINE
  5
4b3
100
AcDbEntity
  8
0
 62
7
100
AcDbSpline
 70
8
 71
3
 72
8
 73
4
 74
0
 40
0
 40
0
 40
0
 40
0
 40
1
 40
1
 40
1
 40
1
 10
356.023069
 20
92.319073
 30
0.0
 10
356.023069
 20
93.499908
 30
0.0
 10
356.074098
 20
94.782793
 30
0.0
 10
356.176157
 20
96.167728
 30
0.0
  0
LWPOLYLINE
  5
4b4
100
AcDbEntity
  8
0
 62
7
100
AcDbPolyline
 90
12
 70
0
 10
343.765664
 20
92.187866
 30
0.0
 10
343.765664
 20
82.019505
 30
0.0
 10
342.048994
 20
82.019505
 30
0.0
 10
342.048994
 20
98.004598
 30
0.0
 10
344.848180
 20
98.004598
 30
0.0
 10
349.910770
 20
84.818532
 30
0.0
 10
349.998242
 20
84.818532
 30
0.0
 10
355.104594
 20
98.004598
 30
0.0
 10
357.881925
 20
98.004598
 30
0.0
 10
357.881925
 20
82.019505
 30
0.0
 10
356.023069
 20
82.019505
 30
0.0
 10
356.023069
 20
92.319073
 30
0.0
  0
LWPOLYLINE
  5
4b5
100
AcDbEntity
  8
0
 62
7
100
AcDbPolyline
 90
4
 70
0
 10
356.176157
 20
96.167728
 30
0.0
 10
356.088685
 20
96.167728
 30
0.0
 10
350.621521
 20
82.019505
 30
0.0
 10
349.123503
 20
82.019505
 30
0.0
  0
SPLINE
  5
4b6
100
AcDbEntity
  8
0
 62
7
100
AcDbSpline
 70
8
 71
3
 72
8
 73
4
 74
0
 40
0
 40
0
 40
0
 40
0
 40
1
 40
1
 40
1
 40
1
 10
110.436935
 20
224.263765
 30
0.0
 10
110.538990
 20
223.141244
 30
0.0
 10
110.590018
 20
221.807329
 30
0.0
 10
110.590018
 20
220.262021
 30
0.0
  0
LWPOLYLINE
  5
4b7
100
AcDbEntity
  8
0
 62
7
100
AcDbPolyline
 90
3
 70
0
 10
115.947846
 20
210.093660
 30
0.0
 10
110.524406
 20
224.263765
 30
0.0
 10
110.436935
 20
224.263765
 30
0.0
  0
SPLINE
  5
4b8
100
AcDbEntity
  8
0
 62
7
100
AcDbSpline
 70
8
 71
3
 72
8
 73
4
 74
0
 40
0
 40
0
 40
0
 40
0
 40
1
 40
1
 40
1
 40
1
 10
122.847428
 20
220.393228
 30
0.0
 10
122.847428
 20
221.574081
 30
0.0
 10
122.898452
 20
222.856975
 30
0.0
 10
123.000500
 20
224.241910
 30
0.0
  0
LWPOLYLINE
  5
4b9
100
AcDbEntity
  8
0
 62
7
100
AcDbPolyline
 90
12
 70
0
 10
110.590018
 20
220.262021
 30
0.0
 10
110.590018
 20
210.093660
 30
0.0
 10
108.873327
 20
210.093660
 30
0.0
 10
108.873327
 20
226.078780
 30
0.0
 10
111.672518
 20
226.078780
 30
0.0
 10
116.735119
 20
212.892687
 30
0.0
 10
116.822590
 20
212.892687
 30
0.0
 10
121.928938
 20
226.078780
 30
0.0
 10
124.706264
 20
226.078780
 30
0.0
 10
124.706264
 20
210.093660
 30
0.0
 10
122.847428
 20
210.093660
 30
0.0
 10
122.847428
 20
220.393228
 30
0.0
  0
LWPOLYLINE
  5
4ba
100
AcDbEntity
  8
0
 62
7
100
AcDbPolyline
 90
4
 70
0
 10
123.000500
 20
224.241910
 30
0.0
 10
122.913029
 20
224.241910
 30
0.0
 10
117.445853
 20
210.093660
 30
0.0
 10
115.947846
 20
210.093660
 30
0.0
  0
LWPOLYLINE
  5
4bb
100
AcDbEntity
  8
0
 62
7
100
AcDbPolyline
 90
12
 70
1
 10
390.152255
 20
82.019505
 30
0.0
 10
387.965394
 20
82.019505
 30
0.0
 10
382.137391
 20
89.771506
 30
0.0
 10
380.464430
 20
88.284521
 30
0.0
 10
380.464430
 20
82.019505
 30
0.0
 10
378.605574
 20
82.019505
 30
0.0
 10
378.605574
 20
98.004598
 30
0.0
 10
380.464430
 20
98.004598
 30
0.0
 10
380.464430
 20
90.077655
 30
0.0
 10
387.713908
 20
98.004598
 30
0.0
 10
389.911696
 20
98.004598
 30
0.0
 10
383.482294
 20
91.061693
 30
0.0
  0
SPLINE
  5
4bc
100
AcDbEntity
  8
0
 62
7
100
AcDbSpline
 70
8
 71
3
 72
8
 73
4
 74
0
 40
0
 40
0
 40
0
 40
0
 40
1
 40
1
 40
1
 40
1
 10
408.246130
 20
83.019577
 30
0.0
 10
408.314710
 20
85.851095
 30
0.0
 10
409.298352
 20
88.800326
 30
0.0
 10
410.967978
 20
91.180280
 30
0.0
  0
SPLINE
  5
4bd
100
AcDbEntity
  8
0
 62
7
100
AcDbSpline
 70
8
 71
3
 72
8
 73
4
 74
0
 40
0
 40
0
 40
0
 40
0
 40
1
 40
1
 40
1
 40
1
 10
410.967978
 20
91.180280
 30
0.0
 10
411.549956
 20
92.009854
 30
0.0
 10
411.872589
 20
92.388949
 30
0.0
 10
412.705338
 20
93.221699
 30
0.0
  0
SPLINE
  5
4be
100
AcDbEntity
  8
0
 62
7
100
AcDbSpline
 70
8
 71
3
 72
8
 73
4
 74
0
 40
0
 40
0
 40
0
 40
0
 40
1
 40
1
 40
1
 40
1
 10
412.705338
 20
93.221699
 30
0.0
 10
413.538088
 20
94.054448
 30
0.0
 10
413.917156
 20
94.377081
 30
0.0
 10
414.746757
 20
94.959059
 30
0.0
  0
SPLINE
  5
4bf
100
AcDbEntity
  8
0
 62
7
100
AcDbSpline
 70
8
 71
3
 72
8
 73
4
 74
0
 40
0
 40
0
 40
0
 40
0
 40
1
 40
1
 40
1
 40
1
 10
414.746757
 20
94.959059
 30
0.0
 10
417.126208
 20
96.628315
 30
0.0
 10
420.076947
 20
97.612353
 30
0.0
 10
422.908651
 20
97.680907
 30
0.0
  0
LWPOLYLINE
  5
4c0
100
AcDbEntity
  8
0
 62
7
100
AcDbPolyline
 90
3
 70
0
 10
409.495255
 20
82.481388
 30
0.0
 10
408.233166
 20
82.478742
 30
0.0
 10
408.246130
 20
83.019577
 30
0.0
  0
SPLINE
  5
4c1
100
AcDbEntity
  8
0
 62
7
100
AcDbSpline
 70
8
 71
3
 72
8
 73
4
 74
0
 40
0
 40
0
 40
0
 40
0
 40
1
 40
1
 40
1
 40
1
 10
422.991730
 20
95.156702
 30
0.0
 10
420.308061
 20
95.077830
 30
0.0
 10
417.649448
 20
94.085431
 30
0.0
 10
415.466424
 20
92.347648
 30
0.0
  0
SPLINE
  5
4c2
100
AcDbEntity
  8
0
 62
7
100
AcDbSpline
 70
8
 71
3
 72
8
 73
4
 74
0
 40
0
 40
0
 40
0
 40
0
 40
1
 40
1
 40
1
 40
1
 10
415.466424
 20
92.347648
 30
0.0
 10
415.041900
 20
92.009722
 30
0.0
 10
413.916945
 20
90.884766
 30
0.0
 10
413.579019
 20
90.460269
 30
0.0
  0
SPLINE
  5
4c3
100
AcDbEntity
  8
0
 62
7
100
AcDbSpline
 70
8
 71
3
 72
8
 73
4
 74
0
 40
0
 40
0
 40
0
 40
0
 40
1
 40
1
 40
1
 40
1
 10
413.579019
 20
90.460269
 30
0.0
 10
411.840839
 20
88.276716
 30
0.0
 10
410.848863
 20
85.619214
 30
0.0
 10
410.769964
 20
82.934805
 30
0.0
  0
LWPOLYLINE
  5
4c4
100
AcDbEntity
  8
0
 62
7
100
AcDbPolyline
 90
5
 70
0
 10
422.908651
 20
97.680907
 30
0.0
 10
423.450702
 20
97.694136
 30
0.0
 10
423.446469
 20
96.432047
 30
0.0
 10
423.442236
 20
95.169932
 30
0.0
 10
422.991730
 20
95.156702
 30
0.0
  0
LWPOLYLINE
  5
4c5
100
AcDbEntity
  8
0
 62
7
100
AcDbPolyline
 90
3
 70
0
 10
410.769964
 20
82.934805
 30
0.0
 10
410.756735
 20
82.484113
 30
0.0
 10
409.495255
 20
82.481388
 30
0.0
  0
SPLINE
  5
4c6
100
AcDbEntity
  8
0
 62
7
100
AcDbSpline
 70
8
 71
3
 72
8
 73
4
 74
0
 40
0
 40
0
 40
0
 40
0
 40
1
 40
1
 40
1
 40
1
 10
413.313139
 20
82.762852
 30
0.0
 10
413.341820
 20
83.964642
 30
0.0
 10
413.656489
 20
85.387519
 30
0.0
 10
414.137078
 20
86.488238
 30
0.0
  0
SPLINE
  5
4c7
100
AcDbEntity
  8
0
 62
7
100
AcDbSpline
 70
8
 71
3
 72
8
 73
4
 74
0
 40
0
 40
0
 40
0
 40
0
 40
1
 40
1
 40
1
 40
1
 10
414.137078
 20
86.488238
 30
0.0
 10
415.016897
 20
88.503305
 30
0.0
 10
416.527297
 20
90.194918
 30
0.0
 10
418.414253
 20
91.278599
 30
0.0
  0
SPLINE
  5
4c8
100
AcDbEntity
  8
0
 62
7
100
AcDbSpline
 70
8
 71
3
 72
8
 73
4
 74
0
 40
0
 40
0
 40
0
 40
0
 40
1
 40
1
 40
1
 40
1
 10
418.414253
 20
91.278599
 30
0.0
 10
419.799982
 20
92.074386
 30
0.0
 10
421.530701
 20
92.566458
 30
0.0
 10
423.090949
 20
92.608183
 30
0.0
  0
LWPOLYLINE
  5
4c9
100
AcDbEntity
  8
0
 62
7
100
AcDbPolyline
 90
3
 70
0
 10
414.569249
 20
82.476096
 30
0.0
 10
413.306525
 20
82.482976
 30
0.0
 10
413.313139
 20
82.762852
 30
0.0
  0
SPLINE
  5
4ca
100
AcDbEntity
  8
0
 62
7
100
AcDbSpline
 70
8
 71
3
 72
8
 73
4
 74
0
 40
0
 40
0
 40
0
 40
0
 40
1
 40
1
 40
1
 40
1
 10
423.211255
 20
90.087365
 30
0.0
 10
421.699981
 20
90.039581
 30
0.0
 10
420.190189
 20
89.513828
 30
0.0
 10
418.898017
 20
88.585379
 30
0.0
  0
SPLINE
  5
4cb
100
AcDbEntity
  8
0
 62
7
100
AcDbSpline
 70
8
 71
3
 72
8
 73
4
 74
0
 40
0
 40
0
 40
0
 40
0
 40
1
 40
1
 40
1
 40
1
 10
418.898017
 20
88.585379
 30
0.0
 10
418.577527
 20
88.355112
 30
0.0
 10
417.566845
 20
87.345118
 30
0.0
 10
417.341632
 20
87.030078
 30
0.0
  0
SPLINE
  5
4cc
100
AcDbEntity
  8
0
 62
7
100
AcDbSpline
 70
8
 71
3
 72
8
 73
4
 74
0
 40
0
 40
0
 40
0
 40
0
 40
1
 40
1
 40
1
 40
1
 10
417.341632
 20
87.030078
 30
0.0
 10
416.409690
 20
85.726265
 30
0.0
 10
415.888646
 20
84.229517
 30
0.0
 10
415.840042
 20
82.716444
 30
0.0
  0
LWPOLYLINE
  5
4cd
100
AcDbEntity
  8
0
 62
7
100
AcDbPolyline
 90
5
 70
0
 10
423.090949
 20
92.608183
 30
0.0
 10
423.442606
 20
92.617708
 30
0.0
 10
423.450544
 20
91.356386
 30
0.0
 10
423.458481
 20
90.095038
 30
0.0
 10
423.211255
 20
90.087365
 30
0.0
  0
SPLINE
  5
4ce
100
AcDbEntity
  8
0
 62
7
100
AcDbSpline
 70
8
 71
3
 72
8
 73
4
 74
0
 40
0
 40
0
 40
0
 40
0
 40
1
 40
1
 40
1
 40
1
 10
423.257186
 20
81.936611
 30
0.0
 10
422.627901
 20
81.529444
 30
0.0
 10
421.800602
 20
81.426124
 30
0.0
 10
421.103637
 20
81.667689
 30
0.0
  0
SPLINE
  5
4cf
100
AcDbEntity
  8
0
 62
7
100
AcDbSpline
 70
8
 71
3
 72
8
 73
4
 74
0
 40
0
 40
0
 40
0
 40
0
 40
1
 40
1
 40
1
 40
1
 10
421.103637
 20
81.667689
 30
0.0
 10
420.694088
 20
81.809664
 30
0.0
 10
420.446941
 20
81.964736
 30
0.0
 10
420.137907
 20
82.273770
 30
0.0
  0
SPLINE
  5
4d0
100
AcDbEntity
  8
0
 62
7
100
AcDbSpline
 70
8
 71
3
 72
8
 73
4
 74
0
 40
0
 40
0
 40
0
 40
0
 40
1
 40
1
 40
1
 40
1
 10
420.137907
 20
82.273770
 30
0.0
 10
419.825276
 20
82.586428
 30
0.0
 10
419.671474
 20
82.833152
 30
0.0
 10
419.531430
 20
83.246669
 30
0.0
  0
SPLINE
  5
4d1
100
AcDbEntity
  8
0
 62
7
100
AcDbSpline
 70
8
 71
3
 72
8
 73
4
 74
0
 40
0
 40
0
 40
0
 40
0
 40
1
 40
1
 40
1
 40
1
 10
419.531430
 20
83.246669
 30
0.0
 10
419.303147
 20
83.920616
 30
0.0
 10
419.375907
 20
84.625704
 30
0.0
 10
419.743864
 20
85.305154
 30
0.0
  0
SPLINE
  5
4d2
100
AcDbEntity
  8
0
 62
7
100
AcDbSpline
 70
8
 71
3
 72
8
 73
4
 74
0
 40
0
 40
0
 40
0
 40
0
 40
1
 40
1
 40
1
 40
1
 10
419.743864
 20
85.305154
 30
0.0
 10
419.883114
 20
85.562302
 30
0.0
 10
420.364470
 20
86.043659
 30
0.0
 10
420.621619
 20
86.182935
 30
0.0
  0
SPLINE
  5
4d3
100
AcDbEntity
  8
0
 62
7
100
AcDbSpline
 70
8
 71
3
 72
8
 73
4
 74
0
 40
0
 40
0
 40
0
 40
0
 40
1
 40
1
 40
1
 40
1
 10
420.621619
 20
86.182935
 30
0.0
 10
421.095091
 20
86.439317
 30
0.0
 10
421.478842
 20
86.533482
 30
0.0
 10
421.987080
 20
86.517977
 30
0.0
  0
SPLINE
  5
4d4
100
AcDbEntity
  8
0
 62
7
100
AcDbSpline
 70
8
 71
3
 72
8
 73
4
 74
0
 40
0
 40
0
 40
0
 40
0
 40
1
 40
1
 40
1
 40
1
 10
421.987080
 20
86.517977
 30
0.0
 10
422.405334
 20
86.505277
 30
0.0
 10
422.878435
 20
86.365921
 30
0.0
 10
423.210249
 20
86.157879
 30
0.0
  0
SPLINE
  5
4d5
100
AcDbEntity
  8
0
 62
7
100
AcDbSpline
 70
8
 71
3
 72
8
 73
4
 74
0
 40
0
 40
0
 40
0
 40
0
 40
1
 40
1
 40
1
 40
1
 10
423.210249
 20
86.157879
 30
0.0
 10
423.471631
 20
85.993996
 30
0.0
 10
423.858134
 20
85.607625
 30
0.0
 10
424.020589
 20
85.347884
 30
0.0
  0
SPLINE
  5
4d6
100
AcDbEntity
  8
0
 62
7
100
AcDbSpline
 70
8
 71
3
 72
8
 73
4
 74
0
 40
0
 40
0
 40
0
 40
0
 40
1
 40
1
 40
1
 40
1
 10
424.020589
 20
85.347884
 30
0.0
 10
424.427571
 20
84.697009
 30
0.0
 10
424.499008
 20
83.800442
 30
0.0
 10
424.201908
 20
83.071488
 30
0.0
  0
SPLINE
  5
4d7
100
AcDbEntity
  8
0
 62
7
100
AcDbSpline
 70
8
 71
3
 72
8
 73
4
 74
0
 40
0
 40
0
 40
0
 40
0
 40
1
 40
1
 40
1
 40
1
 10
424.201908
 20
83.071488
 30
0.0
 10
424.024293
 20
82.635693
 30
0.0
 10
423.658480
 20
82.196220
 30
0.0
 10
423.257186
 20
81.936585
 30
0.0
  0
LWPOLYLINE
  5
4d8
100
AcDbEntity
  8
0
 62
7
100
AcDbPolyline
 90
4
 70
0
 10
415.840042
 20
82.716444
 30
0.0
 10
415.832105
 20
82.469323
 30
0.0
 10
414.569407
 20
82.476202
 30
0.0
 10
414.569249
 20
82.476096
 30
0.0
  0
SPLINE
  5
4d9
100
AcDbEntity
  8
0
 62
7
100
AcDbSpline
 70
8
 71
3
 72
8
 73
4
 74
0
 40
0
 40
0
 40
0
 40
0
 40
1
 40
1
 40
1
 40
1
 10
182.647583
 20
85.848533
 30
0.0
 10
182.129477
 20
85.889846
 30
0.0
 10
181.089860
 20
86.243393
 30
0.0
 10
180.186042
 20
87.137282
 30
0.0
  0
SPLINE
  5
4da
100
AcDbEntity
  8
0
 62
7
100
AcDbSpline
 70
8
 71
3
 72
8
 73
4
 74
0
 40
0
 40
0
 40
0
 40
0
 40
1
 40
1
 40
1
 40
1
 10
180.186042
 20
87.137282
 30
0.0
 10
179.292153
 20
88.031172
 30
0.0
 10
178.845208
 20
89.128670
 30
0.0
 10
178.845208
 20
90.429777
 30
0.0
  0
SPLINE
  5
4db
100
AcDbEntity
  8
0
 62
7
100
AcDbSpline
 70
8
 71
3
 72
8
 73
4
 74
0
 40
0
 40
0
 40
0
 40
0
 40
1
 40
1
 40
1
 40
1
 10
178.845208
 20
90.429777
 30
0.0
 10
178.845208
 20
91.720950
 30
0.0
 10
179.292153
 20
92.818448
 30
0.0
 10
180.186042
 20
93.722265
 30
0.0
  0
SPLINE
  5
4dc
100
AcDbEntity
  8
0
 62
7
100
AcDbSpline
 70
8
 71
3
 72
8
 73
4
 74
0
 40
0
 40
0
 40
0
 40
0
 40
1
 40
1
 40
1
 40
1
 10
180.186042
 20
93.722265
 30
0.0
 10
181.089860
 20
94.626090
 30
0.0
 10
182.187358
 20
95.078003
 30
0.0
 10
183.478537
 20
95.078003
 30
0.0
  0
SPLINE
  5
4dd
100
AcDbEntity
  8
0
 62
7
100
AcDbSpline
 70
8
 71
3
 72
8
 73
4
 74
0
 40
0
 40
0
 40
0
 40
0
 40
1
 40
1
 40
1
 40
1
 10
183.478537
 20
95.078003
 30
0.0
 10
184.769709
 20
95.078003
 30
0.0
 10
185.867208
 20
94.626090
 30
0.0
 10
186.771025
 20
93.722265
 30
0.0
  0
SPLINE
  5
4de
100
AcDbEntity
  8
0
 62
7
100
AcDbSpline
 70
8
 71
3
 72
8
 73
4
 74
0
 40
0
 40
0
 40
0
 40
0
 40
1
 40
1
 40
1
 40
1
 10
186.771025
 20
93.722265
 30
0.0
 10
187.674843
 20
92.828376
 30
0.0
 10
188.126755
 20
91.730878
 30
0.0
 10
188.126755
 20
90.429777
 30
0.0
  0
SPLINE
  5
4df
100
AcDbEntity
  8
0
 62
7
100
AcDbSpline
 70
8
 71
3
 72
8
 73
4
 74
0
 40
0
 40
0
 40
0
 40
0
 40
1
 40
1
 40
1
 40
1
 10
188.126755
 20
90.429777
 30
0.0
 10
188.126755
 20
89.595478
 30
0.0
 10
187.923146
 20
88.820776
 30
0.0
 10
187.515936
 20
88.105665
 30
0.0
  0
SPLINE
  5
4e0
100
AcDbEntity
  8
0
 62
7
100
AcDbSpline
 70
8
 71
3
 72
8
 73
4
 74
0
 40
0
 40
0
 40
0
 40
0
 40
1
 40
1
 40
1
 40
1
 10
187.515936
 20
88.105665
 30
0.0
 10
187.108718
 20
87.400481
 30
0.0
 10
186.542585
 20
86.839317
 30
0.0
 10
185.817546
 20
86.422171
 30
0.0
  0
SPLINE
  5
4e1
100
AcDbEntity
  8
0
 62
7
100
AcDbSpline
 70
8
 71
3
 72
8
 73
4
 74
0
 40
0
 40
0
 40
0
 40
0
 40
1
 40
1
 40
1
 40
1
 10
185.817546
 20
86.422171
 30
0.0
 10
185.092506
 20
86.005025
 30
0.0
 10
184.622893
 20
85.913379
 30
0.0
 10
184.255748
 20
85.838965
 30
0.0
  0
LWPOLYLINE
  5
4e2
100
AcDbEntity
  8
0
 62
7
100
AcDbPolyline
 90
1
 70
1
 10
423.257186
 20
81.936585
 30
0.0
  0
SPLINE
  5
4e3
100
AcDbEntity
  8
0
 62
7
100
AcDbSpline
 70
8
 71
3
 72
8
 73
4
 74
0
 40
0
 40
0
 40
0
 40
0
 40
1
 40
1
 40
1
 40
1
 10
184.281416
 20
87.597724
 30
0.0
 10
184.687386
 20
87.763091
 30
0.0
 10
184.983254
 20
87.787836
 30
0.0
 10
185.549386
 20
88.344033
 30
0.0
  0
SPLINE
  5
4e4
100
AcDbEntity
  8
0
 62
7
100
AcDbSpline
 70
8
 71
3
 72
8
 73
4
 74
0
 40
0
 40
0
 40
0
 40
0
 40
1
 40
1
 40
1
 40
1
 10
185.549386
 20
88.344033
 30
0.0
 10
186.125446
 20
88.910165
 30
0.0
 10
186.413477
 20
89.605414
 30
0.0
 10
186.413477
 20
90.429777
 30
0.0
  0
SPLINE
  5
4e5
100
AcDbEntity
  8
0
 62
7
100
AcDbSpline
 70
8
 71
3
 72
8
 73
4
 74
0
 40
0
 40
0
 40
0
 40
0
 40
1
 40
1
 40
1
 40
1
 10
186.413477
 20
90.429777
 30
0.0
 10
186.413477
 20
91.264077
 30
0.0
 10
186.130414
 20
91.959318
 30
0.0
 10
185.564282
 20
92.515515
 30
0.0
  0
SPLINE
  5
4e6
100
AcDbEntity
  8
0
 62
7
100
AcDbSpline
 70
8
 71
3
 72
8
 73
4
 74
0
 40
0
 40
0
 40
0
 40
0
 40
1
 40
1
 40
1
 40
1
 10
185.564282
 20
92.515515
 30
0.0
 10
185.008085
 20
93.081647
 30
0.0
 10
184.322772
 20
93.364710
 30
0.0
 10
183.508336
 20
93.364710
 30
0.0
  0
SPLINE
  5
4e7
100
AcDbEntity
  8
0
 62
7
100
AcDbSpline
 70
8
 71
3
 72
8
 73
4
 74
0
 40
0
 40
0
 40
0
 40
0
 40
1
 40
1
 40
1
 40
1
 10
183.508336
 20
93.364710
 30
0.0
 10
182.683972
 20
93.364710
 30
0.0
 10
181.983763
 20
93.081647
 30
0.0
 10
181.407696
 20
92.515515
 30
0.0
  0
SPLINE
  5
4e8
100
AcDbEntity
  8
0
 62
7
100
AcDbSpline
 70
8
 71
3
 72
8
 73
4
 74
0
 40
0
 40
0
 40
0
 40
0
 40
1
 40
1
 40
1
 40
1
 10
181.407696
 20
92.515515
 30
0.0
 10
180.841563
 20
91.949382
 30
0.0
 10
180.558501
 20
91.254141
 30
0.0
 10
180.558501
 20
90.429777
 30
0.0
  0
SPLINE
  5
4e9
100
AcDbEntity
  8
0
 62
7
100
AcDbSpline
 70
8
 71
3
 72
8
 73
4
 74
0
 40
0
 40
0
 40
0
 40
0
 40
1
 40
1
 40
1
 40
1
 10
180.558501
 20
90.429777
 30
0.0
 10
180.558501
 20
89.615342
 30
0.0
 10
180.846531
 20
88.925061
 30
0.0
 10
181.422599
 20
88.358929
 30
0.0
  0
SPLINE
  5
4ea
100
AcDbEntity
  8
0
 62
7
100
AcDbSpline
 70
8
 71
3
 72
8
 73
4
 74
0
 40
0
 40
0
 40
0
 40
0
 40
1
 40
1
 40
1
 40
1
 10
181.422599
 20
88.358929
 30
0.0
 10
181.756405
 20
88.044979
 30
0.0
 10
182.158136
 20
87.789191
 30
0.0
 10
182.689783
 20
87.607292
 30
0.0
  0
LWPOLYLINE
  5
4eb
100
AcDbEntity
  8
0
 62
7
100
AcDbPolyline
 90
2
 70
0
 10
184.255748
 20
85.838965
 30
0.0
 10
184.281416
 20
87.597724
 30
0.0
  0
SPLINE
  5
4ec
100
AcDbEntity
  8
0
 62
7
100
AcDbSpline
 70
8
 71
3
 72
8
 73
4
 74
0
 40
0
 40
0
 40
0
 40
0
 40
1
 40
1
 40
1
 40
1
 10
215.672108
 20
85.716241
 30
0.0
 10
215.154001
 20
85.757554
 30
0.0
 10
214.114384
 20
86.111101
 30
0.0
 10
213.210566
 20
87.004991
 30
0.0
  0
SPLINE
  5
4ed
100
AcDbEntity
  8
0
 62
7
100
AcDbSpline
 70
8
 71
3
 72
8
 73
4
 74
0
 40
0
 40
0
 40
0
 40
0
 40
1
 40
1
 40
1
 40
1
 10
213.210566
 20
87.004991
 30
0.0
 10
212.316677
 20
87.898880
 30
0.0
 10
211.869732
 20
88.996378
 30
0.0
 10
211.869732
 20
90.297486
 30
0.0
  0
SPLINE
  5
4ee
100
AcDbEntity
  8
0
 62
7
100
AcDbSpline
 70
8
 71
3
 72
8
 73
4
 74
0
 40
0
 40
0
 40
0
 40
0
 40
1
 40
1
 40
1
 40
1
 10
211.869732
 20
90.297486
 30
0.0
 10
211.869732
 20
91.588658
 30
0.0
 10
212.316677
 20
92.686156
 30
0.0
 10
213.210566
 20
93.589974
 30
0.0
  0
SPLINE
  5
4ef
100
AcDbEntity
  8
0
 62
7
100
AcDbSpline
 70
8
 71
3
 72
8
 73
4
 74
0
 40
0
 40
0
 40
0
 40
0
 40
1
 40
1
 40
1
 40
1
 10
213.210566
 20
93.589974
 30
0.0
 10
214.114384
 20
94.493799
 30
0.0
 10
215.211882
 20
94.945711
 30
0.0
 10
216.503062
 20
94.945711
 30
0.0
  0
SPLINE
  5
4f0
100
AcDbEntity
  8
0
 62
7
100
AcDbSpline
 70
8
 71
3
 72
8
 73
4
 74
0
 40
0
 40
0
 40
0
 40
0
 40
1
 40
1
 40
1
 40
1
 10
216.503062
 20
94.945711
 30
0.0
 10
217.794234
 20
94.945711
 30
0.0
 10
218.891732
 20
94.493799
 30
0.0
 10
219.795550
 20
93.589974
 30
0.0
  0
SPLINE
  5
4f1
100
AcDbEntity
  8
0
 62
7
100
AcDbSpline
 70
8
 71
3
 72
8
 73
4
 74
0
 40
0
 40
0
 40
0
 40
0
 40
1
 40
1
 40
1
 40
1
 10
219.795550
 20
93.589974
 30
0.0
 10
220.699367
 20
92.696084
 30
0.0
 10
221.151280
 20
91.598586
 30
0.0
 10
221.151280
 20
90.297486
 30
0.0
  0
SPLINE
  5
4f2
100
AcDbEntity
  8
0
 62
7
100
AcDbSpline
 70
8
 71
3
 72
8
 73
4
 74
0
 40
0
 40
0
 40
0
 40
0
 40
1
 40
1
 40
1
 40
1
 10
221.151280
 20
90.297486
 30
0.0
 10
221.151280
 20
89.463187
 30
0.0
 10
220.947671
 20
88.688485
 30
0.0
 10
220.540460
 20
87.973373
 30
0.0
  0
SPLINE
  5
4f3
100
AcDbEntity
  8
0
 62
7
100
AcDbSpline
 70
8
 71
3
 72
8
 73
4
 74
0
 40
0
 40
0
 40
0
 40
0
 40
1
 40
1
 40
1
 40
1
 10
220.540460
 20
87.973373
 30
0.0
 10
220.133242
 20
87.268190
 30
0.0
 10
219.567110
 20
86.707025
 30
0.0
 10
218.842070
 20
86.289879
 30
0.0
  0
SPLINE
  5
4f4
100
AcDbEntity
  8
0
 62
7
100
AcDbSpline
 70
8
 71
3
 72
8
 73
4
 74
0
 40
0
 40
0
 40
0
 40
0
 40
1
 40
1
 40
1
 40
1
 10
218.842070
 20
86.289879
 30
0.0
 10
218.117030
 20
85.872733
 30
0.0
 10
217.647417
 20
85.781087
 30
0.0
 10
217.280272
 20
85.706673
 30
0.0
  0
LWPOLYLINE
  5
4f5
100
AcDbEntity
  8
0
 62
7
100
AcDbPolyline
 90
2
 70
0
 10
182.689783
 20
87.607292
 30
0.0
 10
182.647583
 20
85.848533
 30
0.0
  0
SPLINE
  5
4f6
100
AcDbEntity
  8
0
 62
7
100
AcDbSpline
 70
8
 71
3
 72
8
 73
4
 74
0
 40
0
 40
0
 40
0
 40
0
 40
1
 40
1
 40
1
 40
1
 10
217.305940
 20
87.465432
 30
0.0
 10
217.711910
 20
87.630800
 30
0.0
 10
218.007778
 20
87.655544
 30
0.0
 10
218.573910
 20
88.211741
 30
0.0
  0
SPLINE
  5
4f7
100
AcDbEntity
  8
0
 62
7
100
AcDbSpline
 70
8
 71
3
 72
8
 73
4
 74
0
 40
0
 40
0
 40
0
 40
0
 40
1
 40
1
 40
1
 40
1
 10
218.573910
 20
88.211741
 30
0.0
 10
219.149971
 20
88.777874
 30
0.0
 10
219.438001
 20
89.473122
 30
0.0
 10
219.438001
 20
90.297486
 30
0.0
  0
SPLINE
  5
4f8
100
AcDbEntity
  8
0
 62
7
100
AcDbSpline
 70
8
 71
3
 72
8
 73
4
 74
0
 40
0
 40
0
 40
0
 40
0
 40
1
 40
1
 40
1
 40
1
 10
219.438001
 20
90.297486
 30
0.0
 10
219.438001
 20
91.131785
 30
0.0
 10
219.154938
 20
91.827026
 30
0.0
 10
218.588806
 20
92.383223
 30
0.0
  0
SPLINE
  5
4f9
100
AcDbEntity
  8
0
 62
7
100
AcDbSpline
 70
8
 71
3
 72
8
 73
4
 74
0
 40
0
 40
0
 40
0
 40
0
 40
1
 40
1
 40
1
 40
1
 10
218.588806
 20
92.383223
 30
0.0
 10
218.032609
 20
92.949355
 30
0.0
 10
217.347296
 20
93.232418
 30
0.0
 10
216.532860
 20
93.232418
 30
0.0
  0
SPLINE
  5
4fa
100
AcDbEntity
  8
0
 62
7
100
AcDbSpline
 70
8
 71
3
 72
8
 73
4
 74
0
 40
0
 40
0
 40
0
 40
0
 40
1
 40
1
 40
1
 40
1
 10
216.532860
 20
93.232418
 30
0.0
 10
215.708496
 20
93.232418
 30
0.0
 10
215.008288
 20
92.949355
 30
0.0
 10
214.432220
 20
92.383223
 30
0.0
  0
SPLINE
  5
4fb
100
AcDbEntity
  8
0
 62
7
100
AcDbSpline
 70
8
 71
3
 72
8
 73
4
 74
0
 40
0
 40
0
 40
0
 40
0
 40
1
 40
1
 40
1
 40
1
 10
214.432220
 20
92.383223
 30
0.0
 10
213.866088
 20
91.817091
 30
0.0
 10
213.583025
 20
91.121850
 30
0.0
 10
213.583025
 20
90.297486
 30
0.0
  0
SPLINE
  5
4fc
100
AcDbEntity
  8
0
 62
7
100
AcDbSpline
 70
8
 71
3
 72
8
 73
4
 74
0
 40
0
 40
0
 40
0
 40
0
 40
1
 40
1
 40
1
 40
1
 10
213.583025
 20
90.297486
 30
0.0
 10
213.583025
 20
89.483050
 30
0.0
 10
213.871055
 20
88.792769
 30
0.0
 10
214.447123
 20
88.226637
 30
0.0
  0
SPLINE
  5
4fd
100
AcDbEntity
  8
0
 62
7
100
AcDbSpline
 70
8
 71
3
 72
8
 73
4
 74
0
 40
0
 40
0
 40
0
 40
0
 40
1
 40
1
 40
1
 40
1
 10
214.447123
 20
88.226637
 30
0.0
 10
214.780929
 20
87.912687
 30
0.0
 10
215.182660
 20
87.656900
 30
0.0
 10
215.714308
 20
87.475000
 30
0.0
  0
LWPOLYLINE
  5
4fe
100
AcDbEntity
  8
0
 62
7
100
AcDbPolyline
 90
2
 70
0
 10
217.280272
 20
85.706673
 30
0.0
 10
217.305940
 20
87.465432
 30
0.0
  0
LWPOLYLINE
  5
4ff
100
AcDbEntity
  8
0
 62
7
100
AcDbPolyline
 90
2
 70
0
 10
215.714308
 20
87.475000
 30
0.0
 10
215.672108
 20
85.716241
 30
0.0
  0
SPLINE
  5
500
100
AcDbEntity
  8
0
 62
7
100
AcDbSpline
 70
8
 71
3
 72
8
 73
4
 74
0
 40
0
 40
0
 40
0
 40
0
 40
1
 40
1
 40
1
 40
1
 10
82.346345
 20
113.839752
 30
0.0
 10
80.365992
 20
113.863035
 30
0.0
 10
79.231405
 20
114.557725
 30
0.0
 10
77.948441
 20
115.993698
 30
0.0
  0
SPLINE
  5
501
100
AcDbEntity
  8
0
 62
7
100
AcDbSpline
 70
8
 71
3
 72
8
 73
4
 74
0
 40
0
 40
0
 40
0
 40
0
 40
1
 40
1
 40
1
 40
1
 10
77.948441
 20
115.993698
 30
0.0
 10
76.672752
 20
117.436947
 30
0.0
 10
76.034921
 20
119.470614
 30
0.0
 10
76.034921
 20
122.094725
 30
0.0
  0
SPLINE
  5
502
100
AcDbEntity
  8
0
 62
7
100
AcDbSpline
 70
8
 71
3
 72
8
 73
4
 74
0
 40
0
 40
0
 40
0
 40
0
 40
1
 40
1
 40
1
 40
1
 10
76.034921
 20
122.094725
 30
0.0
 10
76.034921
 20
124.696929
 30
0.0
 10
76.676403
 20
126.712393
 30
0.0
 10
77.959368
 20
128.141063
 30
0.0
  0
SPLINE
  5
503
100
AcDbEntity
  8
0
 62
7
100
AcDbSpline
 70
8
 71
3
 72
8
 73
4
 74
0
 40
0
 40
0
 40
0
 40
0
 40
1
 40
1
 40
1
 40
1
 10
77.959368
 20
128.141063
 30
0.0
 10
79.242333
 20
129.577036
 30
0.0
 10
81.064730
 20
130.295010
 30
0.0
 10
83.426533
 20
130.295010
 30
0.0
  0
SPLINE
  5
504
100
AcDbEntity
  8
0
 62
7
100
AcDbSpline
 70
8
 71
3
 72
8
 73
4
 74
0
 40
0
 40
0
 40
0
 40
0
 40
1
 40
1
 40
1
 40
1
 10
83.426533
 20
130.295010
 30
0.0
 10
85.722746
 20
130.295010
 30
0.0
 10
87.515986
 20
129.566082
 30
0.0
 10
88.806226
 20
128.108255
 30
0.0
  0
SPLINE
  5
505
100
AcDbEntity
  8
0
 62
7
100
AcDbSpline
 70
8
 71
3
 72
8
 73
4
 74
0
 40
0
 40
0
 40
0
 40
0
 40
1
 40
1
 40
1
 40
1
 10
88.806226
 20
128.108255
 30
0.0
 10
90.096493
 20
126.650427
 30
0.0
 10
90.741627
 20
124.638615
 30
0.0
 10
90.741627
 20
122.072844
 30
0.0
  0
SPLINE
  5
506
100
AcDbEntity
  8
0
 62
7
100
AcDbSpline
 70
8
 71
3
 72
8
 73
4
 74
0
 40
0
 40
0
 40
0
 40
0
 40
1
 40
1
 40
1
 40
1
 10
90.741627
 20
122.072844
 30
0.0
 10
90.741627
 20
119.514350
 30
0.0
 10
90.092842
 20
117.502538
 30
0.0
 10
88.795299
 20
116.037434
 30
0.0
  0
SPLINE
  5
507
100
AcDbEntity
  8
0
 62
7
100
AcDbSpline
 70
8
 71
3
 72
8
 73
4
 74
0
 40
0
 40
0
 40
0
 40
0
 40
1
 40
1
 40
1
 40
1
 10
88.795299
 20
116.037434
 30
0.0
 10
87.505058
 20
114.572304
 30
0.0
 10
86.345548
 20
113.816363
 30
0.0
 10
84.463012
 20
113.839752
 30
0.0
  0
LWPOLYLINE
  5
508
100
AcDbEntity
  8
0
 62
7
100
AcDbPolyline
 90
6
 70
1
 10
379.043935
 20
113.983976
 30
0.0
 10
379.043935
 20
129.969995
 30
0.0
 10
380.902766
 20
129.969995
 30
0.0
 10
380.902766
 20
115.667864
 30
0.0
 10
387.955420
 20
115.667864
 30
0.0
 10
387.955420
 20
113.983976
 30
0.0
  0
SPLINE
  5
509
100
AcDbEntity
  8
0
 62
7
100
AcDbSpline
 70
8
 71
3
 72
8
 73
4
 74
0
 40
0
 40
0
 40
0
 40
0
 40
1
 40
1
 40
1
 40
1
 10
84.463012
 20
115.468871
 30
0.0
 10
85.556164
 20
115.539038
 30
0.0
 10
86.513665
 20
116.026507
 30
0.0
 10
87.417561
 20
117.141725
 30
0.0
  0
SPLINE
  5
50a
100
AcDbEntity
  8
0
 62
7
100
AcDbSpline
 70
8
 71
3
 72
8
 73
4
 74
0
 40
0
 40
0
 40
0
 40
0
 40
1
 40
1
 40
1
 40
1
 10
87.417561
 20
117.141725
 30
0.0
 10
88.321483
 20
118.256971
 30
0.0
 10
88.773444
 20
119.900668
 30
0.0
 10
88.773444
 20
122.072844
 30
0.0
  0
SPLINE
  5
50b
100
AcDbEntity
  8
0
 62
7
100
AcDbSpline
 70
8
 71
3
 72
8
 73
4
 74
0
 40
0
 40
0
 40
0
 40
0
 40
1
 40
1
 40
1
 40
1
 10
88.773444
 20
122.072844
 30
0.0
 10
88.773444
 20
124.223140
 30
0.0
 10
88.321483
 20
125.852259
 30
0.0
 10
87.417561
 20
126.960228
 30
0.0
  0
SPLINE
  5
50c
100
AcDbEntity
  8
0
 62
7
100
AcDbSpline
 70
8
 71
3
 72
8
 73
4
 74
0
 40
0
 40
0
 40
0
 40
0
 40
1
 40
1
 40
1
 40
1
 10
87.417561
 20
126.960228
 30
0.0
 10
86.520967
 20
128.075473
 30
0.0
 10
85.190616
 20
128.633082
 30
0.0
 10
83.426533
 20
128.633082
 30
0.0
  0
SPLINE
  5
50d
100
AcDbEntity
  8
0
 62
7
100
AcDbSpline
 70
8
 71
3
 72
8
 73
4
 74
0
 40
0
 40
0
 40
0
 40
0
 40
1
 40
1
 40
1
 40
1
 10
83.426533
 20
128.633082
 30
0.0
 10
81.655174
 20
128.633082
 30
0.0
 10
80.306619
 20
128.071822
 30
0.0
 10
79.380842
 20
126.949300
 30
0.0
  0
SPLINE
  5
50e
100
AcDbEntity
  8
0
 62
7
100
AcDbSpline
 70
8
 71
3
 72
8
 73
4
 74
0
 40
0
 40
0
 40
0
 40
0
 40
1
 40
1
 40
1
 40
1
 10
79.380842
 20
126.949300
 30
0.0
 10
78.462341
 20
125.834055
 30
0.0
 10
78.003104
 20
124.208561
 30
0.0
 10
78.003104
 20
122.072844
 30
0.0
  0
SPLINE
  5
50f
100
AcDbEntity
  8
0
 62
7
100
AcDbSpline
 70
8
 71
3
 72
8
 73
4
 74
0
 40
0
 40
0
 40
0
 40
0
 40
1
 40
1
 40
1
 40
1
 10
78.003104
 20
122.072844
 30
0.0
 10
78.003104
 20
119.907971
 30
0.0
 10
78.462341
 20
118.264273
 30
0.0
 10
79.380842
 20
117.141725
 30
0.0
  0
SPLINE
  5
510
100
AcDbEntity
  8
0
 62
7
100
AcDbSpline
 70
8
 71
3
 72
8
 73
4
 74
0
 40
0
 40
0
 40
0
 40
0
 40
1
 40
1
 40
1
 40
1
 10
79.380842
 20
117.141725
 30
0.0
 10
80.306619
 20
116.026507
 30
0.0
 10
81.431469
 20
115.492260
 30
0.0
 10
82.346345
 20
115.468871
 30
0.0
  0
LWPOLYLINE
  5
511
100
AcDbEntity
  8
0
 62
7
100
AcDbPolyline
 90
2
 70
0
 10
84.463012
 20
113.839752
 30
0.0
 10
84.463012
 20
115.468871
 30
0.0
  0
SPLINE
  5
512
100
AcDbEntity
  8
0
 62
7
100
AcDbSpline
 70
8
 71
3
 72
8
 73
4
 74
0
 40
0
 40
0
 40
0
 40
0
 40
1
 40
1
 40
1
 40
1
 10
382.934369
 20
282.121882
 30
0.0
 10
384.305545
 20
282.078308
 30
0.0
 10
385.233492
 20
282.512939
 30
0.0
 10
385.845817
 20
283.030467
 30
0.0
  0
SPLINE
  5
513
100
AcDbEntity
  8
0
 62
7
100
AcDbSpline
 70
8
 71
3
 72
8
 73
4
 74
0
 40
0
 40
0
 40
0
 40
0
 40
1
 40
1
 40
1
 40
1
 10
385.845817
 20
283.030467
 30
0.0
 10
386.458142
 20
283.555284
 30
0.0
 10
386.764318
 20
284.338868
 30
0.0
 10
386.764318
 20
285.381221
 30
0.0
  0
SPLINE
  5
514
100
AcDbEntity
  8
0
 62
7
100
AcDbSpline
 70
8
 71
3
 72
8
 73
4
 74
0
 40
0
 40
0
 40
0
 40
0
 40
1
 40
1
 40
1
 40
1
 10
386.764318
 20
285.381221
 30
0.0
 10
386.764318
 20
286.438144
 30
0.0
 10
386.450866
 20
287.199858
 30
0.0
 10
385.823963
 20
287.666369
 30
0.0
  0
SPLINE
  5
515
100
AcDbEntity
  8
0
 62
7
100
AcDbSpline
 70
8
 71
3
 72
8
 73
4
 74
0
 40
0
 40
0
 40
0
 40
0
 40
1
 40
1
 40
1
 40
1
 10
385.823963
 20
287.666369
 30
0.0
 10
385.204335
 20
288.132874
 30
0.0
 10
384.205665
 20
288.366128
 30
0.0
 10
382.827953
 20
288.366128
 30
0.0
  0
LWPOLYLINE
  5
516
100
AcDbEntity
  8
0
 62
7
100
AcDbPolyline
 90
2
 70
0
 10
82.346345
 20
115.468871
 30
0.0
 10
82.346345
 20
113.839752
 30
0.0
  0
SPLINE
  5
517
100
AcDbEntity
  8
0
 62
7
100
AcDbSpline
 70
8
 71
3
 72
8
 73
4
 74
0
 40
0
 40
0
 40
0
 40
0
 40
1
 40
1
 40
1
 40
1
 10
382.937279
 20
289.995247
 30
0.0
 10
384.898186
 20
289.995247
 30
0.0
 10
386.345165
 20
289.619857
 30
0.0
 10
387.278219
 20
288.869075
 30
0.0
  0
SPLINE
  5
518
100
AcDbEntity
  8
0
 62
7
100
AcDbSpline
 70
8
 71
3
 72
8
 73
4
 74
0
 40
0
 40
0
 40
0
 40
0
 40
1
 40
1
 40
1
 40
1
 10
387.278219
 20
288.869075
 30
0.0
 10
388.218574
 20
288.118293
 30
0.0
 10
388.688765
 20
286.988475
 30
0.0
 10
388.688765
 20
285.479620
 30
0.0
  0
SPLINE
  5
519
100
AcDbEntity
  8
0
 62
7
100
AcDbSpline
 70
8
 71
3
 72
8
 73
4
 74
0
 40
0
 40
0
 40
0
 40
0
 40
1
 40
1
 40
1
 40
1
 10
388.688765
 20
285.479620
 30
0.0
 10
388.688765
 20
283.365768
 30
0.0
 10
387.617203
 20
281.937095
 30
0.0
 10
385.474051
 20
281.193602
 30
0.0
  0
LWPOLYLINE
  5
51a
100
AcDbEntity
  8
0
 62
7
100
AcDbPolyline
 90
7
 70
0
 10
382.827953
 20
288.366128
 30
0.0
 10
380.411461
 20
288.366128
 30
0.0
 10
380.411461
 20
281.456011
 30
0.0
 10
380.411461
 20
274.010144
 30
0.0
 10
378.552604
 20
274.010144
 30
0.0
 10
378.552604
 20
289.995247
 30
0.0
 10
382.937279
 20
289.995247
 30
0.0
  0
SPLINE
  5
51b
100
AcDbEntity
  8
0
 62
7
100
AcDbSpline
 70
8
 71
3
 72
8
 73
4
 74
0
 40
0
 40
0
 40
0
 40
0
 40
1
 40
1
 40
1
 40
1
 10
216.337819
 20
250.123836
 30
0.0
 10
217.708996
 20
250.080261
 30
0.0
 10
218.636943
 20
250.514892
 30
0.0
 10
219.249268
 20
251.032420
 30
0.0
  0
SPLINE
  5
51c
100
AcDbEntity
  8
0
 62
7
100
AcDbSpline
 70
8
 71
3
 72
8
 73
4
 74
0
 40
0
 40
0
 40
0
 40
0
 40
1
 40
1
 40
1
 40
1
 10
219.249268
 20
251.032420
 30
0.0
 10
219.861593
 20
251.557237
 30
0.0
 10
220.167769
 20
252.340822
 30
0.0
 10
220.167769
 20
253.383174
 30
0.0
  0
SPLINE
  5
51d
100
AcDbEntity
  8
0
 62
7
100
AcDbSpline
 70
8
 71
3
 72
8
 73
4
 74
0
 40
0
 40
0
 40
0
 40
0
 40
1
 40
1
 40
1
 40
1
 10
220.167769
 20
253.383174
 30
0.0
 10
220.167769
 20
254.440097
 30
0.0
 10
219.854317
 20
255.201811
 30
0.0
 10
219.227413
 20
255.668322
 30
0.0
  0
SPLINE
  5
51e
100
AcDbEntity
  8
0
 62
7
100
AcDbSpline
 70
8
 71
3
 72
8
 73
4
 74
0
 40
0
 40
0
 40
0
 40
0
 40
1
 40
1
 40
1
 40
1
 10
219.227413
 20
255.668322
 30
0.0
 10
218.607786
 20
256.134828
 30
0.0
 10
217.609116
 20
256.368082
 30
0.0
 10
216.231404
 20
256.368082
 30
0.0
  0
LWPOLYLINE
  5
51f
100
AcDbEntity
  8
0
 62
7
100
AcDbPolyline
 90
4
 70
0
 10
385.474051
 20
281.193602
 30
0.0
 10
389.814991
 20
274.010144
 30
0.0
 10
387.617176
 20
274.010144
 30
0.0
 10
382.934369
 20
282.121882
 30
0.0
  0
SPLINE
  5
520
100
AcDbEntity
  8
0
 62
7
100
AcDbSpline
 70
8
 71
3
 72
8
 73
4
 74
0
 40
0
 40
0
 40
0
 40
0
 40
1
 40
1
 40
1
 40
1
 10
216.340730
 20
257.997201
 30
0.0
 10
218.301636
 20
257.997201
 30
0.0
 10
219.748616
 20
257.621810
 30
0.0
 10
220.681669
 20
256.871028
 30
0.0
  0
SPLINE
  5
521
100
AcDbEntity
  8
0
 62
7
100
AcDbSpline
 70
8
 71
3
 72
8
 73
4
 74
0
 40
0
 40
0
 40
0
 40
0
 40
1
 40
1
 40
1
 40
1
 10
220.681669
 20
256.871028
 30
0.0
 10
221.622025
 20
256.120246
 30
0.0
 10
222.092216
 20
254.990428
 30
0.0
 10
222.092216
 20
253.481573
 30
0.0
  0
SPLINE
  5
522
100
AcDbEntity
  8
0
 62
7
100
AcDbSpline
 70
8
 71
3
 72
8
 73
4
 74
0
 40
0
 40
0
 40
0
 40
0
 40
1
 40
1
 40
1
 40
1
 10
222.092216
 20
253.481573
 30
0.0
 10
222.092216
 20
251.367721
 30
0.0
 10
221.020653
 20
249.939048
 30
0.0
 10
218.877502
 20
249.195555
 30
0.0
  0
LWPOLYLINE
  5
523
100
AcDbEntity
  8
0
 62
7
100
AcDbPolyline
 90
7
 70
0
 10
216.231404
 20
256.368082
 30
0.0
 10
213.814911
 20
256.368082
 30
0.0
 10
213.814911
 20
249.457964
 30
0.0
 10
213.814911
 20
242.012097
 30
0.0
 10
211.956055
 20
242.012097
 30
0.0
 10
211.956055
 20
257.997201
 30
0.0
 10
216.340730
 20
257.997201
 30
0.0
  0
LWPOLYLINE
  5
524
100
AcDbEntity
  8
0
 62
7
100
AcDbPolyline
 90
4
 70
0
 10
218.877502
 20
249.195555
 30
0.0
 10
223.218441
 20
242.012097
 30
0.0
 10
221.020627
 20
242.012097
 30
0.0
 10
216.337819
 20
250.123836
 30
0.0
  0
SPLINE
  5
525
100
AcDbEntity
  8
0
 62
7
100
AcDbSpline
 70
8
 71
3
 72
8
 73
4
 74
0
 40
0
 40
0
 40
0
 40
0
 40
1
 40
1
 40
1
 40
1
 10
114.813064
 20
147.577884
 30
0.0
 10
117.029082
 20
147.577884
 30
0.0
 10
118.694766
 20
148.120915
 30
0.0
 10
119.810064
 20
149.207003
 30
0.0
  0
SPLINE
  5
526
100
AcDbEntity
  8
0
 62
7
100
AcDbSpline
 70
8
 71
3
 72
8
 73
4
 74
0
 40
0
 40
0
 40
0
 40
0
 40
1
 40
1
 40
1
 40
1
 10
119.810064
 20
149.207003
 30
0.0
 10
120.925362
 20
150.300367
 30
0.0
 10
121.483025
 20
151.914908
 30
0.0
 10
121.483025
 20
154.050651
 30
0.0
  0
SPLINE
  5
527
100
AcDbEntity
  8
0
 62
7
100
AcDbSpline
 70
8
 71
3
 72
8
 73
4
 74
0
 40
0
 40
0
 40
0
 40
0
 40
1
 40
1
 40
1
 40
1
 10
121.483025
 20
154.050651
 30
0.0
 10
121.483025
 20
156.135329
 30
0.0
 10
120.958171
 20
157.706160
 30
0.0
 10
119.908463
 20
158.763065
 30
0.0
  0
SPLINE
  5
528
100
AcDbEntity
  8
0
 62
7
100
AcDbSpline
 70
8
 71
3
 72
8
 73
4
 74
0
 40
0
 40
0
 40
0
 40
0
 40
1
 40
1
 40
1
 40
1
 10
119.908463
 20
158.763065
 30
0.0
 10
118.866057
 20
159.819996
 30
0.0
 10
117.313377
 20
160.348475
 30
0.0
 10
115.250447
 20
160.348475
 30
0.0
  0
LWPOLYLINE
  5
529
100
AcDbEntity
  8
0
 62
7
100
AcDbPolyline
 90
2
 70
0
 10
114.137160
 20
147.577884
 30
0.0
 10
114.813064
 20
147.577884
 30
0.0
  0
SPLINE
  5
52a
100
AcDbEntity
  8
0
 62
7
100
AcDbSpline
 70
8
 71
3
 72
8
 73
4
 74
0
 40
0
 40
0
 40
0
 40
0
 40
1
 40
1
 40
1
 40
1
 10
115.588108
 20
161.955633
 30
0.0
 10
118.073842
 20
161.955633
 30
0.0
 10
120.005591
 20
161.266817
 30
0.0
 10
121.383303
 20
159.889158
 30
0.0
  0
SPLINE
  5
52b
100
AcDbEntity
  8
0
 62
7
100
AcDbSpline
 70
8
 71
3
 72
8
 73
4
 74
0
 40
0
 40
0
 40
0
 40
0
 40
1
 40
1
 40
1
 40
1
 10
121.383303
 20
159.889158
 30
0.0
 10
122.761042
 20
158.511499
 30
0.0
 10
123.449911
 20
156.587185
 30
0.0
 10
123.449911
 20
154.116161
 30
0.0
  0
SPLINE
  5
52c
100
AcDbEntity
  8
0
 62
7
100
AcDbSpline
 70
8
 71
3
 72
8
 73
4
 74
0
 40
0
 40
0
 40
0
 40
0
 40
1
 40
1
 40
1
 40
1
 10
123.449911
 20
154.116161
 30
0.0
 10
123.449911
 20
151.477472
 30
0.0
 10
122.731885
 20
149.458384
 30
0.0
 10
121.295832
 20
148.058870
 30
0.0
  0
SPLINE
  5
52d
100
AcDbEntity
  8
0
 62
7
100
AcDbSpline
 70
8
 71
3
 72
8
 73
4
 74
0
 40
0
 40
0
 40
0
 40
0
 40
1
 40
1
 40
1
 40
1
 10
121.295832
 20
148.058870
 30
0.0
 10
119.867082
 20
146.666632
 30
0.0
 10
117.807777
 20
145.970540
 30
0.0
 10
115.117917
 20
145.970540
 30
0.0
  0
LWPOLYLINE
  5
52e
100
AcDbEntity
  8
0
 62
7
100
AcDbPolyline
 90
6
 70
0
 10
115.250447
 20
160.348475
 30
0.0
 10
112.549660
 20
160.348475
 30
0.0
 10
112.549660
 20
145.972128
 30
0.0
 10
110.689506
 20
145.969482
 30
0.0
 10
110.689506
 20
161.955633
 30
0.0
 10
115.588108
 20
161.955633
 30
0.0
  0
LWPOLYLINE
  5
52f
100
AcDbEntity
  8
0
 62
7
100
AcDbPolyline
 90
2
 70
0
 10
115.117917
 20
145.970540
 30
0.0
 10
114.135651
 20
145.970540
 30
0.0
  0
SPLINE
  5
530
100
AcDbEntity
  8
0
 62
7
100
AcDbSpline
 70
8
 71
3
 72
8
 73
4
 74
0
 40
0
 40
0
 40
0
 40
0
 40
1
 40
1
 40
1
 40
1
 10
84.134928
 20
189.725559
 30
0.0
 10
83.894369
 20
190.352410
 30
0.0
 10
83.646534
 20
191.121421
 30
0.0
 10
83.391396
 20
192.032567
 30
0.0
  0
SPLINE
  5
531
100
AcDbEntity
  8
0
 62
7
100
AcDbSpline
 70
8
 71
3
 72
8
 73
4
 74
0
 40
0
 40
0
 40
0
 40
0
 40
1
 40
1
 40
1
 40
1
 10
83.391396
 20
192.032567
 30
0.0
 10
83.231032
 20
191.332797
 30
0.0
 10
83.001400
 20
190.563812
 30
0.0
 10
82.702527
 20
189.725559
 30
0.0
  0
LWPOLYLINE
  5
532
100
AcDbEntity
  8
0
 62
7
100
AcDbPolyline
 90
11
 70
0
 10
78.197572
 20
178.015524
 30
0.0
 10
76.316861
 20
178.015524
 30
0.0
 10
82.636910
 20
194.066234
 30
0.0
 10
84.200518
 20
194.066234
 30
0.0
 10
90.487786
 20
178.015524
 30
0.0
 10
88.563339
 20
178.015524
 30
0.0
 10
86.573275
 20
183.099705
 30
0.0
 10
81.753255
 20
183.099705
 30
0.0
 10
82.409316
 20
184.772559
 30
0.0
 10
85.993758
 20
184.772559
 30
0.0
 10
84.134928
 20
189.725559
 30
0.0
  0
LWPOLYLINE
  5
533
100
AcDbEntity
  8
0
 62
7
100
AcDbPolyline
 90
2
 70
0
 10
82.702527
 20
189.725559
 30
0.0
 10
78.197572
 20
178.015524
 30
0.0
  0
SPLINE
  5
534
100
AcDbEntity
  8
0
 62
7
100
AcDbSpline
 70
8
 71
3
 72
8
 73
4
 74
0
 40
0
 40
0
 40
0
 40
0
 40
1
 40
1
 40
1
 40
1
 10
250.730372
 20
317.718765
 30
0.0
 10
250.489813
 20
318.345616
 30
0.0
 10
250.241977
 20
319.114628
 30
0.0
 10
249.986840
 20
320.025773
 30
0.0
  0
SPLINE
  5
535
100
AcDbEntity
  8
0
 62
7
100
AcDbSpline
 70
8
 71
3
 72
8
 73
4
 74
0
 40
0
 40
0
 40
0
 40
0
 40
1
 40
1
 40
1
 40
1
 10
249.986840
 20
320.025773
 30
0.0
 10
249.826476
 20
319.326003
 30
0.0
 10
249.596844
 20
318.557018
 30
0.0
 10
249.297971
 20
317.718765
 30
0.0
  0
LWPOLYLINE
  5
536
100
AcDbEntity
  8
0
 62
7
100
AcDbPolyline
 90
11
 70
0
 10
244.793016
 20
306.008730
 30
0.0
 10
242.912305
 20
306.008730
 30
0.0
 10
249.232354
 20
322.059440
 30
0.0
 10
250.795962
 20
322.059440
 30
0.0
 10
257.083229
 20
306.008730
 30
0.0
 10
255.158782
 20
306.008730
 30
0.0
 10
253.168719
 20
311.092911
 30
0.0
 10
248.348698
 20
311.092911
 30
0.0
 10
249.004759
 20
312.765765
 30
0.0
 10
252.589202
 20
312.765765
 30
0.0
 10
250.730372
 20
317.718765
 30
0.0
  0
LWPOLYLINE
  5
537
100
AcDbEntity
  8
0
 62
7
100
AcDbPolyline
 90
2
 70
0
 10
249.297971
 20
317.718765
 30
0.0
 10
244.793016
 20
306.008730
 30
0.0
  0
SPLINE
  5
538
100
AcDbEntity
  8
0
 62
7
100
AcDbSpline
 70
8
 71
3
 72
8
 73
4
 74
0
 40
0
 40
0
 40
0
 40
0
 40
1
 40
1
 40
1
 40
1
 10
117.451404
 20
317.717757
 30
0.0
 10
117.210845
 20
318.344608
 30
0.0
 10
116.963010
 20
319.113620
 30
0.0
 10
116.707872
 20
320.024765
 30
0.0
  0
SPLINE
  5
539
100
AcDbEntity
  8
0
 62
7
100
AcDbSpline
 70
8
 71
3
 72
8
 73
4
 74
0
 40
0
 40
0
 40
0
 40
0
 40
1
 40
1
 40
1
 40
1
 10
116.707872
 20
320.024765
 30
0.0
 10
116.547508
 20
319.324995
 30
0.0
 10
116.317877
 20
318.556010
 30
0.0
 10
116.019003
 20
317.717757
 30
0.0
  0
LWPOLYLINE
  5
53a
100
AcDbEntity
  8
0
 62
7
100
AcDbPolyline
 90
11
 70
0
 10
111.514049
 20
306.007722
 30
0.0
 10
109.633337
 20
306.007722
 30
0.0
 10
115.953387
 20
322.058432
 30
0.0
 10
117.516995
 20
322.058432
 30
0.0
 10
123.804262
 20
306.007722
 30
0.0
 10
121.879815
 20
306.007722
 30
0.0
 10
119.889752
 20
311.091903
 30
0.0
 10
115.069731
 20
311.091903
 30
0.0
 10
115.725792
 20
312.764757
 30
0.0
 10
119.310235
 20
312.764757
 30
0.0
 10
117.451404
 20
317.717757
 30
0.0
  0
SPLINE
  5
53b
100
AcDbEntity
  8
0
 62
7
100
AcDbSpline
 70
8
 71
3
 72
8
 73
4
 74
0
 40
0
 40
0
 40
0
 40
0
 40
1
 40
1
 40
1
 40
1
 10
282.589466
 20
85.859645
 30
0.0
 10
282.071359
 20
85.900958
 30
0.0
 10
281.031742
 20
86.254505
 30
0.0
 10
280.127925
 20
87.148395
 30
0.0
  0
SPLINE
  5
53c
100
AcDbEntity
  8
0
 62
7
100
AcDbSpline
 70
8
 71
3
 72
8
 73
4
 74
0
 40
0
 40
0
 40
0
 40
0
 40
1
 40
1
 40
1
 40
1
 10
280.127925
 20
87.148395
 30
0.0
 10
279.234035
 20
88.042284
 30
0.0
 10
278.787091
 20
89.139783
 30
0.0
 10
278.787091
 20
90.440890
 30
0.0
  0
SPLINE
  5
53d
100
AcDbEntity
  8
0
 62
7
100
AcDbSpline
 70
8
 71
3
 72
8
 73
4
 74
0
 40
0
 40
0
 40
0
 40
0
 40
1
 40
1
 40
1
 40
1
 10
278.787091
 20
90.440890
 30
0.0
 10
278.787091
 20
91.732062
 30
0.0
 10
279.234035
 20
92.829560
 30
0.0
 10
280.127925
 20
93.733378
 30
0.0
  0
SPLINE
  5
53e
100
AcDbEntity
  8
0
 62
7
100
AcDbSpline
 70
8
 71
3
 72
8
 73
4
 74
0
 40
0
 40
0
 40
0
 40
0
 40
1
 40
1
 40
1
 40
1
 10
280.127925
 20
93.733378
 30
0.0
 10
281.031742
 20
94.637203
 30
0.0
 10
282.129241
 20
95.089115
 30
0.0
 10
283.420420
 20
95.089115
 30
0.0
  0
SPLINE
  5
53f
100
AcDbEntity
  8
0
 62
7
100
AcDbSpline
 70
8
 71
3
 72
8
 73
4
 74
0
 40
0
 40
0
 40
0
 40
0
 40
1
 40
1
 40
1
 40
1
 10
283.420420
 20
95.089115
 30
0.0
 10
284.711592
 20
95.089115
 30
0.0
 10
285.809090
 20
94.637203
 30
0.0
 10
286.712908
 20
93.733378
 30
0.0
  0
SPLINE
  5
540
100
AcDbEntity
  8
0
 62
7
100
AcDbSpline
 70
8
 71
3
 72
8
 73
4
 74
0
 40
0
 40
0
 40
0
 40
0
 40
1
 40
1
 40
1
 40
1
 10
286.712908
 20
93.733378
 30
0.0
 10
287.616725
 20
92.839489
 30
0.0
 10
288.068638
 20
91.741990
 30
0.0
 10
288.068638
 20
90.440890
 30
0.0
  0
SPLINE
  5
541
100
AcDbEntity
  8
0
 62
7
100
AcDbSpline
 70
8
 71
3
 72
8
 73
4
 74
0
 40
0
 40
0
 40
0
 40
0
 40
1
 40
1
 40
1
 40
1
 10
288.068638
 20
90.440890
 30
0.0
 10
288.068638
 20
89.606591
 30
0.0
 10
287.865029
 20
88.831889
 30
0.0
 10
287.457818
 20
88.116777
 30
0.0
  0
SPLINE
  5
542
100
AcDbEntity
  8
0
 62
7
100
AcDbSpline
 70
8
 71
3
 72
8
 73
4
 74
0
 40
0
 40
0
 40
0
 40
0
 40
1
 40
1
 40
1
 40
1
 10
287.457818
 20
88.116777
 30
0.0
 10
287.050600
 20
87.411594
 30
0.0
 10
286.484468
 20
86.850429
 30
0.0
 10
285.759428
 20
86.433283
 30
0.0
  0
SPLINE
  5
543
100
AcDbEntity
  8
0
 62
7
100
AcDbSpline
 70
8
 71
3
 72
8
 73
4
 74
0
 40
0
 40
0
 40
0
 40
0
 40
1
 40
1
 40
1
 40
1
 10
285.759428
 20
86.433283
 30
0.0
 10
285.034389
 20
86.016137
 30
0.0
 10
284.564776
 20
85.924492
 30
0.0
 10
284.197631
 20
85.850078
 30
0.0
  0
LWPOLYLINE
  5
544
100
AcDbEntity
  8
0
 62
7
100
AcDbPolyline
 90
2
 70
0
 10
116.019003
 20
317.717757
 30
0.0
 10
111.514049
 20
306.007722
 30
0.0
  0
SPLINE
  5
545
100
AcDbEntity
  8
0
 62
7
100
AcDbSpline
 70
8
 71
3
 72
8
 73
4
 74
0
 40
0
 40
0
 40
0
 40
0
 40
1
 40
1
 40
1
 40
1
 10
284.223298
 20
87.608837
 30
0.0
 10
284.629269
 20
87.774204
 30
0.0
 10
284.925136
 20
87.798948
 30
0.0
 10
285.491269
 20
88.355146
 30
0.0
  0
SPLINE
  5
546
100
AcDbEntity
  8
0
 62
7
100
AcDbSpline
 70
8
 71
3
 72
8
 73
4
 74
0
 40
0
 40
0
 40
0
 40
0
 40
1
 40
1
 40
1
 40
1
 10
285.491269
 20
88.355146
 30
0.0
 10
286.067329
 20
88.921278
 30
0.0
 10
286.355359
 20
89.616526
 30
0.0
 10
286.355359
 20
90.440890
 30
0.0
  0
SPLINE
  5
547
100
AcDbEntity
  8
0
 62
7
100
AcDbSpline
 70
8
 71
3
 72
8
 73
4
 74
0
 40
0
 40
0
 40
0
 40
0
 40
1
 40
1
 40
1
 40
1
 10
286.355359
 20
90.440890
 30
0.0
 10
286.355359
 20
91.275189
 30
0.0
 10
286.072297
 20
91.970430
 30
0.0
 10
285.506164
 20
92.526627
 30
0.0
  0
SPLINE
  5
548
100
AcDbEntity
  8
0
 62
7
100
AcDbSpline
 70
8
 71
3
 72
8
 73
4
 74
0
 40
0
 40
0
 40
0
 40
0
 40
1
 40
1
 40
1
 40
1
 10
285.506164
 20
92.526627
 30
0.0
 10
284.949967
 20
93.092760
 30
0.0
 10
284.264654
 20
93.375822
 30
0.0
 10
283.450219
 20
93.375822
 30
0.0
  0
SPLINE
  5
549
100
AcDbEntity
  8
0
 62
7
100
AcDbSpline
 70
8
 71
3
 72
8
 73
4
 74
0
 40
0
 40
0
 40
0
 40
0
 40
1
 40
1
 40
1
 40
1
 10
283.450219
 20
93.375822
 30
0.0
 10
282.625855
 20
93.375822
 30
0.0
 10
281.925646
 20
93.092760
 30
0.0
 10
281.349578
 20
92.526627
 30
0.0
  0
SPLINE
  5
54a
100
AcDbEntity
  8
0
 62
7
100
AcDbSpline
 70
8
 71
3
 72
8
 73
4
 74
0
 40
0
 40
0
 40
0
 40
0
 40
1
 40
1
 40
1
 40
1
 10
281.349578
 20
92.526627
 30
0.0
 10
280.783446
 20
91.960495
 30
0.0
 10
280.500384
 20
91.265254
 30
0.0
 10
280.500384
 20
90.440890
 30
0.0
  0
SPLINE
  5
54b
100
AcDbEntity
  8
0
 62
7
100
AcDbSpline
 70
8
 71
3
 72
8
 73
4
 74
0
 40
0
 40
0
 40
0
 40
0
 40
1
 40
1
 40
1
 40
1
 10
280.500384
 20
90.440890
 30
0.0
 10
280.500384
 20
89.626454
 30
0.0
 10
280.788414
 20
88.936174
 30
0.0
 10
281.364481
 20
88.370041
 30
0.0
  0
SPLINE
  5
54c
100
AcDbEntity
  8
0
 62
7
100
AcDbSpline
 70
8
 71
3
 72
8
 73
4
 74
0
 40
0
 40
0
 40
0
 40
0
 40
1
 40
1
 40
1
 40
1
 10
281.364481
 20
88.370041
 30
0.0
 10
281.698288
 20
88.056091
 30
0.0
 10
282.100019
 20
87.800304
 30
0.0
 10
282.631666
 20
87.618404
 30
0.0
  0
LWPOLYLINE
  5
54d
100
AcDbEntity
  8
0
 62
7
100
AcDbPolyline
 90
2
 70
0
 10
284.197631
 20
85.850078
 30
0.0
 10
284.223298
 20
87.608837
 30
0.0
  0
SPLINE
  5
54e
100
AcDbEntity
  8
0
 62
7
100
AcDbSpline
 70
8
 71
3
 72
8
 73
4
 74
0
 40
0
 40
0
 40
0
 40
0
 40
1
 40
1
 40
1
 40
1
 10
315.636454
 20
85.720474
 30
0.0
 10
315.118347
 20
85.761787
 30
0.0
 10
314.078730
 20
86.115334
 30
0.0
 10
313.174912
 20
87.009224
 30
0.0
  0
SPLINE
  5
54f
100
AcDbEntity
  8
0
 62
7
100
AcDbSpline
 70
8
 71
3
 72
8
 73
4
 74
0
 40
0
 40
0
 40
0
 40
0
 40
1
 40
1
 40
1
 40
1
 10
313.174912
 20
87.009224
 30
0.0
 10
312.281023
 20
87.903113
 30
0.0
 10
311.834078
 20
89.000612
 30
0.0
 10
311.834078
 20
90.301719
 30
0.0
  0
SPLINE
  5
550
100
AcDbEntity
  8
0
 62
7
100
AcDbSpline
 70
8
 71
3
 72
8
 73
4
 74
0
 40
0
 40
0
 40
0
 40
0
 40
1
 40
1
 40
1
 40
1
 10
311.834078
 20
90.301719
 30
0.0
 10
311.834078
 20
91.592891
 30
0.0
 10
312.281023
 20
92.690390
 30
0.0
 10
313.174912
 20
93.594207
 30
0.0
  0
SPLINE
  5
551
100
AcDbEntity
  8
0
 62
7
100
AcDbSpline
 70
8
 71
3
 72
8
 73
4
 74
0
 40
0
 40
0
 40
0
 40
0
 40
1
 40
1
 40
1
 40
1
 10
313.174912
 20
93.594207
 30
0.0
 10
314.078730
 20
94.498032
 30
0.0
 10
315.176228
 20
94.949944
 30
0.0
 10
316.467407
 20
94.949944
 30
0.0
  0
SPLINE
  5
552
100
AcDbEntity
  8
0
 62
7
100
AcDbSpline
 70
8
 71
3
 72
8
 73
4
 74
0
 40
0
 40
0
 40
0
 40
0
 40
1
 40
1
 40
1
 40
1
 10
316.467407
 20
94.949944
 30
0.0
 10
317.758580
 20
94.949944
 30
0.0
 10
318.856078
 20
94.498032
 30
0.0
 10
319.759895
 20
93.594207
 30
0.0
  0
SPLINE
  5
553
100
AcDbEntity
  8
0
 62
7
100
AcDbSpline
 70
8
 71
3
 72
8
 73
4
 74
0
 40
0
 40
0
 40
0
 40
0
 40
1
 40
1
 40
1
 40
1
 10
319.759895
 20
93.594207
 30
0.0
 10
320.663713
 20
92.700318
 30
0.0
 10
321.115625
 20
91.602819
 30
0.0
 10
321.115625
 20
90.301719
 30
0.0
  0
SPLINE
  5
554
100
AcDbEntity
  8
0
 62
7
100
AcDbSpline
 70
8
 71
3
 72
8
 73
4
 74
0
 40
0
 40
0
 40
0
 40
0
 40
1
 40
1
 40
1
 40
1
 10
321.115625
 20
90.301719
 30
0.0
 10
321.115625
 20
89.467420
 30
0.0
 10
320.912016
 20
88.692718
 30
0.0
 10
320.504806
 20
87.977607
 30
0.0
  0
SPLINE
  5
555
100
AcDbEntity
  8
0
 62
7
100
AcDbSpline
 70
8
 71
3
 72
8
 73
4
 74
0
 40
0
 40
0
 40
0
 40
0
 40
1
 40
1
 40
1
 40
1
 10
320.504806
 20
87.977607
 30
0.0
 10
320.097588
 20
87.272423
 30
0.0
 10
319.531455
 20
86.711258
 30
0.0
 10
318.806416
 20
86.294112
 30
0.0
  0
SPLINE
  5
556
100
AcDbEntity
  8
0
 62
7
100
AcDbSpline
 70
8
 71
3
 72
8
 73
4
 74
0
 40
0
 40
0
 40
0
 40
0
 40
1
 40
1
 40
1
 40
1
 10
318.806416
 20
86.294112
 30
0.0
 10
318.081376
 20
85.876966
 30
0.0
 10
317.611763
 20
85.785321
 30
0.0
 10
317.244618
 20
85.710907
 30
0.0
  0
LWPOLYLINE
  5
557
100
AcDbEntity
  8
0
 62
7
100
AcDbPolyline
 90
2
 70
0
 10
282.631666
 20
87.618404
 30
0.0
 10
282.589466
 20
85.859645
 30
0.0
  0
SPLINE
  5
558
100
AcDbEntity
  8
0
 62
7
100
AcDbSpline
 70
8
 71
3
 72
8
 73
4
 74
0
 40
0
 40
0
 40
0
 40
0
 40
1
 40
1
 40
1
 40
1
 10
317.270286
 20
87.469666
 30
0.0
 10
317.676256
 20
87.635033
 30
0.0
 10
317.972124
 20
87.659778
 30
0.0
 10
318.538256
 20
88.215975
 30
0.0
  0
SPLINE
  5
559
100
AcDbEntity
  8
0
 62
7
100
AcDbSpline
 70
8
 71
3
 72
8
 73
4
 74
0
 40
0
 40
0
 40
0
 40
0
 40
1
 40
1
 40
1
 40
1
 10
318.538256
 20
88.215975
 30
0.0
 10
319.114317
 20
88.782107
 30
0.0
 10
319.402347
 20
89.477355
 30
0.0
 10
319.402347
 20
90.301719
 30
0.0
  0
SPLINE
  5
55a
100
AcDbEntity
  8
0
 62
7
100
AcDbSpline
 70
8
 71
3
 72
8
 73
4
 74
0
 40
0
 40
0
 40
0
 40
0
 40
1
 40
1
 40
1
 40
1
 10
319.402347
 20
90.301719
 30
0.0
 10
319.402347
 20
91.136018
 30
0.0
 10
319.119284
 20
91.831259
 30
0.0
 10
318.553152
 20
92.387456
 30
0.0
  0
SPLINE
  5
55b
100
AcDbEntity
  8
0
 62
7
100
AcDbSpline
 70
8
 71
3
 72
8
 73
4
 74
0
 40
0
 40
0
 40
0
 40
0
 40
1
 40
1
 40
1
 40
1
 10
318.553152
 20
92.387456
 30
0.0
 10
317.996955
 20
92.953589
 30
0.0
 10
317.311642
 20
93.236651
 30
0.0
 10
316.497206
 20
93.236651
 30
0.0
  0
SPLINE
  5
55c
100
AcDbEntity
  8
0
 62
7
100
AcDbSpline
 70
8
 71
3
 72
8
 73
4
 74
0
 40
0
 40
0
 40
0
 40
0
 40
1
 40
1
 40
1
 40
1
 10
316.497206
 20
93.236651
 30
0.0
 10
315.672842
 20
93.236651
 30
0.0
 10
314.972634
 20
92.953589
 30
0.0
 10
314.396566
 20
92.387456
 30
0.0
  0
SPLINE
  5
55d
100
AcDbEntity
  8
0
 62
7
100
AcDbSpline
 70
8
 71
3
 72
8
 73
4
 74
0
 40
0
 40
0
 40
0
 40
0
 40
1
 40
1
 40
1
 40
1
 10
314.396566
 20
92.387456
 30
0.0
 10
313.830434
 20
91.821324
 30
0.0
 10
313.547371
 20
91.126083
 30
0.0
 10
313.547371
 20
90.301719
 30
0.0
  0
SPLINE
  5
55e
100
AcDbEntity
  8
0
 62
7
100
AcDbSpline
 70
8
 71
3
 72
8
 73
4
 74
0
 40
0
 40
0
 40
0
 40
0
 40
1
 40
1
 40
1
 40
1
 10
313.547371
 20
90.301719
 30
0.0
 10
313.547371
 20
89.487283
 30
0.0
 10
313.835401
 20
88.797003
 30
0.0
 10
314.411469
 20
88.230870
 30
0.0
  0
SPLINE
  5
55f
100
AcDbEntity
  8
0
 62
7
100
AcDbSpline
 70
8
 71
3
 72
8
 73
4
 74
0
 40
0
 40
0
 40
0
 40
0
 40
1
 40
1
 40
1
 40
1
 10
314.411469
 20
88.230870
 30
0.0
 10
314.745275
 20
87.916920
 30
0.0
 10
315.147006
 20
87.661133
 30
0.0
 10
315.678653
 20
87.479233
 30
0.0
  0
LWPOLYLINE
  5
560
100
AcDbEntity
  8
0
 62
7
100
AcDbPolyline
 90
2
 70
0
 10
317.244618
 20
85.710907
 30
0.0
 10
317.270286
 20
87.469666
 30
0.0
  0
LWPOLYLINE
  5
561
100
AcDbEntity
  8
0
 62
7
100
AcDbPolyline
 90
2
 70
0
 10
315.678653
 20
87.479233
 30
0.0
 10
315.636454
 20
85.720474
 30
0.0
  0
ENDSEC
  0
SECTION
  2
OBJECTS
  0
DICTIONARY
  5
C
330
0
100
AcDbDictionary
  3
ACAD_GROUP
350
D
  3
ACAD_MLINESTYLE
350
17
  0
DICTIONARY
  5
D
330
C
100
AcDbDictionary
  0
DICTIONARY
  5
1A
330
C
100
AcDbDictionary
  0
DICTIONARY
  5
17
330
C
100
AcDbDictionary
  3
STANDARD
350
18
  0
DICTIONARY
  5
19
330
C
100
AcDbDictionary
  0
ENDSEC
  0
EOF
